rider,timestamp,ax,ay,az,deviation,lat,lng,speed_kmh,accuracy,road_tag
anonymous,1777117233834,-0.577,-5.876,-7.136,0.5482,49.107530,16.728989,0.3,2.0,unknown
anonymous,1777117233850,-0.808,-5.735,-7.752,0.1340,49.107530,16.728989,0.3,2.0,unknown
anonymous,1777117233866,-0.136,-5.357,-8.296,0.0666,49.107530,16.728989,0.3,2.0,unknown
anonymous,1777117233883,0.297,-5.114,-8.907,0.4655,49.107530,16.728989,0.3,2.0,unknown
anonymous,1777117233900,0.448,-5.101,-8.330,0.0323,49.107530,16.728989,0.3,2.0,unknown
anonymous,1777117233916,1.367,-5.816,-7.888,0.0854,49.107530,16.728989,0.3,2.0,unknown
anonymous,1777117233934,-0.385,-5.788,-7.188,0.5734,49.107530,16.728989,0.3,2.0,unknown
anonymous,1777117233949,-0.752,-5.628,-8.032,0.0262,49.107530,16.728989,0.3,2.0,unknown
anonymous,1777117233966,0.023,-4.946,-8.632,0.1384,49.107530,16.728989,0.3,2.0,unknown
anonymous,1777117233983,0.479,-4.666,-8.882,0.2343,49.107530,16.728989,0.3,2.0,unknown
anonymous,1777117234000,-0.133,-5.209,-8.314,0.0013,49.107530,16.728989,0.3,2.0,unknown
anonymous,1777117234016,1.292,-5.665,-8.312,0.3320,49.107530,16.728989,0.3,2.0,unknown
anonymous,1777117234034,-0.621,-6.097,-8.062,0.3168,49.107530,16.728989,0.3,2.0,unknown
anonymous,1777117234050,-1.504,-5.614,-7.236,0.5294,49.107530,16.728989,0.3,2.0,unknown
anonymous,1777117234067,-0.303,-5.344,-8.597,0.3175,49.107530,16.728992,0.3,2.0,unknown
anonymous,1777117234083,0.287,-5.167,-8.890,0.4764,49.107530,16.728992,0.3,2.0,unknown
anonymous,1777117234101,0.062,-4.901,-8.393,0.0907,49.107530,16.728992,0.3,2.0,unknown
anonymous,1777117234116,1.120,-5.545,-8.414,0.3284,49.107530,16.728992,0.3,2.0,unknown
anonymous,1777117234134,1.404,-6.154,-7.377,0.1008,49.107530,16.728992,0.3,2.0,unknown
anonymous,1777117234150,-0.897,-5.806,-7.249,0.4791,49.107530,16.728992,0.3,2.0,unknown
anonymous,1777117234167,-0.490,-5.333,-8.783,0.4775,49.107530,16.728992,0.3,2.0,unknown
anonymous,1777117234183,0.240,-5.193,-9.011,0.5932,49.107530,16.728992,0.3,2.0,unknown
anonymous,1777117234201,0.085,-5.143,-8.764,0.3518,49.107530,16.728992,0.3,2.0,unknown
anonymous,1777117234223,0.654,-5.615,-8.355,0.2777,49.107530,16.728992,0.3,2.0,unknown
anonymous,1777117234234,1.845,-5.967,-7.510,0.0422,49.107530,16.728992,0.3,2.0,unknown
anonymous,1777117234249,-0.946,-6.106,-7.465,0.1193,49.107530,16.728992,0.3,2.0,unknown
anonymous,1777117234266,-0.562,-5.233,-8.483,0.1725,49.107530,16.728992,0.3,2.0,unknown
anonymous,1777117234283,-0.309,-5.308,-8.436,0.1618,49.107530,16.728992,0.3,2.0,unknown
anonymous,1777117234300,0.432,-5.043,-9.653,1.0894,49.107530,16.728992,0.3,2.0,unknown
anonymous,1777117234316,0.549,-5.116,-7.977,0.3174,49.107530,16.728992,0.3,2.0,unknown
anonymous,1777117234333,1.423,-5.858,-7.655,0.0667,49.107530,16.728992,0.3,2.0,unknown
anonymous,1777117234349,-0.575,-6.295,-7.589,0.0671,49.107530,16.728992,0.3,2.0,unknown
anonymous,1777117234367,-0.877,-4.926,-7.998,0.3757,49.107530,16.728992,0.3,2.0,unknown
anonymous,1777117234383,-0.083,-5.143,-9.264,0.7864,49.107530,16.728992,0.3,2.0,unknown
anonymous,1777117234400,0.386,-4.686,-9.252,0.5681,49.107530,16.728992,0.3,2.0,unknown
anonymous,1777117234416,-0.060,-5.229,-8.080,0.1854,49.107530,16.728992,0.3,2.0,unknown
anonymous,1777117234434,0.908,-5.729,-8.180,0.2177,49.107530,16.728992,0.3,2.0,unknown
anonymous,1777117234449,-0.049,-6.145,-7.410,0.1837,49.107530,16.728992,0.3,2.0,unknown
anonymous,1777117234467,-0.802,-5.332,-7.922,0.2270,49.107530,16.728992,0.3,2.0,unknown
anonymous,1777117234483,-0.077,-5.288,-9.027,0.6524,49.107530,16.728992,0.3,2.0,unknown
anonymous,1777117234501,0.134,-4.652,-9.156,0.4608,49.107530,16.728992,0.3,2.0,unknown
anonymous,1777117234516,-0.187,-5.006,-8.720,0.2465,49.107530,16.728992,0.3,2.0,unknown
anonymous,1777117234533,0.813,-5.508,-8.435,0.2972,49.107530,16.728992,0.3,2.0,unknown
anonymous,1777117234551,0.216,-6.053,-7.113,0.4680,49.107530,16.728992,0.3,2.0,unknown
anonymous,1777117234567,-0.554,-5.488,-7.808,0.2503,49.107530,16.728992,0.3,2.0,unknown
anonymous,1777117234584,-0.361,-5.494,-8.784,0.5571,49.107530,16.728992,0.3,2.0,unknown
anonymous,1777117234601,0.103,-4.719,-8.784,0.1621,49.107530,16.728992,0.3,2.0,unknown
anonymous,1777117234617,-0.032,-5.256,-8.224,0.0500,49.107530,16.728992,0.3,2.0,unknown
anonymous,1777117234634,0.518,-5.406,-8.428,0.2160,49.107530,16.728992,0.3,2.0,unknown
anonymous,1777117234651,1.224,-5.831,-7.236,0.4366,49.107530,16.728992,0.3,2.0,unknown
anonymous,1777117234667,-0.680,-6.115,-7.818,0.1383,49.107530,16.728992,0.3,2.0,unknown
anonymous,1777117234684,-0.530,-5.285,-8.287,0.0331,49.107530,16.728992,0.3,2.0,unknown
anonymous,1777117234700,0.465,-5.045,-9.090,0.5967,49.107530,16.728992,0.3,2.0,unknown
anonymous,1777117234717,0.280,-5.043,-9.405,0.8655,49.107530,16.728992,0.3,2.0,unknown
anonymous,1777117234734,0.458,-5.064,-8.065,0.2754,49.107530,16.728992,0.3,2.0,unknown
anonymous,1777117234751,1.798,-6.301,-7.395,0.0707,49.107530,16.728992,0.3,2.0,unknown
anonymous,1777117234767,-0.284,-6.253,-7.462,0.0701,49.107530,16.728992,0.3,2.0,unknown
anonymous,1777117234784,-0.725,-5.101,-8.026,0.2729,49.107530,16.728992,0.3,2.0,unknown
anonymous,1777117234801,0.874,-5.184,-9.216,0.8004,49.107530,16.728992,0.3,2.0,unknown
anonymous,1777117234816,0.510,-4.745,-8.950,0.3326,49.107530,16.728992,0.3,2.0,unknown
anonymous,1777117234834,0.030,-5.345,-7.857,0.3078,49.107530,16.728992,0.3,2.0,unknown
anonymous,1777117234850,2.269,-6.195,-7.758,0.3736,49.107530,16.728992,0.3,2.0,unknown
anonymous,1777117234866,0.421,-5.898,-7.302,0.4138,49.107530,16.728992,0.3,2.0,unknown
anonymous,1777117234884,-0.934,-5.493,-8.094,0.0168,49.107530,16.728992,0.3,2.0,unknown
anonymous,1777117234900,0.689,-5.146,-8.932,0.5211,49.107530,16.728992,0.3,2.0,unknown
anonymous,1777117234917,0.618,-4.714,-9.026,0.3921,49.107530,16.728992,0.3,2.0,unknown
anonymous,1777117234934,0.233,-5.527,-7.999,0.0846,49.107530,16.728992,0.3,2.0,unknown
anonymous,1777117234951,2.122,-6.161,-7.401,0.0505,49.107530,16.728992,0.3,2.0,unknown
anonymous,1777117234967,0.667,-6.180,-7.181,0.3119,49.107530,16.728992,0.3,2.0,unknown
anonymous,1777117234984,-1.199,-5.724,-8.271,0.3198,49.107530,16.728992,0.3,2.0,unknown
anonymous,1777117235001,0.257,-5.070,-8.906,0.4414,49.107530,16.728992,0.3,2.0,unknown
anonymous,1777117235017,0.666,-5.062,-9.028,0.5618,49.107530,16.728992,0.3,2.0,unknown
anonymous,1777117235034,-0.268,-5.480,-7.923,0.1726,49.107530,16.728992,0.3,2.0,unknown
anonymous,1777117235051,1.530,-6.053,-7.651,0.0655,49.107530,16.728992,0.3,2.0,unknown
anonymous,1777117235066,1.874,-6.193,-7.453,0.0596,49.107533,16.728990,0.3,2.0,unknown
anonymous,1777117235084,-1.630,-5.269,-7.327,0.6396,49.107533,16.728990,0.3,2.0,unknown
anonymous,1777117235100,0.119,-5.300,-9.092,0.7143,49.107533,16.728990,0.3,2.0,unknown
anonymous,1777117235117,0.520,-5.123,-8.758,0.3500,49.107533,16.728990,0.3,2.0,unknown
anonymous,1777117235134,-0.519,-5.094,-8.244,0.1055,49.107533,16.728990,0.3,2.0,unknown
anonymous,1777117235151,1.081,-5.711,-8.190,0.2325,49.107533,16.728990,0.3,2.0,unknown
anonymous,1777117235167,1.333,-6.109,-7.593,0.0261,49.107533,16.728990,0.3,2.0,unknown
anonymous,1777117235184,-1.253,-5.724,-7.142,0.5720,49.107533,16.728990,0.3,2.0,unknown
anonymous,1777117235200,-0.527,-5.414,-8.706,0.4557,49.107533,16.728990,0.3,2.0,unknown
anonymous,1777117235217,-0.109,-5.226,-8.771,0.4009,49.107533,16.728990,0.3,2.0,unknown
anonymous,1777117235234,-0.369,-5.203,-8.815,0.4323,49.107533,16.728990,0.3,2.0,unknown
anonymous,1777117235251,-0.267,-5.176,-8.216,0.0960,49.107533,16.728990,0.3,2.0,unknown
anonymous,1777117235267,1.183,-5.651,-8.264,0.2711,49.107533,16.728990,0.3,2.0,unknown
anonymous,1777117235284,-0.855,-6.057,-7.852,0.1435,49.107533,16.728990,0.3,2.0,unknown
anonymous,1777117235302,-1.286,-5.741,-7.478,0.2954,49.107533,16.728990,0.3,2.0,unknown
anonymous,1777117235316,-0.478,-5.251,-8.450,0.1504,49.107533,16.728990,0.3,2.0,unknown
anonymous,1777117235334,-0.007,-4.909,-9.599,0.9715,49.107533,16.728990,0.3,2.0,unknown
anonymous,1777117235350,-0.039,-4.870,-8.567,0.0451,49.107533,16.728990,0.3,2.0,unknown
anonymous,1777117235367,0.681,-5.131,-8.681,0.2969,49.107533,16.728990,0.3,2.0,unknown
anonymous,1777117235384,-0.762,-5.977,-7.689,0.0418,49.107533,16.728990,0.3,2.0,unknown
anonymous,1777117235401,-1.167,-5.769,-7.591,0.2046,49.107533,16.728990,0.3,2.0,unknown
anonymous,1777117235417,-0.156,-5.160,-8.543,0.1716,49.107533,16.728990,0.3,2.0,unknown
anonymous,1777117235433,0.054,-4.808,-9.182,0.5550,49.107533,16.728990,0.3,2.0,unknown
anonymous,1777117235451,-0.117,-4.913,-8.632,0.1232,49.107533,16.728990,0.3,2.0,unknown
anonymous,1777117235467,0.473,-5.270,-8.592,0.2812,49.107533,16.728990,0.3,2.0,unknown
anonymous,1777117235484,-0.307,-5.531,-7.634,0.3779,49.107533,16.728990,0.3,2.0,unknown
anonymous,1777117235501,-1.066,-5.549,-7.446,0.4629,49.107533,16.728990,0.3,2.0,unknown
anonymous,1777117235517,-0.158,-5.360,-8.353,0.1161,49.107533,16.728990,0.3,2.0,unknown
anonymous,1777117235534,0.422,-4.730,-8.975,0.3443,49.107533,16.728990,0.3,2.0,unknown
anonymous,1777117235551,0.045,-5.139,-8.890,0.4585,49.107533,16.728990,0.3,2.0,unknown
anonymous,1777117235567,-0.029,-5.176,-7.999,0.2823,49.107533,16.728990,0.3,2.0,unknown
anonymous,1777117235584,0.605,-5.656,-7.860,0.1071,49.107533,16.728990,0.3,2.0,unknown
anonymous,1777117235601,-0.751,-5.989,-7.757,0.0188,49.107533,16.728990,0.3,2.0,unknown
anonymous,1777117235617,-0.813,-5.145,-8.082,0.1944,49.107533,16.728990,0.3,2.0,unknown
anonymous,1777117235634,0.559,-5.112,-9.037,0.5878,49.107533,16.728990,0.3,2.0,unknown
anonymous,1777117235651,0.234,-5.049,-8.993,0.5060,49.107533,16.728990,0.3,2.0,unknown
anonymous,1777117235667,-0.316,-5.155,-7.888,0.3822,49.107533,16.728990,0.3,2.0,unknown
anonymous,1777117235684,1.022,-5.928,-8.189,0.3507,49.107533,16.728990,0.3,2.0,unknown
anonymous,1777117235701,-0.545,-5.741,-7.794,0.1145,49.107533,16.728990,0.3,2.0,unknown
anonymous,1777117235717,-1.122,-5.240,-8.059,0.1320,49.107533,16.728990,0.3,2.0,unknown
anonymous,1777117235734,0.853,-5.048,-8.990,0.5353,49.107533,16.728990,0.3,2.0,unknown
anonymous,1777117235751,0.636,-4.571,-9.143,0.4322,49.107533,16.728990,0.3,2.0,unknown
anonymous,1777117235767,-0.459,-5.407,-8.342,0.1421,49.107533,16.728990,0.3,2.0,unknown
anonymous,1777117235784,1.109,-5.853,-7.772,0.0174,49.107533,16.728990,0.3,2.0,unknown
anonymous,1777117235802,0.712,-5.785,-7.380,0.4056,49.107533,16.728990,0.3,2.0,unknown
anonymous,1777117235816,-0.550,-5.529,-8.459,0.3109,49.107533,16.728990,0.3,2.0,unknown
anonymous,1777117235834,-0.083,-5.123,-8.536,0.1453,49.107533,16.728990,0.3,2.0,unknown
anonymous,1777117235851,0.587,-4.741,-8.759,0.1673,49.107533,16.728990,0.3,2.0,unknown
anonymous,1777117235867,-0.742,-5.267,-8.138,0.0879,49.107533,16.728990,0.3,2.0,unknown
anonymous,1777117235884,0.078,-5.107,-7.865,0.4324,49.107533,16.728990,0.3,2.0,unknown
anonymous,1777117235900,2.204,-5.420,-8.111,0.1917,49.107533,16.728990,0.3,2.0,unknown
anonymous,1777117235917,-1.037,-5.319,-7.402,0.6368,49.107533,16.728990,0.3,2.0,unknown
anonymous,1777117235933,-0.682,-5.141,-8.184,0.1217,49.107533,16.728990,0.3,2.0,unknown
anonymous,1777117235951,-0.202,-5.227,-8.506,0.1753,49.107533,16.728990,0.3,2.0,unknown
anonymous,1777117235967,-0.226,-4.868,-8.404,0.0948,49.107533,16.728990,0.3,2.0,unknown
anonymous,1777117235984,0.076,-4.909,-8.407,0.0745,49.107533,16.728990,0.3,2.0,unknown
anonymous,1777117236001,0.862,-5.656,-8.293,0.2651,49.107533,16.728990,0.3,2.0,unknown
anonymous,1777117236017,-0.584,-5.660,-7.410,0.4672,49.107533,16.728990,0.3,2.0,unknown
anonymous,1777117236034,-0.399,-5.411,-7.794,0.3133,49.107533,16.728990,0.3,2.0,unknown
anonymous,1777117236050,-0.566,-5.369,-8.531,0.2860,49.107533,16.728990,0.3,2.0,unknown
anonymous,1777117236067,-0.455,-5.095,-8.684,0.2689,49.107530,16.728990,0.9,2.0,unknown
anonymous,1777117236084,-0.058,-4.999,-8.437,0.0028,49.107530,16.728990,0.9,2.0,unknown
anonymous,1777117236100,1.284,-4.987,-8.956,0.5205,49.107530,16.728990,0.9,2.0,unknown
anonymous,1777117236117,-0.837,-5.684,-7.949,0.0025,49.107530,16.728990,0.9,2.0,unknown
anonymous,1777117236134,-1.375,-5.788,-7.743,0.0453,49.107530,16.728990,0.9,2.0,unknown
anonymous,1777117236151,-0.735,-5.346,-7.810,0.3166,49.107530,16.728990,0.9,2.0,unknown
anonymous,1777117236167,-0.164,-5.057,-9.123,0.6221,49.107530,16.728990,0.9,2.0,unknown
anonymous,1777117236184,0.029,-4.905,-8.516,0.0179,49.107530,16.728990,0.9,2.0,unknown
anonymous,1777117236201,0.410,-5.088,-8.610,0.1996,49.107530,16.728990,0.9,2.0,unknown
anonymous,1777117236217,-0.917,-5.865,-8.009,0.1591,49.107530,16.728990,0.9,2.0,unknown
anonymous,1777117236234,-1.369,-5.677,-7.817,0.0523,49.107530,16.728990,0.9,2.0,unknown
anonymous,1777117236250,-0.355,-5.355,-8.063,0.1242,49.107530,16.728990,0.9,2.0,unknown
anonymous,1777117236267,-0.418,-5.179,-8.892,0.4888,49.107530,16.728990,0.9,2.0,unknown
anonymous,1777117236284,-0.355,-5.134,-8.353,0.0015,49.107530,16.728990,0.9,2.0,unknown
anonymous,1777117236300,0.828,-5.213,-8.657,0.3292,49.107530,16.728990,0.9,2.0,unknown
anonymous,1777117236316,1.417,-5.502,-8.626,0.5192,49.107530,16.728990,0.9,2.0,unknown
anonymous,1777117236334,-1.167,-5.627,-7.418,0.4267,49.107530,16.728990,0.9,2.0,unknown
anonymous,1777117236351,-0.486,-5.483,-8.000,0.0991,49.107530,16.728990,0.9,2.0,unknown
anonymous,1777117236367,-0.352,-5.438,-8.231,0.0618,49.107530,16.728990,0.9,2.0,unknown
anonymous,1777117236384,-0.091,-5.070,-8.491,0.0798,49.107530,16.728990,0.9,2.0,unknown
anonymous,1777117236401,-0.120,-5.252,-8.136,0.1254,49.107530,16.728990,0.9,2.0,unknown
anonymous,1777117236417,0.104,-5.941,-8.280,0.3818,49.107530,16.728990,0.9,2.0,unknown
anonymous,1777117236434,-1.387,-6.321,-7.198,0.1302,49.107530,16.728990,0.9,2.0,unknown
anonymous,1777117236450,-1.161,-6.624,-7.575,0.3191,49.107530,16.728990,0.9,2.0,unknown
anonymous,1777117236467,-1.122,-6.589,-7.326,0.1070,49.107530,16.728990,0.9,2.0,unknown
anonymous,1777117236484,-1.243,-6.655,-7.531,0.3165,49.107530,16.728990,0.9,2.0,unknown
anonymous,1777117236501,-0.616,-6.247,-7.294,0.1867,49.107530,16.728990,0.9,2.0,unknown
anonymous,1777117236517,0.250,-6.074,-8.240,0.4298,49.107530,16.728990,0.9,2.0,unknown
anonymous,1777117236534,-1.195,-5.748,-8.479,0.5032,49.107530,16.728990,0.9,2.0,unknown
anonymous,1777117236550,-1.684,-5.767,-8.412,0.5273,49.107530,16.728990,0.9,2.0,unknown
anonymous,1777117236567,-1.266,-5.553,-8.109,0.0994,49.107530,16.728990,0.9,2.0,unknown
anonymous,1777117236584,-0.733,-5.344,-9.175,0.8335,49.107530,16.728990,0.9,2.0,unknown
anonymous,1777117236601,-0.155,-5.102,-8.487,0.0940,49.107530,16.728990,0.9,2.0,unknown
anonymous,1777117236617,0.409,-5.345,-8.727,0.4316,49.107530,16.728990,0.9,2.0,unknown
anonymous,1777117236634,-0.551,-6.020,-7.614,0.0883,49.107530,16.728990,0.9,2.0,unknown
anonymous,1777117236651,-0.823,-5.857,-7.253,0.4509,49.107530,16.728990,0.9,2.0,unknown
anonymous,1777117236667,-0.398,-5.687,-7.852,0.1064,49.107530,16.728990,0.9,2.0,unknown
anonymous,1777117236684,0.302,-5.397,-8.720,0.4494,49.107530,16.728990,0.9,2.0,unknown
anonymous,1777117236701,1.001,-5.276,-7.953,0.2136,49.107530,16.728990,0.9,2.0,unknown
anonymous,1777117236716,1.527,-5.752,-7.889,0.0714,49.107530,16.728990,0.9,2.0,unknown
anonymous,1777117236734,1.368,-5.940,-7.572,0.0892,49.107530,16.728990,0.9,2.0,unknown
anonymous,1777117236751,-0.232,-5.610,-8.082,0.0309,49.107530,16.728990,0.9,2.0,unknown
anonymous,1777117236767,0.403,-5.491,-8.728,0.5099,49.107530,16.728990,0.9,2.0,unknown
anonymous,1777117236784,2.716,-5.162,-8.474,0.4779,49.107530,16.728990,0.9,2.0,unknown
anonymous,1777117236801,0.694,-6.217,-7.729,0.1334,49.107530,16.728990,0.9,2.0,unknown
anonymous,1777117236817,0.944,-5.753,-7.558,0.2648,49.107530,16.728990,0.9,2.0,unknown
anonymous,1777117236834,2.684,-5.596,-8.815,0.9708,49.107530,16.728990,0.9,2.0,unknown
anonymous,1777117236851,0.237,-5.328,-7.982,0.2099,49.107530,16.728990,0.9,2.0,unknown
anonymous,1777117236867,0.674,-5.215,-8.492,0.1780,49.107530,16.728990,0.9,2.0,unknown
anonymous,1777117236884,2.350,-5.544,-8.177,0.3447,49.107530,16.728990,0.9,2.0,unknown
anonymous,1777117236901,1.783,-5.532,-7.722,0.1446,49.107530,16.728990,0.9,2.0,unknown
anonymous,1777117236917,1.500,-5.129,-7.941,0.2386,49.107530,16.728990,0.9,2.0,unknown
anonymous,1777117236934,2.782,-5.054,-8.902,0.7980,49.107530,16.728990,0.9,2.0,unknown
anonymous,1777117236950,1.780,-5.000,-8.195,0.0464,49.107530,16.728990,0.9,2.0,unknown
anonymous,1777117236967,1.255,-5.569,-8.422,0.3645,49.107530,16.728990,0.9,2.0,unknown
anonymous,1777117236984,1.265,-5.341,-7.866,0.2184,49.107530,16.728990,0.9,2.0,unknown
anonymous,1777117237000,2.040,-5.066,-8.138,0.0093,49.107530,16.728990,0.9,2.0,unknown
anonymous,1777117237017,1.255,-5.135,-8.115,0.1250,49.107530,16.728990,0.9,2.0,unknown
anonymous,1777117237034,3.474,-5.177,-8.598,0.8102,49.107530,16.728990,0.9,2.0,unknown
anonymous,1777117237051,2.603,-5.251,-7.761,0.0844,49.107530,16.728990,0.9,2.0,unknown
anonymous,1777117237067,0.416,-5.569,-8.226,0.1327,49.107533,16.728993,0.2,2.0,unknown
anonymous,1777117237084,0.883,-5.009,-8.208,0.1541,49.107533,16.728993,0.2,2.0,unknown
anonymous,1777117237101,1.919,-4.966,-8.707,0.3954,49.107533,16.728993,0.2,2.0,unknown
anonymous,1777117237117,1.357,-5.275,-8.211,0.0428,49.107533,16.728993,0.2,2.0,unknown
anonymous,1777117237134,1.845,-5.146,-8.317,0.1426,49.107533,16.728993,0.2,2.0,unknown
anonymous,1777117237151,3.254,-5.231,-8.920,1.0308,49.107533,16.728993,0.2,2.0,unknown
anonymous,1777117237167,-0.723,-5.337,-7.796,0.3342,49.107533,16.728993,0.2,2.0,unknown
anonymous,1777117237184,0.501,-5.397,-8.472,0.2475,49.107533,16.728993,0.2,2.0,unknown
anonymous,1777117237200,1.160,-5.282,-8.574,0.3266,49.107533,16.728993,0.2,2.0,unknown
anonymous,1777117237217,1.549,-5.486,-8.030,0.0376,49.107533,16.728993,0.2,2.0,unknown
anonymous,1777117237234,1.188,-5.539,-8.039,0.0249,49.107533,16.728993,0.2,2.0,unknown
anonymous,1777117237251,1.785,-5.639,-8.123,0.2385,49.107533,16.728993,0.2,2.0,unknown
anonymous,1777117237267,-0.114,-5.395,-7.746,0.3694,49.107533,16.728993,0.2,2.0,unknown
anonymous,1777117237284,0.113,-5.490,-8.257,0.1063,49.107533,16.728993,0.2,2.0,unknown
anonymous,1777117237301,0.885,-5.255,-8.229,0.0065,49.107533,16.728993,0.2,2.0,unknown
anonymous,1777117237317,1.290,-5.589,-7.878,0.0651,49.107533,16.728993,0.2,2.0,unknown
anonymous,1777117237334,0.878,-5.472,-7.610,0.3962,49.107533,16.728993,0.2,2.0,unknown
anonymous,1777117237351,1.640,-5.386,-8.283,0.2052,49.107533,16.728993,0.2,2.0,unknown
anonymous,1777117237367,0.098,-5.487,-8.016,0.0954,49.107533,16.728993,0.2,2.0,unknown
anonymous,1777117237384,0.444,-4.859,-8.155,0.3073,49.107533,16.728993,0.2,2.0,unknown
anonymous,1777117237401,1.790,-4.257,-8.117,0.4714,49.107533,16.728993,0.2,2.0,unknown
anonymous,1777117237417,1.525,-5.043,-7.760,0.4307,49.107533,16.728993,0.2,2.0,unknown
anonymous,1777117237434,-1.114,-6.129,-8.595,0.8057,49.107533,16.728993,0.2,2.0,unknown
anonymous,1777117237450,-0.751,-6.390,-7.337,0.0513,49.107533,16.728993,0.2,2.0,unknown
anonymous,1777117237467,1.723,-5.873,-9.502,1.4928,49.107533,16.728993,0.2,2.0,unknown
anonymous,1777117237486,3.059,-5.191,-7.364,0.2952,49.107533,16.728993,0.2,2.0,unknown
anonymous,1777117237501,1.628,-5.618,-7.649,0.1809,49.107533,16.728993,0.2,2.0,unknown
anonymous,1777117237517,-0.648,-5.973,-7.845,0.0716,49.107533,16.728993,0.2,2.0,unknown
anonymous,1777117237534,-1.233,-5.243,-7.220,0.8023,49.107533,16.728993,0.2,2.0,unknown
anonymous,1777117237550,0.197,-5.456,-8.554,0.3375,49.107533,16.728993,0.2,2.0,unknown
anonymous,1777117237567,3.028,-5.248,-7.651,0.0506,49.107533,16.728993,0.2,2.0,unknown
anonymous,1777117237584,1.313,-5.931,-8.108,0.3207,49.107533,16.728993,0.2,2.0,unknown
anonymous,1777117237601,0.447,-5.874,-8.382,0.4348,49.107533,16.728993,0.2,2.0,unknown
anonymous,1777117237617,-0.542,-5.359,-8.121,0.0653,49.107533,16.728993,0.2,2.0,unknown
anonymous,1777117237634,0.110,-5.174,-8.583,0.2125,49.107533,16.728993,0.2,2.0,unknown
anonymous,1777117237651,1.265,-4.954,-8.897,0.4519,49.107533,16.728993,0.2,2.0,unknown
anonymous,1777117237667,2.369,-5.413,-7.845,0.0109,49.107533,16.728993,0.2,2.0,unknown
anonymous,1777117237684,-0.053,-5.997,-7.607,0.1226,49.107533,16.728993,0.2,2.0,unknown
anonymous,1777117237700,0.060,-5.752,-8.217,0.2207,49.107533,16.728993,0.2,2.0,unknown
anonymous,1777117237716,1.101,-5.227,-8.813,0.4949,49.107533,16.728993,0.2,2.0,unknown
anonymous,1777117237734,1.164,-5.393,-8.454,0.2847,49.107533,16.728993,0.2,2.0,unknown
anonymous,1777117237751,0.344,-5.461,-8.220,0.0649,49.107533,16.728993,0.2,2.0,unknown
anonymous,1777117237767,1.801,-5.455,-8.087,0.1095,49.107533,16.728993,0.2,2.0,unknown
anonymous,1777117237784,1.049,-5.736,-7.879,0.0081,49.107533,16.728993,0.2,2.0,unknown
anonymous,1777117237801,0.198,-5.126,-7.996,0.3101,49.107533,16.728993,0.2,2.0,unknown
anonymous,1777117237817,0.643,-5.296,-8.305,0.0613,49.107533,16.728993,0.2,2.0,unknown
anonymous,1777117237834,0.157,-5.579,-8.538,0.3905,49.107533,16.728993,0.2,2.0,unknown
anonymous,1777117237851,0.573,-5.355,-7.810,0.3233,49.107533,16.728993,0.2,2.0,unknown
anonymous,1777117237866,2.365,-5.684,-7.335,0.2336,49.107533,16.728993,0.2,2.0,unknown
anonymous,1777117237884,0.933,-5.549,-7.545,0.3973,49.107533,16.728993,0.2,2.0,unknown
anonymous,1777117237900,-0.549,-5.293,-8.154,0.0734,49.107533,16.728993,0.2,2.0,unknown
anonymous,1777117237917,0.481,-5.064,-8.799,0.3534,49.107533,16.728993,0.2,2.0,unknown
anonymous,1777117237934,0.882,-4.701,-9.169,0.5313,49.107533,16.728993,0.2,2.0,unknown
anonymous,1777117237950,0.099,-5.447,-8.040,0.0981,49.107533,16.728993,0.2,2.0,unknown
anonymous,1777117237968,2.014,-5.860,-7.808,0.1576,49.107533,16.728993,0.2,2.0,unknown
anonymous,1777117237984,1.890,-5.734,-7.819,0.0690,49.107533,16.728993,0.2,2.0,unknown
anonymous,1777117238001,-0.756,-5.435,-8.482,0.2924,49.107533,16.728993,0.2,2.0,unknown
anonymous,1777117238017,-0.117,-5.048,-8.689,0.2395,49.107533,16.728993,0.2,2.0,unknown
anonymous,1777117238034,0.109,-5.082,-8.421,0.0263,49.107533,16.728993,0.2,2.0,unknown
anonymous,1777117238050,0.275,-5.619,-7.823,0.1741,49.107533,16.728993,0.2,2.0,unknown
anonymous,1777117238067,2.414,-6.036,-7.778,0.3271,49.107532,16.728991,0.4,2.0,unknown
anonymous,1777117238084,2.025,-6.191,-7.399,0.0472,49.107532,16.728991,0.4,2.0,unknown
anonymous,1777117238101,-1.412,-6.057,-8.005,0.3267,49.107532,16.728991,0.4,2.0,unknown
anonymous,1777117238117,-0.118,-5.679,-8.519,0.4292,49.107532,16.728991,0.4,2.0,unknown
anonymous,1777117238134,0.690,-5.622,-9.080,0.8923,49.107532,16.728991,0.4,2.0,unknown
anonymous,1777117238151,1.067,-5.951,-7.591,0.1059,49.107532,16.728991,0.4,2.0,unknown
anonymous,1777117238167,1.148,-5.931,-6.937,0.6110,49.107532,16.728991,0.4,2.0,unknown
anonymous,1777117238184,1.532,-6.006,-7.633,0.0225,49.107532,16.728991,0.4,2.0,unknown
anonymous,1777117238201,0.398,-5.089,-8.401,0.0202,49.107532,16.728991,0.4,2.0,unknown
anonymous,1777117238217,0.238,-5.066,-8.757,0.3101,49.107532,16.728991,0.4,2.0,unknown
anonymous,1777117238234,0.327,-5.169,-8.311,0.0175,49.107532,16.728991,0.4,2.0,unknown
anonymous,1777117238250,0.793,-5.450,-8.048,0.0584,49.107532,16.728991,0.4,2.0,unknown
anonymous,1777117238267,0.800,-5.252,-7.534,0.5918,49.107532,16.728991,0.4,2.0,unknown
anonymous,1777117238284,2.296,-4.863,-8.658,0.3825,49.107532,16.728991,0.4,2.0,unknown
anonymous,1777117238300,-0.709,-5.117,-8.569,0.1957,49.107532,16.728991,0.4,2.0,unknown
anonymous,1777117238319,-1.476,-5.301,-7.984,0.1137,49.107532,16.728991,0.4,2.0,unknown
anonymous,1777117238333,0.092,-5.181,-8.125,0.1729,49.107532,16.728991,0.4,2.0,unknown
anonymous,1777117238350,1.205,-4.917,-8.786,0.3300,49.107532,16.728991,0.4,2.0,unknown
anonymous,1777117238367,1.034,-5.208,-7.903,0.2894,49.107532,16.728991,0.4,2.0,unknown
anonymous,1777117238384,1.283,-5.688,-7.931,0.0340,49.107532,16.728991,0.4,2.0,unknown
anonymous,1777117238400,0.382,-5.698,-8.025,0.0399,49.107532,16.728991,0.4,2.0,unknown
anonymous,1777117238417,-0.208,-5.273,-7.981,0.2425,49.107532,16.728991,0.4,2.0,unknown
anonymous,1777117238433,0.504,-5.197,-8.669,0.3103,49.107532,16.728991,0.4,2.0,unknown
anonymous,1777117238451,0.863,-5.283,-7.906,0.2627,49.107532,16.728991,0.4,2.0,unknown
anonymous,1777117238467,0.834,-5.700,-7.812,0.1033,49.107532,16.728991,0.4,2.0,unknown
anonymous,1777117238484,1.822,-5.648,-7.985,0.1386,49.107532,16.728991,0.4,2.0,unknown
anonymous,1777117238501,1.687,-5.131,-8.044,0.1213,49.107532,16.728991,0.4,2.0,unknown
anonymous,1777117238517,-0.280,-5.522,-8.350,0.2046,49.107532,16.728991,0.4,2.0,unknown
anonymous,1777117238534,-0.325,-5.532,-8.063,0.0262,49.107532,16.728991,0.4,2.0,unknown
anonymous,1777117238551,1.522,-5.379,-8.463,0.3327,49.107532,16.728991,0.4,2.0,unknown
anonymous,1777117238567,2.587,-5.567,-7.728,0.0599,49.107532,16.728991,0.4,2.0,unknown
anonymous,1777117238584,0.590,-5.454,-7.264,0.7069,49.107532,16.728991,0.4,2.0,unknown
anonymous,1777117238601,1.452,-5.456,-7.795,0.1851,49.107532,16.728991,0.4,2.0,unknown
anonymous,1777117238617,0.107,-5.764,-7.656,0.2262,49.107532,16.728991,0.4,2.0,unknown
anonymous,1777117238634,0.029,-5.363,-7.480,0.6059,49.107532,16.728991,0.4,2.0,unknown
anonymous,1777117238650,0.863,-5.475,-7.818,0.2268,49.107532,16.728991,0.4,2.0,unknown
anonymous,1777117238667,-0.206,-5.624,-7.797,0.1942,49.107532,16.728991,0.4,2.0,unknown
anonymous,1777117238684,-0.461,-5.553,-7.474,0.4876,49.107532,16.728991,0.4,2.0,unknown
anonymous,1777117238701,1.127,-6.126,-8.562,0.7785,49.107532,16.728991,0.4,2.0,unknown
anonymous,1777117238717,0.885,-6.129,-7.926,0.2480,49.107532,16.728991,0.4,2.0,unknown
anonymous,1777117238734,-1.422,-6.330,-8.359,0.7716,49.107532,16.728991,0.4,2.0,unknown
anonymous,1777117238751,-0.809,-6.280,-8.580,0.8536,49.107532,16.728991,0.4,2.0,unknown
anonymous,1777117238767,-0.122,-5.710,-8.864,0.7347,49.107532,16.728991,0.4,2.0,unknown
anonymous,1777117238784,0.041,-5.894,-8.825,0.8021,49.107532,16.728991,0.4,2.0,unknown
anonymous,1777117238801,-0.404,-5.740,-8.805,0.7083,49.107532,16.728991,0.4,2.0,unknown
anonymous,1777117238817,-0.115,-5.918,-8.541,0.5814,49.107532,16.728991,0.4,2.0,unknown
anonymous,1777117238834,-2.312,-6.132,-7.745,0.3357,49.107532,16.728991,0.4,2.0,unknown
anonymous,1777117238851,-1.960,-5.903,-7.842,0.1994,49.107532,16.728991,0.4,2.0,unknown
anonymous,1777117238867,-0.855,-5.365,-8.300,0.1104,49.107532,16.728991,0.4,2.0,unknown
anonymous,1777117238884,-0.467,-5.278,-8.786,0.4500,49.107532,16.728991,0.4,2.0,unknown
anonymous,1777117238901,-0.954,-4.864,-8.516,0.0436,49.107532,16.728991,0.4,2.0,unknown
anonymous,1777117238917,-0.415,-5.395,-8.723,0.4552,49.107532,16.728991,0.4,2.0,unknown
anonymous,1777117238934,-2.508,-5.431,-8.095,0.2556,49.107532,16.728991,0.4,2.0,unknown
anonymous,1777117238950,-2.544,-5.354,-7.647,0.1346,49.107532,16.728991,0.4,2.0,unknown
anonymous,1777117238967,-0.448,-4.818,-8.387,0.1269,49.107532,16.728991,0.4,2.0,unknown
anonymous,1777117238984,-0.126,-4.684,-9.230,0.5409,49.107532,16.728991,0.4,2.0,unknown
anonymous,1777117239001,-1.280,-4.706,-8.162,0.3021,49.107532,16.728991,0.4,2.0,unknown
anonymous,1777117239017,-0.606,-4.968,-8.227,0.1805,49.107532,16.728991,0.4,2.0,unknown
anonymous,1777117239034,-1.198,-5.189,-8.211,0.0232,49.107532,16.728991,0.4,2.0,unknown
anonymous,1777117239050,-1.555,-4.948,-7.677,0.5451,49.107532,16.728991,0.4,2.0,unknown
anonymous,1777117239067,-0.059,-4.805,-7.699,0.7345,49.107533,16.728993,0.4,2.0,unknown
anonymous,1777117239084,-0.377,-4.784,-7.829,0.6273,49.107533,16.728993,0.4,2.0,unknown
anonymous,1777117239101,-0.295,-4.590,-7.299,1.1826,49.107533,16.728993,0.4,2.0,unknown
anonymous,1777117239117,0.845,-5.084,-8.121,0.1918,49.107533,16.728993,0.4,2.0,unknown
anonymous,1777117239134,0.136,-5.101,-7.975,0.3423,49.107533,16.728993,0.4,2.0,unknown
anonymous,1777117239151,-1.568,-5.219,-7.447,0.5820,49.107533,16.728993,0.4,2.0,unknown
anonymous,1777117239167,-0.878,-5.251,-7.787,0.3767,49.107533,16.728993,0.4,2.0,unknown
anonymous,1777117239183,-0.706,-4.848,-8.143,0.3068,49.107533,16.728993,0.4,2.0,unknown
anonymous,1777117239201,-0.260,-5.095,-8.349,0.0259,49.107533,16.728993,0.4,2.0,unknown
anonymous,1777117239217,0.249,-5.544,-8.639,0.4577,49.107533,16.728993,0.4,2.0,unknown
anonymous,1777117239234,-0.587,-6.603,-8.074,0.6366,49.107533,16.728993,0.4,2.0,unknown
anonymous,1777117239250,-1.967,-7.187,-7.573,0.8141,49.107533,16.728993,0.4,2.0,unknown
anonymous,1777117239267,-2.228,-6.818,-8.881,1.6059,49.107533,16.728993,0.4,2.0,unknown
anonymous,1777117239284,-0.722,-6.251,-9.554,1.6295,49.107533,16.728993,0.4,2.0,unknown
anonymous,1777117239301,-0.248,-6.130,-9.602,1.5846,49.107533,16.728993,0.4,2.0,unknown
anonymous,1777117239317,-1.267,-5.847,-8.058,0.2264,49.107533,16.728993,0.4,2.0,unknown
anonymous,1777117239334,-0.139,-5.905,-7.593,0.1905,49.107533,16.728993,0.4,2.0,unknown
anonymous,1777117239350,-1.460,-5.980,-7.792,0.1198,49.107533,16.728993,0.4,2.0,unknown
anonymous,1777117239367,-1.722,-5.442,-7.763,0.1742,49.107533,16.728993,0.4,2.0,unknown
anonymous,1777117239384,0.335,-5.201,-8.997,0.5881,49.107533,16.728993,0.4,2.0,unknown
anonymous,1777117239401,0.325,-5.177,-9.451,0.9709,49.107533,16.728993,0.4,2.0,unknown
anonymous,1777117239417,-0.914,-5.233,-8.072,0.1470,49.107533,16.728993,0.4,2.0,unknown
anonymous,1777117239434,0.384,-5.911,-7.876,0.0445,49.107533,16.728993,0.4,2.0,unknown
anonymous,1777117239451,-0.468,-6.178,-7.729,0.0962,49.107533,16.728993,0.4,2.0,unknown
anonymous,1777117239466,-1.069,-5.290,-7.636,0.4589,49.107533,16.728993,0.4,2.0,unknown
anonymous,1777117239484,0.186,-5.100,-8.481,0.0885,49.107533,16.728993,0.4,2.0,unknown
anonymous,1777117239503,-0.644,-5.233,-7.984,0.2424,49.107533,16.728993,0.4,2.0,unknown
anonymous,1777117239517,-0.489,-4.900,-7.431,0.8956,49.107533,16.728993,0.4,2.0,unknown
anonymous,1777117239534,0.431,-5.193,-7.932,0.3195,49.107533,16.728993,0.4,2.0,unknown
anonymous,1777117239550,1.010,-5.259,-7.235,0.8087,49.107533,16.728993,0.4,2.0,unknown
anonymous,1777117239567,-0.959,-5.193,-7.632,0.5295,49.107533,16.728993,0.4,2.0,unknown
anonymous,1777117239584,-0.505,-5.228,-8.463,0.1504,49.107533,16.728993,0.4,2.0,unknown
anonymous,1777117239600,0.617,-4.651,-8.906,0.2566,49.107533,16.728993,0.4,2.0,unknown
anonymous,1777117239617,0.474,-5.122,-8.290,0.0533,49.107533,16.728993,0.4,2.0,unknown
anonymous,1777117239634,1.012,-5.507,-7.952,0.0847,49.107533,16.728993,0.4,2.0,unknown
anonymous,1777117239650,0.861,-6.384,-7.389,0.0072,49.107533,16.728993,0.4,2.0,unknown
anonymous,1777117239667,-1.328,-5.945,-7.765,0.0592,49.107533,16.728993,0.4,2.0,unknown
anonymous,1777117239684,-0.704,-5.741,-8.676,0.6172,49.107533,16.728993,0.4,2.0,unknown
anonymous,1777117239700,-0.145,-5.171,-8.929,0.5093,49.107533,16.728993,0.4,2.0,unknown
anonymous,1777117239717,-1.122,-5.794,-8.018,0.1456,49.107533,16.728993,0.4,2.0,unknown
anonymous,1777117239734,-0.564,-5.618,-7.595,0.3463,49.107533,16.728993,0.4,2.0,unknown
anonymous,1777117239750,0.315,-5.885,-7.997,0.1243,49.107533,16.728993,0.4,2.0,unknown
anonymous,1777117239767,-2.731,-5.648,-7.198,0.2617,49.107533,16.728993,0.4,2.0,unknown
anonymous,1777117239784,-1.507,-5.050,-8.075,0.1679,49.107533,16.728993,0.4,2.0,unknown
anonymous,1777117239800,-1.478,-4.689,-9.388,0.7878,49.107533,16.728993,0.4,2.0,unknown
anonymous,1777117239817,-1.211,-4.613,-8.687,0.0999,49.107533,16.728993,0.4,2.0,unknown
anonymous,1777117239834,1.396,-4.053,-9.713,0.8071,49.107533,16.728993,0.4,2.0,unknown
anonymous,1777117239850,0.006,-5.110,-8.000,0.3173,49.107533,16.728993,0.4,2.0,unknown
anonymous,1777117239867,-1.548,-5.401,-8.142,0.0824,49.107533,16.728993,0.4,2.0,unknown
anonymous,1777117239884,0.520,-6.081,-7.845,0.1293,49.107533,16.728993,0.4,2.0,unknown
anonymous,1777117239901,0.287,-5.173,-7.990,0.2871,49.107533,16.728993,0.4,2.0,unknown
anonymous,1777117239917,-0.151,-5.614,-8.957,0.7622,49.107533,16.728993,0.4,2.0,unknown
anonymous,1777117239934,-0.087,-5.355,-8.895,0.5729,49.107533,16.728993,0.4,2.0,unknown
anonymous,1777117239950,-1.018,-5.879,-7.801,0.0108,49.107533,16.728993,0.4,2.0,unknown
anonymous,1777117239967,-0.996,-6.102,-7.030,0.4478,49.107533,16.728993,0.4,2.0,unknown
anonymous,1777117239984,-0.329,-6.140,-7.471,0.1344,49.107533,16.728993,0.4,2.0,unknown
anonymous,1777117240001,-0.269,-5.686,-8.569,0.4771,49.107533,16.728993,0.4,2.0,unknown
anonymous,1777117240017,-0.515,-5.319,-8.176,0.0423,49.107533,16.728993,0.4,2.0,unknown
anonymous,1777117240034,-0.684,-5.703,-7.713,0.1930,49.107533,16.728993,0.4,2.0,unknown
anonymous,1777117240050,0.011,-6.017,-7.682,0.0522,49.107533,16.728993,0.4,2.0,unknown
anonymous,1777117240067,0.610,-5.725,-7.531,0.3305,49.107534,16.728991,0.4,2.0,unknown
anonymous,1777117240084,0.151,-5.798,-7.898,0.0115,49.107534,16.728991,0.4,2.0,unknown
anonymous,1777117240100,-0.422,-5.606,-7.964,0.0617,49.107534,16.728991,0.4,2.0,unknown
anonymous,1777117240117,-0.188,-5.502,-7.962,0.1301,49.107534,16.728991,0.4,2.0,unknown
anonymous,1777117240134,0.712,-5.798,-8.144,0.2125,49.107534,16.728991,0.4,2.0,unknown
anonymous,1777117240150,-0.028,-5.771,-7.895,0.0309,49.107534,16.728991,0.4,2.0,unknown
anonymous,1777117240167,-0.204,-5.885,-8.149,0.2435,49.107534,16.728991,0.4,2.0,unknown
anonymous,1777117240184,-0.778,-5.625,-8.207,0.1696,49.107534,16.728991,0.4,2.0,unknown
anonymous,1777117240200,-0.281,-5.450,-8.178,0.0215,49.107534,16.728991,0.4,2.0,unknown
anonymous,1777117240217,0.856,-5.595,-8.452,0.3626,49.107534,16.728991,0.4,2.0,unknown
anonymous,1777117240234,-0.631,-5.635,-7.870,0.1104,49.107534,16.728991,0.4,2.0,unknown
anonymous,1777117240250,-0.198,-5.664,-8.107,0.0818,49.107534,16.728991,0.4,2.0,unknown
anonymous,1777117240267,-0.566,-5.725,-8.449,0.4118,49.107534,16.728991,0.4,2.0,unknown
anonymous,1777117240284,-1.128,-5.566,-7.784,0.1748,49.107534,16.728991,0.4,2.0,unknown
anonymous,1777117240300,0.728,-5.571,-8.316,0.2255,49.107534,16.728991,0.4,2.0,unknown
anonymous,1777117240317,-0.370,-6.039,-8.245,0.4167,49.107534,16.728991,0.4,2.0,unknown
anonymous,1777117240335,-0.391,-5.574,-7.612,0.3675,49.107534,16.728991,0.4,2.0,unknown
anonymous,1777117240350,-0.367,-6.404,-8.142,0.5552,49.107534,16.728991,0.4,2.0,unknown
anonymous,1777117240367,-1.719,-5.896,-7.173,0.3675,49.107534,16.728991,0.4,2.0,unknown
anonymous,1777117240384,0.257,-6.013,-8.498,0.6030,49.107534,16.728991,0.4,2.0,unknown
anonymous,1777117240401,-1.699,-6.363,-7.472,0.1501,49.107534,16.728991,0.4,2.0,unknown
anonymous,1777117240417,-0.171,-5.872,-7.563,0.2332,49.107534,16.728991,0.4,2.0,unknown
anonymous,1777117240434,-0.826,-6.627,-7.418,0.1713,49.107534,16.728991,0.4,2.0,unknown
anonymous,1777117240451,-1.362,-5.857,-7.161,0.4597,49.107534,16.728991,0.4,2.0,unknown
anonymous,1777117240467,-0.054,-6.152,-8.496,0.6796,49.107534,16.728991,0.4,2.0,unknown
anonymous,1777117240484,-0.624,-5.741,-7.343,0.4682,49.107534,16.728991,0.4,2.0,unknown
anonymous,1777117240501,-0.732,-5.911,-7.706,0.0707,49.107534,16.728991,0.4,2.0,unknown
anonymous,1777117240517,-0.978,-6.073,-7.114,0.4056,49.107534,16.728991,0.4,2.0,unknown
anonymous,1777117240534,-0.414,-6.498,-8.493,0.8912,49.107534,16.728991,0.4,2.0,unknown
anonymous,1777117240551,-0.812,-6.601,-7.752,0.4039,49.107534,16.728991,0.4,2.0,unknown
anonymous,1777117240567,-0.317,-5.811,-7.686,0.1692,49.107534,16.728991,0.4,2.0,unknown
anonymous,1777117240584,-0.584,-6.030,-6.965,0.5789,49.107534,16.728991,0.4,2.0,unknown
anonymous,1777117240601,-0.490,-6.343,-7.080,0.2919,49.107534,16.728991,0.4,2.0,unknown
anonymous,1777117240617,-0.838,-6.657,-7.797,0.4769,49.107534,16.728991,0.4,2.0,unknown
anonymous,1777117240634,-0.059,-5.834,-8.268,0.3093,49.107534,16.728991,0.4,2.0,unknown
anonymous,1777117240651,-1.058,-6.730,-7.916,0.6342,49.107534,16.728991,0.4,2.0,unknown
anonymous,1777117240667,-0.952,-6.423,-7.653,0.2266,49.107534,16.728991,0.4,2.0,unknown
anonymous,1777117240684,-0.690,-6.724,-7.415,0.2239,49.107534,16.728991,0.4,2.0,unknown
anonymous,1777117240700,-0.537,-6.238,-6.712,0.6309,49.107534,16.728991,0.4,2.0,unknown
anonymous,1777117240717,-1.394,-6.708,-7.588,0.4134,49.107534,16.728991,0.4,2.0,unknown
anonymous,1777117240734,-0.380,-6.392,-8.432,0.7776,49.107534,16.728991,0.4,2.0,unknown
anonymous,1777117240750,-0.507,-6.740,-7.481,0.2725,49.107534,16.728991,0.4,2.0,unknown
anonymous,1777117240767,-0.290,-6.313,-6.489,0.7522,49.107534,16.728991,0.4,2.0,unknown
anonymous,1777117240784,-1.344,-6.830,-7.486,0.4127,49.107534,16.728991,0.4,2.0,unknown
anonymous,1777117240801,-0.250,-5.992,-7.594,0.1339,49.107534,16.728991,0.4,2.0,unknown
anonymous,1777117240817,-0.724,-6.462,-7.442,0.0725,49.107534,16.728991,0.4,2.0,unknown
anonymous,1777117240833,-0.484,-6.714,-6.585,0.3929,49.107534,16.728991,0.4,2.0,unknown
anonymous,1777117240850,-0.912,-7.633,-7.043,0.6156,49.107534,16.728991,0.4,2.0,unknown
anonymous,1777117240867,0.340,-5.941,-7.841,0.0335,49.107534,16.728991,0.4,2.0,unknown
anonymous,1777117240884,-0.949,-6.703,-7.396,0.2166,49.107534,16.728991,0.4,2.0,unknown
anonymous,1777117240901,-1.376,-6.964,-6.242,0.3575,49.107534,16.728991,0.4,2.0,unknown
anonymous,1777117240917,-0.349,-7.424,-7.676,0.8741,49.107534,16.728991,0.4,2.0,unknown
anonymous,1777117240934,0.056,-5.565,-7.240,0.6785,49.107534,16.728991,0.4,2.0,unknown
anonymous,1777117240951,0.376,-6.207,-8.177,0.4627,49.107534,16.728991,0.4,2.0,unknown
anonymous,1777117240967,-1.920,-7.022,-6.734,0.1070,49.107534,16.728991,0.4,2.0,unknown
anonymous,1777117240984,0.271,-6.784,-6.621,0.3261,49.107534,16.728991,0.4,2.0,unknown
anonymous,1777117241001,-1.659,-7.365,-5.176,0.6560,49.107534,16.728991,0.4,2.0,unknown
anonymous,1777117241017,1.011,-6.363,-8.485,0.8438,49.107534,16.728991,0.4,2.0,unknown
anonymous,1777117241034,0.150,-6.163,-9.818,1.7830,49.107534,16.728991,0.4,2.0,unknown
anonymous,1777117241050,-1.514,-6.712,-6.642,0.2462,49.107534,16.728991,0.4,2.0,unknown
anonymous,1777117241067,-0.832,-8.103,-6.388,0.5415,49.107533,16.728991,0.9,2.0,unknown
anonymous,1777117241083,-1.748,-7.157,-6.343,0.0887,49.107533,16.728991,0.9,2.0,unknown
anonymous,1777117241100,1.879,-6.781,-7.998,0.8426,49.107533,16.728991,0.9,2.0,unknown
anonymous,1777117241117,-2.738,-6.898,-5.134,0.7858,49.107533,16.728991,0.9,2.0,unknown
anonymous,1777117241134,-0.740,-6.014,-7.184,0.4121,49.107533,16.728991,0.9,2.0,unknown
anonymous,1777117241150,-0.518,-6.881,-9.169,1.6658,49.107533,16.728991,0.9,2.0,unknown
anonymous,1777117241167,-0.122,-6.162,-6.785,0.6436,49.107533,16.728991,0.9,2.0,unknown
anonymous,1777117241184,3.012,-7.305,-7.532,1.1060,49.107533,16.728991,0.9,2.0,unknown
anonymous,1777117241200,-2.084,-8.095,-5.367,0.1234,49.107533,16.728991,0.9,2.0,unknown
anonymous,1777117241217,0.881,-6.470,-7.195,0.0934,49.107533,16.728991,0.9,2.0,unknown
anonymous,1777117241235,-1.795,-7.298,-9.490,2.2955,49.107533,16.728991,0.9,2.0,unknown
anonymous,1777117241250,1.053,-6.525,-9.531,1.7888,49.107533,16.728991,0.9,2.0,unknown
anonymous,1777117241267,-3.342,-9.598,-1.748,0.5022,49.107533,16.728991,0.9,2.0,unknown
anonymous,1777117241284,-2.941,-9.502,-4.000,0.9111,49.107533,16.728991,0.9,2.0,unknown
anonymous,1777117241301,0.577,-5.727,-6.493,1.1335,49.107533,16.728991,0.9,2.0,unknown
anonymous,1777117241317,-2.408,-7.018,-5.159,0.7730,49.107533,16.728991,0.9,2.0,unknown
anonymous,1777117241334,1.856,-6.516,-9.456,1.8224,49.107533,16.728991,0.9,2.0,unknown
anonymous,1777117241350,-3.998,-8.640,-4.139,0.5713,49.107533,16.728991,0.9,2.0,unknown
anonymous,1777117241367,2.478,-6.501,-8.960,1.5335,49.107533,16.728991,0.9,2.0,unknown
anonymous,1777117241384,0.053,-6.701,-6.825,0.2452,49.107533,16.728991,0.9,2.0,unknown
anonymous,1777117241400,-1.463,-7.746,-7.756,1.2490,49.107533,16.728991,0.9,2.0,unknown
anonymous,1777117241417,0.276,-7.712,-5.599,0.2755,49.107533,16.728991,0.9,2.0,unknown
anonymous,1777117241434,-3.711,-8.513,-5.679,1.0752,49.107533,16.728991,0.9,2.0,unknown
anonymous,1777117241450,3.887,-5.977,-9.348,1.9465,49.107533,16.728991,0.9,2.0,unknown
anonymous,1777117241467,-1.636,-8.443,-8.060,1.9763,49.107533,16.728991,0.9,2.0,unknown
anonymous,1777117241484,-1.109,-9.142,-5.366,0.8481,49.107533,16.728991,0.9,2.0,unknown
anonymous,1777117241500,1.569,-6.920,-7.243,0.3294,49.107533,16.728991,0.9,2.0,unknown
anonymous,1777117241517,-1.531,-8.009,-5.109,0.1879,49.107533,16.728991,0.9,2.0,unknown
anonymous,1777117241534,1.322,-6.722,-9.646,2.0211,49.107533,16.728991,0.9,2.0,unknown
anonymous,1777117241550,-1.202,-8.912,-4.493,0.2421,49.107533,16.728991,0.9,2.0,unknown
anonymous,1777117241567,2.887,-6.213,-5.727,0.8806,49.107533,16.728991,0.9,2.0,unknown
anonymous,1777117241584,2.794,-6.827,-6.939,0.3175,49.107533,16.728991,0.9,2.0,unknown
anonymous,1777117241601,-1.808,-7.277,-5.380,0.5814,49.107533,16.728991,0.9,2.0,unknown
anonymous,1777117241617,0.065,-8.242,-7.969,1.6549,49.107533,16.728991,0.9,2.0,unknown
anonymous,1777117241634,-0.682,-6.743,-5.670,0.9734,49.107533,16.728991,0.9,2.0,unknown
anonymous,1777117241650,1.271,-8.492,-4.198,0.2518,49.107533,16.728991,0.9,2.0,unknown
anonymous,1777117241667,2.643,-5.209,-4.296,2.5588,49.107533,16.728991,0.9,2.0,unknown
anonymous,1777117241684,0.042,-7.264,-9.940,2.5016,49.107533,16.728991,0.9,2.0,unknown
anonymous,1777117241700,1.379,-6.324,-9.023,1.2939,49.107533,16.728991,0.9,2.0,unknown
anonymous,1777117241717,2.405,-7.542,-6.647,0.5266,49.107533,16.728991,0.9,2.0,unknown
anonymous,1777117241734,-1.559,-9.498,-3.308,0.3678,49.107533,16.728991,0.9,2.0,unknown
anonymous,1777117241750,0.655,-5.767,-7.099,0.6404,49.107533,16.728991,0.9,2.0,unknown
anonymous,1777117241768,1.587,-7.475,-8.631,1.7181,49.107533,16.728991,0.9,2.0,unknown
anonymous,1777117241784,0.807,-7.505,-3.313,1.5669,49.107533,16.728991,0.9,2.0,unknown
anonymous,1777117241800,3.051,-7.689,-8.854,2.3070,49.107533,16.728991,0.9,2.0,unknown
anonymous,1777117241817,1.341,-5.726,-6.400,1.1181,49.107533,16.728991,0.9,2.0,unknown
anonymous,1777117241834,-2.214,-8.897,-6.190,1.2522,49.107533,16.728991,0.9,2.0,unknown
anonymous,1777117241851,1.459,-6.959,-6.397,0.2454,49.107533,16.728991,0.9,2.0,unknown
anonymous,1777117241867,2.790,-6.836,-7.984,1.0646,49.107533,16.728991,0.9,2.0,unknown
anonymous,1777117241884,-0.747,-10.211,-6.457,2.2944,49.107533,16.728991,0.9,2.0,unknown
anonymous,1777117241901,0.974,-6.530,-6.485,0.5557,49.107533,16.728991,0.9,2.0,unknown
anonymous,1777117241917,-2.942,-7.635,-8.478,1.9722,49.107533,16.728991,0.9,2.0,unknown
anonymous,1777117241934,-0.032,-8.931,-7.058,1.5734,49.107533,16.728991,0.9,2.0,unknown
anonymous,1777117241950,1.179,-6.650,-7.093,0.0157,49.107533,16.728991,0.9,2.0,unknown
anonymous,1777117241967,-1.823,-10.092,-6.254,2.2015,49.107533,16.728991,0.9,2.0,unknown
anonymous,1777117241984,1.854,-6.774,-7.632,0.5617,49.107533,16.728991,0.9,2.0,unknown
anonymous,1777117242000,2.090,-5.333,-9.107,0.9488,49.107533,16.728991,0.9,2.0,unknown
anonymous,1777117242017,-1.825,-7.827,-8.955,2.2225,49.107533,16.728991,0.9,2.0,unknown
anonymous,1777117242034,-1.727,-9.177,-7.962,2.4615,49.107533,16.728991,0.9,2.0,unknown
anonymous,1777117242050,1.238,-8.420,-11.192,4.2507,49.107525,16.728980,4.2,2.0,unknown
anonymous,1777117242067,1.069,-8.486,-5.201,0.1998,49.107525,16.728980,4.2,2.0,unknown
anonymous,1777117242084,4.767,-8.001,-7.004,1.8431,49.107525,16.728980,4.2,2.0,unknown
anonymous,1777117242101,-3.289,-10.160,-2.358,1.1261,49.107525,16.728980,4.2,2.0,unknown
anonymous,1777117242117,-0.604,-7.928,-8.197,1.6093,49.107525,16.728980,4.2,2.0,unknown
anonymous,1777117242134,1.174,-6.016,-8.557,0.7160,49.107525,16.728980,4.2,2.0,unknown
anonymous,1777117242151,-1.428,-8.777,1.049,0.8563,49.107525,16.728980,4.2,2.0,unknown
anonymous,1777117242167,0.644,-10.413,-6.612,2.5418,49.107525,16.728980,4.2,2.0,unknown
anonymous,1777117242184,0.314,-5.211,-5.363,2.3253,49.107525,16.728980,4.2,2.0,unknown
anonymous,1777117242201,-0.673,-7.163,-7.626,0.6742,49.107525,16.728980,4.2,2.0,unknown
anonymous,1777117242217,2.011,-5.235,-5.555,1.9163,49.107525,16.728980,4.2,2.0,unknown
anonymous,1777117242234,-1.535,-8.757,-3.204,0.3599,49.107525,16.728980,4.2,2.0,unknown
anonymous,1777117242250,-1.174,-7.396,-3.959,1.3394,49.107525,16.728980,4.2,2.0,unknown
anonymous,1777117242267,5.013,-6.396,-8.623,2.0392,49.107525,16.728980,4.2,2.0,unknown
anonymous,1777117242283,-3.437,-8.707,-0.811,0.4144,49.107525,16.728980,4.2,2.0,unknown
anonymous,1777117242300,1.550,-9.238,-7.563,2.2288,49.107525,16.728980,4.2,2.0,unknown
anonymous,1777117242317,-0.941,-5.775,-5.030,2.0940,49.107525,16.728980,4.2,2.0,unknown
anonymous,1777117242334,-0.068,-9.783,-7.072,2.2616,49.107525,16.728980,4.2,2.0,unknown
anonymous,1777117242350,5.031,-6.075,-4.851,0.5499,49.107525,16.728980,4.2,2.0,unknown
anonymous,1777117242367,-1.982,-9.058,-8.995,3.1085,49.107525,16.728980,4.2,2.0,unknown
anonymous,1777117242384,4.266,-6.155,-8.051,1.1859,49.107525,16.728980,4.2,2.0,unknown
anonymous,1777117242400,-0.172,-7.504,-4.831,0.8841,49.107525,16.728980,4.2,2.0,unknown
anonymous,1777117242417,-0.498,-7.327,-8.770,1.6291,49.107525,16.728980,4.2,2.0,unknown
anonymous,1777117242433,-1.323,-8.339,-5.505,0.2691,49.107525,16.728980,4.2,2.0,unknown
anonymous,1777117242450,-3.944,-10.236,-5.580,2.4974,49.107525,16.728980,4.2,2.0,unknown
anonymous,1777117242467,6.946,-7.281,-4.681,1.2883,49.107525,16.728980,4.2,2.0,unknown
anonymous,1777117242484,-2.141,-6.379,-9.764,2.0477,49.107525,16.728980,4.2,2.0,unknown
anonymous,1777117242500,-1.949,-6.106,-9.808,1.9066,49.107525,16.728980,4.2,2.0,unknown
anonymous,1777117242517,0.164,-6.729,-9.362,1.7201,49.107525,16.728980,4.2,2.0,unknown
anonymous,1777117242534,-3.462,-9.439,-1.792,0.4027,49.107525,16.728980,4.2,2.0,unknown
anonymous,1777117242550,6.288,-8.959,-3.845,1.7913,49.107525,16.728980,4.2,2.0,unknown
anonymous,1777117242567,-1.899,-5.838,-7.760,0.0848,49.107525,16.728980,4.2,2.0,unknown
anonymous,1777117242584,2.795,-4.920,-10.901,2.4720,49.107525,16.728980,4.2,2.0,unknown
anonymous,1777117242600,-1.477,-7.749,-10.459,3.2903,49.107525,16.728980,4.2,2.0,unknown
anonymous,1777117242617,-3.677,-5.838,-6.352,0.4320,49.107525,16.728980,4.2,2.0,unknown
anonymous,1777117242634,-0.367,-8.723,-8.497,2.3731,49.107525,16.728980,4.2,2.0,unknown
anonymous,1777117242650,-0.808,-6.638,-4.118,1.9571,49.107525,16.728980,4.2,2.0,unknown
anonymous,1777117242667,0.262,-8.193,-12.268,4.9447,49.107525,16.728980,4.2,2.0,unknown
anonymous,1777117242683,-2.728,-7.552,-9.840,2.8905,49.107525,16.728980,4.2,2.0,unknown
anonymous,1777117242700,-0.434,-6.620,-6.109,0.7921,49.107525,16.728980,4.2,2.0,unknown
anonymous,1777117242717,-2.826,-6.802,-3.146,1.8005,49.107525,16.728980,4.2,2.0,unknown
anonymous,1777117242734,0.512,-4.212,-4.604,3.5489,49.107525,16.728980,4.2,2.0,unknown
anonymous,1777117242750,-1.275,-6.698,-9.414,1.8140,49.107525,16.728980,4.2,2.0,unknown
anonymous,1777117242767,0.488,-6.494,-8.430,0.8419,49.107525,16.728980,4.2,2.0,unknown
anonymous,1777117242783,0.206,-8.403,-11.513,4.4443,49.107525,16.728980,4.2,2.0,unknown
anonymous,1777117242800,-1.224,-6.462,-5.926,0.9572,49.107525,16.728980,4.2,2.0,unknown
anonymous,1777117242817,-2.119,-8.071,-5.693,0.2914,49.107525,16.728980,4.2,2.0,unknown
anonymous,1777117242833,-1.186,-6.017,-4.909,1.9549,49.107525,16.728980,4.2,2.0,unknown
anonymous,1777117242851,-1.909,-7.923,-7.650,1.3678,49.107525,16.728980,4.2,2.0,unknown
anonymous,1777117242867,0.272,-5.534,-8.377,0.2334,49.107525,16.728980,4.2,2.0,unknown
anonymous,1777117242884,-0.262,-8.331,-12.703,5.3834,49.107525,16.728980,4.2,2.0,unknown
anonymous,1777117242901,-2.051,-6.225,-8.143,0.6434,49.107525,16.728980,4.2,2.0,unknown
anonymous,1777117242917,-1.439,-7.307,-3.811,1.4444,49.107525,16.728980,4.2,2.0,unknown
anonymous,1777117242933,-1.425,-5.708,-5.921,1.4629,49.107525,16.728980,4.2,2.0,unknown
anonymous,1777117242950,-2.341,-7.973,-11.579,4.4421,49.107525,16.728980,4.2,2.0,unknown
anonymous,1777117242967,-2.406,-7.759,-9.500,2.6895,49.107525,16.728980,4.2,2.0,unknown
anonymous,1777117242984,-2.554,-9.177,-8.256,2.7960,49.107525,16.728980,4.2,2.0,unknown
anonymous,1777117243003,-0.709,-8.398,-8.536,2.1851,49.107525,16.728980,4.2,2.0,unknown
anonymous,1777117243018,0.757,-5.836,-6.683,0.9053,49.107525,16.728980,4.2,2.0,unknown
anonymous,1777117243034,-1.032,-6.369,-8.343,0.7368,49.107525,16.728980,4.2,2.0,unknown
anonymous,1777117243051,-3.992,-7.067,-3.082,1.1281,49.107525,16.728980,4.2,2.0,unknown
anonymous,1777117243067,-1.879,-7.989,-8.829,2.2445,49.107498,16.728944,11.6,2.0,unknown
anonymous,1777117243084,-1.569,-5.813,-7.483,0.2056,49.107498,16.728944,11.6,2.0,unknown
anonymous,1777117243100,-0.893,-7.749,-9.457,2.4490,49.107498,16.728944,11.6,2.0,unknown
anonymous,1777117243117,-1.104,-6.462,-6.483,0.5899,49.107498,16.728944,11.6,2.0,unknown
anonymous,1777117243133,-0.450,-6.529,-7.950,0.4872,49.107498,16.728944,11.6,2.0,unknown
anonymous,1777117243150,-2.125,-6.702,-5.120,1.1126,49.107498,16.728944,11.6,2.0,unknown
anonymous,1777117243167,-1.705,-6.371,-7.986,0.5474,49.107498,16.728944,11.6,2.0,unknown
anonymous,1777117243184,-1.219,-7.489,-8.837,1.8380,49.107498,16.728944,11.6,2.0,unknown
anonymous,1777117243200,-0.472,-6.559,-6.409,0.6269,49.107498,16.728944,11.6,2.0,unknown
anonymous,1777117243217,-0.976,-7.611,-8.107,1.3530,49.107498,16.728944,11.6,2.0,unknown
anonymous,1777117243233,-1.724,-6.381,-7.640,0.2921,49.107498,16.728944,11.6,2.0,unknown
anonymous,1777117243250,-1.368,-8.373,-8.605,2.2735,49.107498,16.728944,11.6,2.0,unknown
anonymous,1777117243267,-1.820,-7.792,-5.781,0.0618,49.107498,16.728944,11.6,2.0,unknown
anonymous,1777117243284,-1.160,-8.138,-9.867,3.0327,49.107498,16.728944,11.6,2.0,unknown
anonymous,1777117243300,-1.600,-7.037,-6.382,0.1766,49.107498,16.728944,11.6,2.0,unknown
anonymous,1777117243317,-1.829,-6.648,-3.800,1.9377,49.107498,16.728944,11.6,2.0,unknown
anonymous,1777117243333,-1.095,-7.384,-8.152,1.2437,49.107498,16.728944,11.6,2.0,unknown
anonymous,1777117243350,-1.229,-8.077,-5.016,0.2229,49.107498,16.728944,11.6,2.0,unknown
anonymous,1777117243368,-0.868,-7.330,-6.449,0.0084,49.107498,16.728944,11.6,2.0,unknown
anonymous,1777117243384,-1.690,-8.199,-4.588,0.2641,49.107498,16.728944,11.6,2.0,unknown
anonymous,1777117243401,-1.462,-6.079,-8.827,1.0067,49.107498,16.728944,11.6,2.0,unknown
anonymous,1777117243419,-1.050,-8.941,-3.410,0.1834,49.107498,16.728944,11.6,2.0,unknown
anonymous,1777117243435,-1.713,-8.264,-2.601,0.9783,49.107498,16.728944,11.6,2.0,unknown
anonymous,1777117243450,0.998,-5.745,-8.100,0.1702,49.107498,16.728944,11.6,2.0,unknown
anonymous,1777117243466,-1.378,-7.205,-9.744,2.3868,49.107498,16.728944,11.6,2.0,unknown
anonymous,1777117243484,-1.851,-6.920,-9.475,2.0683,49.107498,16.728944,11.6,2.0,unknown
anonymous,1777117243501,-0.660,-9.399,-6.237,1.4895,49.107498,16.728944,11.6,2.0,unknown
anonymous,1777117243517,-0.570,-8.043,-1.807,1.5464,49.107498,16.728944,11.6,2.0,unknown
anonymous,1777117243533,-0.101,-6.964,-9.007,1.5757,49.107498,16.728944,11.6,2.0,unknown
anonymous,1777117243550,-1.266,-7.104,-10.224,2.7043,49.107498,16.728944,11.6,2.0,unknown
anonymous,1777117243566,-1.563,-5.554,-9.662,1.4437,49.107498,16.728944,11.6,2.0,unknown
anonymous,1777117243584,-0.505,-8.352,-5.222,0.0532,49.107498,16.728944,11.6,2.0,unknown
anonymous,1777117243600,-0.665,-9.004,-5.414,0.7176,49.107498,16.728944,11.6,2.0,unknown
anonymous,1777117243617,0.174,-5.182,-5.009,2.6009,49.107498,16.728944,11.6,2.0,unknown
anonymous,1777117243633,-0.739,-7.880,-8.610,1.8847,49.107498,16.728944,11.6,2.0,unknown
anonymous,1777117243650,-0.644,-8.260,-9.082,2.4830,49.107498,16.728944,11.6,2.0,unknown
anonymous,1777117243667,-0.912,-6.747,-6.463,0.4223,49.107498,16.728944,11.6,2.0,unknown
anonymous,1777117243684,0.141,-6.609,-10.197,2.3420,49.107498,16.728944,11.6,2.0,unknown
anonymous,1777117243700,-0.088,-7.806,-10.547,3.3118,49.107498,16.728944,11.6,2.0,unknown
anonymous,1777117243717,-2.044,-8.170,-6.232,0.6665,49.107498,16.728944,11.6,2.0,unknown
anonymous,1777117243733,-1.836,-7.645,-11.623,4.2226,49.107498,16.728944,11.6,2.0,unknown
anonymous,1777117243750,0.742,-7.907,-12.813,5.2649,49.107498,16.728944,11.6,2.0,unknown
anonymous,1777117243766,-0.497,-7.692,-9.949,2.7752,49.107498,16.728944,11.6,2.0,unknown
anonymous,1777117243784,-1.074,-8.461,-4.479,0.1765,49.107498,16.728944,11.6,2.0,unknown
anonymous,1777117243800,1.009,-8.716,-4.950,0.2644,49.107498,16.728944,11.6,2.0,unknown
anonymous,1777117243817,-0.231,-7.033,-7.639,0.5755,49.107498,16.728944,11.6,2.0,unknown
anonymous,1777117243836,-0.978,-7.730,-5.131,0.4806,49.107498,16.728944,11.6,2.0,unknown
anonymous,1777117243851,-1.874,-7.684,-1.269,1.7997,49.107498,16.728944,11.6,2.0,unknown
anonymous,1777117243867,-0.218,-7.082,-5.198,1.0223,49.107498,16.728944,11.6,2.0,unknown
anonymous,1777117243884,-0.102,-7.060,-7.162,0.2473,49.107498,16.728944,11.6,2.0,unknown
anonymous,1777117243901,-0.240,-8.032,-6.850,0.7488,49.107498,16.728944,11.6,2.0,unknown
anonymous,1777117243917,-1.595,-9.710,-2.697,0.3927,49.107498,16.728944,11.6,2.0,unknown
anonymous,1777117243933,-2.033,-10.021,-9.584,4.2047,49.107498,16.728944,11.6,2.0,unknown
anonymous,1777117243950,-1.750,-9.132,-9.657,3.5954,49.107498,16.728944,11.6,2.0,unknown
anonymous,1777117243966,-0.966,-8.171,-7.005,0.9956,49.107498,16.728944,11.6,2.0,unknown
anonymous,1777117243984,-1.657,-9.233,-5.641,1.1358,49.107498,16.728944,11.6,2.0,unknown
anonymous,1777117244000,-1.085,-7.863,-2.863,1.3722,49.107498,16.728944,11.6,2.0,unknown
anonymous,1777117244017,-1.089,-5.117,-4.625,2.8274,49.107498,16.728944,11.6,2.0,unknown
anonymous,1777117244033,-1.725,-8.515,-6.672,1.1446,49.107498,16.728944,11.6,2.0,unknown
anonymous,1777117244050,-0.001,-8.033,-2.630,1.3577,49.107498,16.728944,11.6,2.0,unknown
anonymous,1777117244067,-0.025,-6.712,-6.190,0.6798,49.107450,16.728900,18.9,2.0,unknown
anonymous,1777117244084,-0.532,-8.428,-6.674,0.9530,49.107450,16.728900,18.9,2.0,unknown
anonymous,1777117244100,-2.095,-8.471,-6.654,1.1633,49.107450,16.728900,18.9,2.0,unknown
anonymous,1777117244117,-0.611,-8.786,-9.075,2.8363,49.107450,16.728900,18.9,2.0,unknown
anonymous,1777117244133,1.146,-6.397,-7.792,0.3362,49.107450,16.728900,18.9,2.0,unknown
anonymous,1777117244150,-2.274,-6.584,-10.874,3.1038,49.107450,16.728900,18.9,2.0,unknown
anonymous,1777117244166,-2.741,-7.868,-6.612,0.8262,49.107450,16.728900,18.9,2.0,unknown
anonymous,1777117244183,0.281,-5.533,-8.660,0.4709,49.107450,16.728900,18.9,2.0,unknown
anonymous,1777117244199,4.766,-9.453,-3.559,1.3591,49.107450,16.728900,18.9,2.0,unknown
anonymous,1777117244217,1.360,-7.911,-1.896,1.5623,49.107450,16.728900,18.9,2.0,unknown
anonymous,1777117244234,0.119,-7.911,-4.085,0.9058,49.107450,16.728900,18.9,2.0,unknown
anonymous,1777117244250,-3.710,-5.878,-7.790,0.6303,49.107450,16.728900,18.9,2.0,unknown
anonymous,1777117244268,-0.978,-6.041,-5.656,1.4771,49.107450,16.728900,18.9,2.0,unknown
anonymous,1777117244284,-1.722,-8.358,-6.141,0.7040,49.107450,16.728900,18.9,2.0,unknown
anonymous,1777117244300,1.797,-8.001,-2.453,1.2505,49.107450,16.728900,18.9,2.0,unknown
anonymous,1777117244317,2.823,-7.908,-5.545,0.2522,49.107450,16.728900,18.9,2.0,unknown
anonymous,1777117244334,-1.046,-8.676,-3.059,0.5515,49.107450,16.728900,18.9,2.0,unknown
anonymous,1777117244350,-1.541,-7.382,-9.076,1.9898,49.107450,16.728900,18.9,2.0,unknown
anonymous,1777117244367,-1.620,-7.909,-10.389,3.3473,49.107450,16.728900,18.9,2.0,unknown
anonymous,1777117244383,0.975,-8.047,-11.859,4.5546,49.107450,16.728900,18.9,2.0,unknown
anonymous,1777117244400,3.455,-9.537,-1.914,0.5123,49.107450,16.728900,18.9,2.0,unknown
anonymous,1777117244417,-0.137,-8.915,-1.964,0.6804,49.107450,16.728900,18.9,2.0,unknown
anonymous,1777117244434,2.106,-9.160,-3.625,0.2640,49.107450,16.728900,18.9,2.0,unknown
anonymous,1777117244450,0.052,-9.999,-6.422,2.0738,49.107450,16.728900,18.9,2.0,unknown
anonymous,1777117244467,1.614,-8.332,-6.075,0.6273,49.107450,16.728900,18.9,2.0,unknown
anonymous,1777117244484,-2.704,-8.787,-6.449,1.4195,49.107450,16.728900,18.9,2.0,unknown
anonymous,1777117244500,-0.171,-7.582,-8.556,1.6236,49.107450,16.728900,18.9,2.0,unknown
anonymous,1777117244517,-2.333,-9.452,-7.878,2.7135,49.107450,16.728900,18.9,2.0,unknown
anonymous,1777117244534,1.504,-8.839,-4.455,0.2022,49.107450,16.728900,18.9,2.0,unknown
anonymous,1777117244550,0.208,-8.491,-6.866,1.1118,49.107450,16.728900,18.9,2.0,unknown
anonymous,1777117244567,0.915,-8.291,-6.494,0.7605,49.107450,16.728900,18.9,2.0,unknown
anonymous,1777117244583,3.182,-8.046,-4.558,0.0304,49.107450,16.728900,18.9,2.0,unknown
anonymous,1777117244600,-0.859,-8.971,-2.047,0.5682,49.107450,16.728900,18.9,2.0,unknown
anonymous,1777117244617,3.287,-7.348,-5.126,0.2667,49.107450,16.728900,18.9,2.0,unknown
anonymous,1777117244634,-3.584,-9.159,-8.866,3.4317,49.107450,16.728900,18.9,2.0,unknown
anonymous,1777117244650,5.016,-8.919,-6.218,2.1643,49.107450,16.728900,18.9,2.0,unknown
anonymous,1777117244667,-2.711,-9.659,-5.007,1.4022,49.107450,16.728900,18.9,2.0,unknown
anonymous,1777117244683,0.085,-8.294,-7.308,1.2449,49.107450,16.728900,18.9,2.0,unknown
anonymous,1777117244700,-3.646,-10.253,-4.473,1.9554,49.107450,16.728900,18.9,2.0,unknown
anonymous,1777117244717,6.662,-8.372,-5.415,2.1813,49.107450,16.728900,18.9,2.0,unknown
anonymous,1777117244734,-0.909,-7.970,-5.940,0.1715,49.107450,16.728900,18.9,2.0,unknown
anonymous,1777117244750,0.999,-8.579,-6.538,1.0229,49.107450,16.728900,18.9,2.0,unknown
anonymous,1777117244767,-2.118,-10.204,-5.324,1.8927,49.107450,16.728900,18.9,2.0,unknown
anonymous,1777117244783,-2.892,-8.038,-8.100,1.9619,49.107450,16.728900,18.9,2.0,unknown
anonymous,1777117244800,0.995,-9.277,-8.430,2.7642,49.107450,16.728900,18.9,2.0,unknown
anonymous,1777117244817,1.874,-8.781,-5.593,0.7686,49.107450,16.728900,18.9,2.0,unknown
anonymous,1777117244834,1.662,-7.246,-5.824,0.3661,49.107450,16.728900,18.9,2.0,unknown
anonymous,1777117244850,-1.094,-10.258,-7.946,3.2116,49.107450,16.728900,18.9,2.0,unknown
anonymous,1777117244870,0.543,-10.186,-6.254,2.1553,49.107450,16.728900,18.9,2.0,unknown
anonymous,1777117244883,-1.404,-10.345,-8.416,3.5994,49.107450,16.728900,18.9,2.0,unknown
anonymous,1777117244900,2.045,-11.828,-3.909,2.8143,49.107450,16.728900,18.9,2.0,unknown
anonymous,1777117244916,-0.280,-7.021,-0.385,2.7724,49.107450,16.728900,18.9,2.0,unknown
anonymous,1777117244934,2.625,-9.626,-9.155,3.7315,49.107450,16.728900,18.9,2.0,unknown
anonymous,1777117244950,-1.754,-9.820,-7.028,2.3929,49.107450,16.728900,18.9,2.0,unknown
anonymous,1777117244967,0.223,-7.332,-7.953,1.0092,49.107450,16.728900,18.9,2.0,unknown
anonymous,1777117244983,-1.041,-11.212,-6.907,3.3997,49.107450,16.728900,18.9,2.0,unknown
anonymous,1777117245000,0.526,-8.027,-5.731,0.0666,49.107450,16.728900,18.9,2.0,unknown
anonymous,1777117245017,-2.072,-13.879,-5.806,5.3760,49.107450,16.728900,18.9,2.0,unknown
anonymous,1777117245034,0.398,-9.781,-4.826,1.1040,49.107450,16.728900,18.9,2.0,unknown
anonymous,1777117245050,0.945,-2.857,-4.205,4.6392,49.107450,16.728900,18.9,2.0,unknown
anonymous,1777117245067,-1.491,-11.625,-6.814,3.7470,49.107383,16.728850,27.5,2.0,unknown
anonymous,1777117245083,0.512,-8.014,-1.811,1.5779,49.107383,16.728850,27.5,2.0,unknown
anonymous,1777117245100,1.710,-10.729,-9.213,4.4346,49.107383,16.728850,27.5,2.0,unknown
anonymous,1777117245116,1.557,-6.757,-7.293,0.2532,49.107383,16.728850,27.5,2.0,unknown
anonymous,1777117245133,0.562,-13.342,-7.242,5.3809,49.107383,16.728850,27.5,2.0,unknown
anonymous,1777117245150,-0.395,-6.293,-6.088,1.0452,49.107383,16.728850,27.5,2.0,unknown
anonymous,1777117245167,1.031,-10.204,-10.439,4.8245,49.107383,16.728850,27.5,2.0,unknown
anonymous,1777117245183,-0.615,-7.628,-3.959,1.1935,49.107383,16.728850,27.5,2.0,unknown
anonymous,1777117245200,-0.827,-10.508,-4.013,1.4692,49.107383,16.728850,27.5,2.0,unknown
anonymous,1777117245216,1.771,-7.104,-6.547,0.0116,49.107383,16.728850,27.5,2.0,unknown
anonymous,1777117245234,-0.178,-9.766,-6.404,1.8691,49.107383,16.728850,27.5,2.0,unknown
anonymous,1777117245250,-0.136,-9.019,-6.148,1.1063,49.107383,16.728850,27.5,2.0,unknown
anonymous,1777117245267,-2.046,-9.200,-5.007,0.8619,49.107383,16.728850,27.5,2.0,unknown
anonymous,1777117245283,0.127,-8.075,-7.192,1.0037,49.107383,16.728850,27.5,2.0,unknown
anonymous,1777117245300,0.508,-11.635,-5.623,3.1223,49.107383,16.728850,27.5,2.0,unknown
anonymous,1777117245317,1.321,-11.723,-4.163,2.7003,49.107383,16.728850,27.5,2.0,unknown
anonymous,1777117245334,-0.171,-8.375,-4.707,0.2018,49.107383,16.728850,27.5,2.0,unknown
anonymous,1777117245350,1.207,-9.102,-0.787,0.5943,49.107383,16.728850,27.5,2.0,unknown
anonymous,1777117245367,-0.908,-9.868,-6.809,2.2138,49.107383,16.728850,27.5,2.0,unknown
anonymous,1777117245383,3.423,-10.523,-3.746,1.8728,49.107383,16.728850,27.5,2.0,unknown
anonymous,1777117245400,-1.366,-7.399,-4.391,1.0983,49.107383,16.728850,27.5,2.0,unknown
anonymous,1777117245416,-0.320,-9.792,-5.049,1.2118,49.107383,16.728850,27.5,2.0,unknown
anonymous,1777117245434,2.540,-10.113,-4.495,1.5445,49.107383,16.728850,27.5,2.0,unknown
anonymous,1777117245450,-1.625,-8.571,-6.804,1.2529,49.107383,16.728850,27.5,2.0,unknown
anonymous,1777117245467,1.757,-10.335,-3.673,1.2978,49.107383,16.728850,27.5,2.0,unknown
anonymous,1777117245483,1.257,-8.089,-6.566,0.6839,49.107383,16.728850,27.5,2.0,unknown
anonymous,1777117245502,-1.261,-9.019,-8.271,2.4921,49.107383,16.728850,27.5,2.0,unknown
anonymous,1777117245516,1.989,-10.785,-2.844,1.5199,49.107383,16.728850,27.5,2.0,unknown
anonymous,1777117245533,-0.851,-7.980,-8.251,1.7001,49.107383,16.728850,27.5,2.0,unknown
anonymous,1777117245550,-0.035,-8.582,-2.210,0.9475,49.107383,16.728850,27.5,2.0,unknown
anonymous,1777117245567,2.835,-9.143,-9.183,3.4555,49.107383,16.728850,27.5,2.0,unknown
anonymous,1777117245583,-0.593,-9.112,-9.792,3.5788,49.107383,16.728850,27.5,2.0,unknown
anonymous,1777117245600,-0.435,-8.904,1.895,0.6956,49.107383,16.728850,27.5,2.0,unknown
anonymous,1777117245616,0.940,-8.537,-9.124,2.7206,49.107383,16.728850,27.5,2.0,unknown
anonymous,1777117245634,1.098,-8.095,-14.802,7.0968,49.107383,16.728850,27.5,2.0,unknown
anonymous,1777117245650,0.151,-9.049,3.738,0.0184,49.107383,16.728850,27.5,2.0,unknown
anonymous,1777117245667,-0.195,-9.204,-6.735,1.5966,49.107383,16.728850,27.5,2.0,unknown
anonymous,1777117245683,-0.859,-9.576,-12.875,6.2591,49.107383,16.728850,27.5,2.0,unknown
anonymous,1777117245700,-0.479,-9.956,2.542,0.4762,49.107383,16.728850,27.5,2.0,unknown
anonymous,1777117245716,1.057,-8.771,-4.336,0.0312,49.107383,16.728850,27.5,2.0,unknown
anonymous,1777117245734,-0.928,-9.381,-13.291,6.4849,49.107383,16.728850,27.5,2.0,unknown
anonymous,1777117245750,0.210,-10.533,7.881,3.3466,49.107383,16.728850,27.5,2.0,unknown
anonymous,1777117245767,-1.703,-8.357,-0.654,1.2565,49.107383,16.728850,27.5,2.0,unknown
anonymous,1777117245783,1.170,-8.409,-13.151,5.8437,49.107383,16.728850,27.5,2.0,unknown
anonymous,1777117245800,0.073,-11.047,5.854,2.6928,49.107383,16.728850,27.5,2.0,unknown
anonymous,1777117245816,-0.008,-11.567,8.473,4.5288,49.107383,16.728850,27.5,2.0,unknown
anonymous,1777117245834,-1.434,-7.802,-2.343,1.5383,49.107383,16.728850,27.5,2.0,unknown
anonymous,1777117245850,0.396,-9.115,-2.957,0.2187,49.107383,16.728850,27.5,2.0,unknown
anonymous,1777117245867,0.655,-10.893,7.727,3.5614,49.107383,16.728850,27.5,2.0,unknown
anonymous,1777117245883,-1.517,-11.592,8.268,4.5091,49.107383,16.728850,27.5,2.0,unknown
anonymous,1777117245900,-0.726,-10.269,-14.417,7.9049,49.107383,16.728850,27.5,2.0,unknown
anonymous,1777117245918,3.326,-8.739,-10.888,4.5422,49.107383,16.728850,27.5,2.0,unknown
anonymous,1777117245933,-0.919,-9.144,-2.173,0.3668,49.107383,16.728850,27.5,2.0,unknown
anonymous,1777117245950,-0.486,-9.530,-5.987,1.4552,49.107383,16.728850,27.5,2.0,unknown
anonymous,1777117245967,-1.642,-9.230,-5.743,1.1842,49.107383,16.728850,27.5,2.0,unknown
anonymous,1777117245983,2.922,-7.453,-3.898,0.9059,49.107383,16.728850,27.5,2.0,unknown
anonymous,1777117246000,-1.177,-8.989,-10.093,3.7567,49.107383,16.728850,27.5,2.0,unknown
anonymous,1777117246016,-2.293,-9.850,-12.875,6.5623,49.107383,16.728850,27.5,2.0,unknown
anonymous,1777117246034,-1.235,-9.353,-12.727,6.0322,49.107383,16.728850,27.5,2.0,unknown
anonymous,1777117246050,2.782,-10.752,-0.843,1.3279,49.107383,16.728850,27.5,2.0,unknown
anonymous,1777117246067,1.226,-8.459,5.079,0.1332,49.107290,16.728761,39.6,2.0,unknown
anonymous,1777117246084,-2.317,-6.669,-8.196,1.0077,49.107290,16.728761,39.6,2.0,unknown
anonymous,1777117246100,-1.929,-8.781,-6.465,1.2635,49.107290,16.728761,39.6,2.0,unknown
anonymous,1777117246117,-0.434,-9.904,-0.531,0.1178,49.107290,16.728761,39.6,2.0,unknown
anonymous,1777117246134,1.141,-11.716,0.154,1.9623,49.107290,16.728761,39.6,2.0,unknown
anonymous,1777117246150,0.614,-9.464,-7.121,2.0498,49.107290,16.728761,39.6,2.0,unknown
anonymous,1777117246167,-1.245,-6.350,-11.640,3.5082,49.107290,16.728761,39.6,2.0,unknown
anonymous,1777117246184,-3.621,-9.792,-0.347,0.6357,49.107290,16.728761,39.6,2.0,unknown
anonymous,1777117246200,-2.021,-10.074,-10.445,4.8422,49.107290,16.728761,39.6,2.0,unknown
anonymous,1777117246217,0.010,-10.896,-9.176,4.4350,49.107290,16.728761,39.6,2.0,unknown
anonymous,1777117246234,4.769,-11.809,0.477,2.9347,49.107290,16.728761,39.6,2.0,unknown
anonymous,1777117246250,-1.161,-9.311,-2.241,0.1628,49.107290,16.728761,39.6,2.0,unknown
anonymous,1777117246267,-1.994,-11.346,-0.359,1.7150,49.107290,16.728761,39.6,2.0,unknown
anonymous,1777117246284,-1.182,-7.461,-13.753,5.8814,49.107290,16.728761,39.6,2.0,unknown
anonymous,1777117246300,-1.050,-7.638,-9.362,2.3181,49.107290,16.728761,39.6,2.0,unknown
anonymous,1777117246317,3.685,-6.697,-11.984,4.4043,49.107290,16.728761,39.6,2.0,unknown
anonymous,1777117246335,-0.954,-9.986,2.733,0.5869,49.107290,16.728761,39.6,2.0,unknown
anonymous,1777117246350,-0.965,-9.517,-0.471,0.2323,49.107290,16.728761,39.6,2.0,unknown
anonymous,1777117246367,-3.762,-12.201,-7.400,4.9476,49.107290,16.728761,39.6,2.0,unknown
anonymous,1777117246384,-2.637,-7.942,-1.011,1.3808,49.107290,16.728761,39.6,2.0,unknown
anonymous,1777117246401,4.579,-8.571,-12.844,6.2959,49.107290,16.728761,39.6,2.0,unknown
anonymous,1777117246417,-1.011,-6.100,-13.613,5.1413,49.107290,16.728761,39.6,2.0,unknown
anonymous,1777117246433,-2.052,-10.352,-0.626,0.7623,49.107290,16.728761,39.6,2.0,unknown
anonymous,1777117246450,-3.663,-10.002,-4.652,1.8131,49.107290,16.728761,39.6,2.0,unknown
anonymous,1777117246467,3.410,-12.152,-2.452,3.0473,49.107290,16.728761,39.6,2.0,unknown
anonymous,1777117246484,4.091,-8.131,-4.717,0.4418,49.107290,16.728761,39.6,2.0,unknown
anonymous,1777117246499,-0.951,-7.234,-11.662,3.9463,49.107290,16.728761,39.6,2.0,unknown
anonymous,1777117246516,-1.368,-6.673,-10.429,2.6464,49.107290,16.728761,39.6,2.0,unknown
anonymous,1777117246533,-1.986,-9.271,-3.147,0.1803,49.107290,16.728761,39.6,2.0,unknown
anonymous,1777117246549,1.770,-8.106,0.032,1.5128,49.107290,16.728761,39.6,2.0,unknown
anonymous,1777117246567,2.729,-7.042,5.421,0.5136,49.107290,16.728761,39.6,2.0,unknown
anonymous,1777117246584,-1.113,-6.201,-10.297,2.2611,49.107290,16.728761,39.6,2.0,unknown
anonymous,1777117246600,-2.075,-5.666,-4.183,2.4680,49.107290,16.728761,39.6,2.0,unknown
anonymous,1777117246617,-2.784,-5.293,-8.537,0.6134,49.107290,16.728761,39.6,2.0,unknown
anonymous,1777117246634,0.700,-4.068,-7.855,0.9366,49.107290,16.728761,39.6,2.0,unknown
anonymous,1777117246649,2.882,-2.883,-10.570,1.5188,49.107290,16.728761,39.6,2.0,unknown
anonymous,1777117246667,1.308,-6.629,-15.758,7.3350,49.107290,16.728761,39.6,2.0,unknown
anonymous,1777117246684,-2.088,-4.188,-6.971,1.4136,49.107290,16.728761,39.6,2.0,unknown
anonymous,1777117246700,-4.107,-9.326,-15.392,8.6496,49.107290,16.728761,39.6,2.0,unknown
anonymous,1777117246717,1.961,-8.153,-19.352,11.2809,49.107290,16.728761,39.6,2.0,unknown
anonymous,1777117246734,2.348,-4.557,-14.755,5.8101,49.107290,16.728761,39.6,2.0,unknown
anonymous,1777117246752,-2.654,-5.277,-21.114,12.1149,49.107290,16.728761,39.6,2.0,unknown
anonymous,1777117246767,-1.520,-4.210,0.728,5.2750,49.107290,16.728761,39.6,2.0,unknown
anonymous,1777117246784,-0.433,-6.812,-14.865,6.5470,49.107290,16.728761,39.6,2.0,unknown
anonymous,1777117246800,2.481,-4.808,-5.489,2.1030,49.107290,16.728761,39.6,2.0,unknown
anonymous,1777117246817,0.708,-4.836,-5.054,2.7795,49.107290,16.728761,39.6,2.0,unknown
anonymous,1777117246834,-0.957,-4.392,-11.221,2.2782,49.107290,16.728761,39.6,2.0,unknown
anonymous,1777117246850,-0.316,-4.404,-5.457,2.7907,49.107290,16.728761,39.6,2.0,unknown
anonymous,1777117246867,-0.848,-5.195,-7.348,0.7712,49.107290,16.728761,39.6,2.0,unknown
anonymous,1777117246885,-0.911,-4.680,-6.635,1.6395,49.107290,16.728761,39.6,2.0,unknown
anonymous,1777117246900,3.273,-5.863,-12.872,4.7085,49.107290,16.728761,39.6,2.0,unknown
anonymous,1777117246917,1.540,-7.459,-9.900,2.6805,49.107290,16.728761,39.6,2.0,unknown
anonymous,1777117246934,1.764,-7.352,-7.522,0.8555,49.107290,16.728761,39.6,2.0,unknown
anonymous,1777117246950,-0.800,-7.766,-9.344,2.3663,49.107290,16.728761,39.6,2.0,unknown
anonymous,1777117246967,-0.250,-10.100,2.669,0.6398,49.107290,16.728761,39.6,2.0,unknown
anonymous,1777117246984,-0.741,-4.887,0.483,4.8440,49.107290,16.728761,39.6,2.0,unknown
anonymous,1777117247000,-1.743,-4.471,-6.442,1.7769,49.107290,16.728761,39.6,2.0,unknown
anonymous,1777117247017,-3.374,-4.622,-3.214,3.2468,49.107290,16.728761,39.6,2.0,unknown
anonymous,1777117247034,-0.565,-4.379,-9.327,0.5097,49.107290,16.728761,39.6,2.0,unknown
anonymous,1777117247050,0.806,-3.855,-11.135,2.0009,49.107290,16.728761,39.6,2.0,unknown
anonymous,1777117247066,2.248,-5.041,-12.868,4.1914,49.107178,16.728610,54.2,2.0,unknown
anonymous,1777117247085,-0.290,-10.064,-12.091,5.9237,49.107178,16.728610,54.2,2.0,unknown
anonymous,1777117247100,0.640,-9.641,-9.970,4.0739,49.107178,16.728610,54.2,2.0,unknown
anonymous,1777117247117,0.876,-10.071,-5.619,1.7561,49.107178,16.728610,54.2,2.0,unknown
anonymous,1777117247134,1.828,-8.265,-14.155,6.6832,49.107178,16.728610,54.2,2.0,unknown
anonymous,1777117247149,-5.626,-10.997,-4.453,3.3204,49.107178,16.728610,54.2,2.0,unknown
anonymous,1777117247167,1.793,-11.217,0.394,1.5559,49.107178,16.728610,54.2,2.0,unknown
anonymous,1777117247184,2.214,-5.115,-11.904,3.3345,49.107178,16.728610,54.2,2.0,unknown
anonymous,1777117247200,-2.117,-7.079,-3.612,1.5856,49.107178,16.728610,54.2,2.0,unknown
anonymous,1777117247217,-1.031,-9.440,2.990,0.1457,49.107178,16.728610,54.2,2.0,unknown
anonymous,1777117247234,-0.158,-8.825,-10.779,4.1214,49.107178,16.728610,54.2,2.0,unknown
anonymous,1777117247250,3.044,-10.726,-4.612,2.2561,49.107178,16.728610,54.2,2.0,unknown
anonymous,1777117247266,3.081,-9.799,-12.018,6.0001,49.107178,16.728610,54.2,2.0,unknown
anonymous,1777117247284,-1.528,-10.400,-17.543,10.6415,49.107178,16.728610,54.2,2.0,unknown
anonymous,1777117247300,-2.023,-9.602,-5.668,1.5220,49.107178,16.728610,54.2,2.0,unknown
anonymous,1777117247317,-1.511,-8.206,-14.574,6.9832,49.107178,16.728610,54.2,2.0,unknown
anonymous,1777117247334,0.567,-7.226,-11.386,3.6878,49.107178,16.728610,54.2,2.0,unknown
anonymous,1777117247350,-1.923,-8.720,-6.795,1.4108,49.107178,16.728610,54.2,2.0,unknown
anonymous,1777117247367,0.662,-7.002,-11.117,3.3445,49.107178,16.728610,54.2,2.0,unknown
anonymous,1777117247384,-2.018,-7.762,-11.436,4.1582,49.107178,16.728610,54.2,2.0,unknown
anonymous,1777117247400,3.246,-7.153,-6.716,0.5248,49.107178,16.728610,54.2,2.0,unknown
anonymous,1777117247417,1.230,-9.601,-10.271,4.3035,49.107178,16.728610,54.2,2.0,unknown
anonymous,1777117247434,0.659,-7.561,-13.254,5.4636,49.107178,16.728610,54.2,2.0,unknown
anonymous,1777117247450,-3.272,-8.420,-2.447,0.4513,49.107178,16.728610,54.2,2.0,unknown
anonymous,1777117247466,0.407,-11.844,-9.561,5.4167,49.107178,16.728610,54.2,2.0,unknown
anonymous,1777117247483,3.661,-11.051,-21.518,14.6556,49.107178,16.728610,54.2,2.0,unknown
anonymous,1777117247501,-1.283,-9.299,-8.122,2.6032,49.107178,16.728610,54.2,2.0,unknown
anonymous,1777117247517,-1.333,-7.163,-10.682,3.1208,49.107178,16.728610,54.2,2.0,unknown
anonymous,1777117247533,-0.075,-9.326,-13.968,6.9852,49.107178,16.728610,54.2,2.0,unknown
anonymous,1777117247550,1.579,-12.407,-5.669,3.9220,49.107178,16.728610,54.2,2.0,unknown
anonymous,1777117247567,-2.006,-8.150,2.446,1.0681,49.107178,16.728610,54.2,2.0,unknown
anonymous,1777117247585,-0.095,-8.450,-11.945,4.8219,49.107178,16.728610,54.2,2.0,unknown
anonymous,1777117247600,-2.418,-10.326,-8.790,3.9650,49.107178,16.728610,54.2,2.0,unknown
anonymous,1777117247617,-0.630,-6.577,0.550,3.1795,49.107178,16.728610,54.2,2.0,unknown
anonymous,1777117247634,-2.432,-4.206,-5.271,2.6416,49.107178,16.728610,54.2,2.0,unknown
anonymous,1777117247650,1.377,-5.923,-8.626,0.7435,49.107178,16.728610,54.2,2.0,unknown
anonymous,1777117247667,-0.399,-8.347,-4.920,0.1124,49.107178,16.728610,54.2,2.0,unknown
anonymous,1777117247684,-0.284,-5.715,-8.731,0.6292,49.107178,16.728610,54.2,2.0,unknown
anonymous,1777117247700,-2.304,-8.689,-8.792,2.7641,49.107178,16.728610,54.2,2.0,unknown
anonymous,1777117247717,-1.116,-6.303,-3.283,2.6166,49.107178,16.728610,54.2,2.0,unknown
anonymous,1777117247733,-3.053,-3.483,-2.488,4.5523,49.107178,16.728610,54.2,2.0,unknown
anonymous,1777117247750,2.081,-2.350,-10.004,0.6747,49.107178,16.728610,54.2,2.0,unknown
anonymous,1777117247767,1.672,-10.439,-11.190,5.5844,49.107178,16.728610,54.2,2.0,unknown
anonymous,1777117247784,-1.406,-8.606,-8.598,2.4364,49.107178,16.728610,54.2,2.0,unknown
anonymous,1777117247800,-0.740,-9.306,-12.171,5.5292,49.107178,16.728610,54.2,2.0,unknown
anonymous,1777117247817,0.924,-5.679,1.385,3.8917,49.107178,16.728610,54.2,2.0,unknown
anonymous,1777117247833,-1.445,-4.512,-6.859,1.4737,49.107178,16.728610,54.2,2.0,unknown
anonymous,1777117247850,-2.986,-9.974,-3.289,1.1085,49.107178,16.728610,54.2,2.0,unknown
anonymous,1777117247867,-0.871,-9.145,-7.263,1.9001,49.107178,16.728610,54.2,2.0,unknown
anonymous,1777117247884,6.531,-3.167,-8.215,1.1522,49.107178,16.728610,54.2,2.0,unknown
anonymous,1777117247900,-2.879,-9.035,-3.169,0.1883,49.107178,16.728610,54.2,2.0,unknown
anonymous,1777117247917,-1.593,-7.079,-5.696,0.5850,49.107178,16.728610,54.2,2.0,unknown
anonymous,1777117247933,-2.010,-5.213,-8.271,0.1709,49.107178,16.728610,54.2,2.0,unknown
anonymous,1777117247950,-0.352,-8.513,-10.208,3.4865,49.107178,16.728610,54.2,2.0,unknown
anonymous,1777117247967,0.980,-7.157,-3.773,1.6603,49.107178,16.728610,54.2,2.0,unknown
anonymous,1777117247984,2.239,-6.969,-13.360,5.4239,49.107178,16.728610,54.2,2.0,unknown
anonymous,1777117248001,-1.136,-7.529,-11.553,4.0270,49.107178,16.728610,54.2,2.0,unknown
anonymous,1777117248017,-2.289,-5.866,-5.627,1.3653,49.107178,16.728610,54.2,2.0,unknown
anonymous,1777117248033,0.310,-12.603,1.175,2.8516,49.107178,16.728610,54.2,2.0,unknown
anonymous,1777117248051,2.922,-4.837,-10.492,2.1066,49.107178,16.728610,54.2,2.0,unknown
anonymous,1777117248067,-0.197,-8.033,-7.525,1.1986,49.107049,16.728473,59.5,2.0,unknown
anonymous,1777117248084,-1.125,-12.539,1.300,2.8466,49.107049,16.728473,59.5,2.0,unknown
anonymous,1777117248100,0.152,-4.704,-10.713,1.8910,49.107049,16.728473,59.5,2.0,unknown
anonymous,1777117248117,-0.235,-8.393,-0.143,1.4125,49.107049,16.728473,59.5,2.0,unknown
anonymous,1777117248134,1.076,-8.304,-4.408,0.3475,49.107049,16.728473,59.5,2.0,unknown
anonymous,1777117248150,-2.347,-10.635,-12.195,6.5398,49.107049,16.728473,59.5,2.0,unknown
anonymous,1777117248167,0.290,-10.873,-11.794,6.2340,49.107049,16.728473,59.5,2.0,unknown
anonymous,1777117248183,-1.447,-10.175,-6.023,2.1024,49.107049,16.728473,59.5,2.0,unknown
anonymous,1777117248200,0.365,-8.935,0.974,0.8144,49.107049,16.728473,59.5,2.0,unknown
anonymous,1777117248217,0.776,-5.967,-3.271,2.9614,49.107049,16.728473,59.5,2.0,unknown
anonymous,1777117248233,-0.429,-5.719,-7.945,0.0109,49.107049,16.728473,59.5,2.0,unknown
anonymous,1777117248250,-0.885,-7.805,-15.045,7.1620,49.107049,16.728473,59.5,2.0,unknown
anonymous,1777117248267,-0.455,-4.093,-5.585,2.8708,49.107049,16.728473,59.5,2.0,unknown
anonymous,1777117248283,2.063,-6.234,-5.389,1.3151,49.107049,16.728473,59.5,2.0,unknown
anonymous,1777117248300,-0.681,-6.660,-5.088,1.4013,49.107049,16.728473,59.5,2.0,unknown
anonymous,1777117248317,-5.063,-11.163,-1.020,2.4896,49.107049,16.728473,59.5,2.0,unknown
anonymous,1777117248334,2.148,-7.784,-1.178,1.6491,49.107049,16.728473,59.5,2.0,unknown
anonymous,1777117248350,4.528,-6.515,-18.727,10.5283,49.107049,16.728473,59.5,2.0,unknown
anonymous,1777117248367,-1.579,-7.912,-8.370,1.8150,49.107049,16.728473,59.5,2.0,unknown
anonymous,1777117248383,-0.628,-8.475,-2.715,0.8889,49.107049,16.728473,59.5,2.0,unknown
anonymous,1777117248400,-0.615,-6.334,-2.511,2.9688,49.107049,16.728473,59.5,2.0,unknown
anonymous,1777117248418,-0.515,-4.482,-7.644,0.9344,49.107049,16.728473,59.5,2.0,unknown
anonymous,1777117248433,-2.873,-10.666,-10.586,5.4898,49.107049,16.728473,59.5,2.0,unknown
anonymous,1777117248450,-2.538,-10.145,0.725,0.6730,49.107049,16.728473,59.5,2.0,unknown
anonymous,1777117248466,5.187,-8.921,-0.484,0.5210,49.107049,16.728473,59.5,2.0,unknown
anonymous,1777117248483,-1.612,-6.360,-6.072,0.8705,49.107049,16.728473,59.5,2.0,unknown
anonymous,1777117248500,-3.215,-12.181,-6.642,4.4320,49.107049,16.728473,59.5,2.0,unknown
anonymous,1777117248517,-1.729,-7.405,1.137,2.1214,49.107049,16.728473,59.5,2.0,unknown
anonymous,1777117248533,1.338,-8.946,-11.371,4.7200,49.107049,16.728473,59.5,2.0,unknown
anonymous,1777117248550,1.435,-7.288,-4.681,1.0302,49.107049,16.728473,59.5,2.0,unknown
anonymous,1777117248567,-1.906,-8.607,-2.231,0.7162,49.107049,16.728473,59.5,2.0,unknown
anonymous,1777117248583,-1.173,-8.091,-7.417,1.2287,49.107049,16.728473,59.5,2.0,unknown
anonymous,1777117248600,0.013,-6.819,-7.116,0.0458,49.107049,16.728473,59.5,2.0,unknown
anonymous,1777117248617,0.987,-11.520,-5.728,3.0933,49.107049,16.728473,59.5,2.0,unknown
anonymous,1777117248633,-1.087,-10.736,-1.103,1.0374,49.107049,16.728473,59.5,2.0,unknown
anonymous,1777117248650,0.119,-5.987,-5.314,1.8041,49.107049,16.728473,59.5,2.0,unknown
anonymous,1777117248667,-0.127,-6.116,-6.474,0.9029,49.107049,16.728473,59.5,2.0,unknown
anonymous,1777117248683,-1.379,-9.589,-4.537,0.8870,49.107049,16.728473,59.5,2.0,unknown
anonymous,1777117248700,0.963,-8.694,-3.952,0.2114,49.107049,16.728473,59.5,2.0,unknown
anonymous,1777117248717,0.123,-7.969,-7.380,1.0523,49.107049,16.728473,59.5,2.0,unknown
anonymous,1777117248734,-0.782,-8.795,-1.496,0.8544,49.107049,16.728473,59.5,2.0,unknown
anonymous,1777117248750,-2.026,-7.959,-4.371,0.5064,49.107049,16.728473,59.5,2.0,unknown
anonymous,1777117248767,-0.289,-5.863,-9.643,1.4789,49.107049,16.728473,59.5,2.0,unknown
anonymous,1777117248789,2.808,-7.324,-5.854,0.0223,49.107049,16.728473,59.5,2.0,unknown
anonymous,1777117248801,1.089,-7.909,-4.507,0.6417,49.107049,16.728473,59.5,2.0,unknown
anonymous,1777117248816,-0.680,-7.485,-6.947,0.4248,49.107049,16.728473,59.5,2.0,unknown
anonymous,1777117248835,-2.212,-8.494,-6.088,0.8722,49.107049,16.728473,59.5,2.0,unknown
anonymous,1777117248850,-1.766,-9.210,-5.690,1.1587,49.107049,16.728473,59.5,2.0,unknown
anonymous,1777117248867,1.850,-9.856,-2.055,0.4270,49.107049,16.728473,59.5,2.0,unknown
anonymous,1777117248883,2.213,-6.031,-10.399,2.4135,49.107049,16.728473,59.5,2.0,unknown
anonymous,1777117248902,-0.050,-7.437,-11.066,3.5229,49.107049,16.728473,59.5,2.0,unknown
anonymous,1777117248916,-2.030,-6.559,-4.142,1.7908,49.107049,16.728473,59.5,2.0,unknown
anonymous,1777117248933,-1.009,-9.273,-5.686,1.1142,49.107049,16.728473,59.5,2.0,unknown
anonymous,1777117248950,3.887,-6.871,-0.859,1.8693,49.107049,16.728473,59.5,2.0,unknown
anonymous,1777117248967,-2.019,-7.593,-3.803,1.0816,49.107049,16.728473,59.5,2.0,unknown
anonymous,1777117248983,-0.834,-5.678,-5.462,1.8876,49.107049,16.728473,59.5,2.0,unknown
anonymous,1777117249000,-2.046,-4.729,-8.581,0.1991,49.107049,16.728473,59.5,2.0,unknown
anonymous,1777117249017,1.597,-4.566,-15.399,6.3307,49.107049,16.728473,59.5,2.0,unknown
anonymous,1777117249033,2.832,-3.623,-9.806,1.0209,49.107049,16.728473,59.5,2.0,unknown
anonymous,1777117249050,-0.662,-7.595,-12.499,4.8308,49.107049,16.728473,59.5,2.0,unknown
anonymous,1777117249066,-1.264,-7.599,-11.667,4.1712,49.106887,16.728301,70.0,2.0,unknown
anonymous,1777117249083,-1.686,-7.872,-16.456,8.5096,49.106887,16.728301,70.0,2.0,unknown
anonymous,1777117249100,2.280,-5.280,-12.563,4.0073,49.106887,16.728301,70.0,2.0,unknown
anonymous,1777117249117,0.732,-5.327,-6.454,1.4100,49.106887,16.728301,70.0,2.0,unknown
anonymous,1777117249134,-2.333,-6.259,-13.832,5.5500,49.106887,16.728301,70.0,2.0,unknown
anonymous,1777117249150,-2.851,-8.074,-11.080,4.1928,49.106887,16.728301,70.0,2.0,unknown
anonymous,1777117249167,-0.564,-5.997,-11.945,3.5674,49.106887,16.728301,70.0,2.0,unknown
anonymous,1777117249183,1.167,-5.203,-12.700,3.9637,49.106887,16.728301,70.0,2.0,unknown
anonymous,1777117249200,0.137,-4.909,-2.551,4.2762,49.106887,16.728301,70.0,2.0,unknown
anonymous,1777117249217,-0.564,-6.220,-13.281,4.8661,49.106887,16.728301,70.0,2.0,unknown
anonymous,1777117249233,-0.288,-4.224,-4.396,3.7070,49.106887,16.728301,70.0,2.0,unknown
anonymous,1777117249250,-0.216,-4.079,-6.025,2.5309,49.106887,16.728301,70.0,2.0,unknown
anonymous,1777117249267,-0.108,-4.835,-9.919,1.2251,49.106887,16.728301,70.0,2.0,unknown
anonymous,1777117249283,0.581,-5.790,-8.616,0.5865,49.106887,16.728301,70.0,2.0,unknown
anonymous,1777117249300,2.839,-5.544,-5.824,1.2829,49.106887,16.728301,70.0,2.0,unknown
anonymous,1777117249317,2.229,-6.809,-8.708,1.4668,49.106887,16.728301,70.0,2.0,unknown
anonymous,1777117249333,-0.599,-7.125,-7.961,0.8905,49.106887,16.728301,70.0,2.0,unknown
anonymous,1777117249350,-1.798,-5.911,-9.905,1.8643,49.106887,16.728301,70.0,2.0,unknown
anonymous,1777117249367,-2.120,-4.046,-6.221,2.0924,49.106887,16.728301,70.0,2.0,unknown
anonymous,1777117249383,-0.449,-3.652,-9.270,0.1632,49.106887,16.728301,70.0,2.0,unknown
anonymous,1777117249400,-0.652,-5.030,-6.789,1.3355,49.106887,16.728301,70.0,2.0,unknown
anonymous,1777117249417,-1.807,-6.644,-8.561,1.1761,49.106887,16.728301,70.0,2.0,unknown
anonymous,1777117249433,3.114,-10.348,-2.995,1.4034,49.106887,16.728301,70.0,2.0,unknown
anonymous,1777117249450,3.453,-6.124,-8.385,1.1322,49.106887,16.728301,70.0,2.0,unknown
anonymous,1777117249466,-0.834,-6.252,-8.529,0.7979,49.106887,16.728301,70.0,2.0,unknown
anonymous,1777117249489,-2.382,-8.536,-3.302,0.3532,49.106887,16.728301,70.0,2.0,unknown
anonymous,1777117249500,-2.837,-6.055,-6.023,0.8106,49.106887,16.728301,70.0,2.0,unknown
anonymous,1777117249517,0.175,-6.043,-5.998,1.2933,49.106887,16.728301,70.0,2.0,unknown
anonymous,1777117249534,2.639,-8.797,-11.047,4.5565,49.106887,16.728301,70.0,2.0,unknown
anonymous,1777117249550,0.504,-7.918,-12.852,5.2941,49.106887,16.728301,70.0,2.0,unknown
anonymous,1777117249567,-1.540,-7.428,-5.974,0.1541,49.106887,16.728301,70.0,2.0,unknown
anonymous,1777117249583,-0.690,-7.280,-9.896,2.4945,49.106887,16.728301,70.0,2.0,unknown
anonymous,1777117249604,3.056,-8.691,-14.439,7.3173,49.106887,16.728301,70.0,2.0,unknown
anonymous,1777117249616,-1.162,-4.704,-4.103,3.4609,49.106887,16.728301,70.0,2.0,unknown
anonymous,1777117249633,-0.292,-7.590,-5.495,0.4351,49.106887,16.728301,70.0,2.0,unknown
anonymous,1777117249650,-2.223,-12.510,-4.239,3.5841,49.106887,16.728301,70.0,2.0,unknown
anonymous,1777117249666,1.071,-5.971,-2.976,3.0533,49.106887,16.728301,70.0,2.0,unknown
anonymous,1777117249683,-1.352,-7.014,-7.468,0.5238,49.106887,16.728301,70.0,2.0,unknown
anonymous,1777117249700,-1.350,-5.781,-8.125,0.2530,49.106887,16.728301,70.0,2.0,unknown
anonymous,1777117249717,2.465,-4.923,-6.554,1.2504,49.106887,16.728301,70.0,2.0,unknown
anonymous,1777117249733,-4.168,-6.048,-2.094,2.1720,49.106887,16.728301,70.0,2.0,unknown
anonymous,1777117249750,-1.717,-9.163,-7.352,2.0625,49.106887,16.728301,70.0,2.0,unknown
anonymous,1777117249767,0.796,-7.542,2.944,1.6752,49.106887,16.728301,70.0,2.0,unknown
anonymous,1777117249784,0.614,-8.753,0.288,1.0307,49.106887,16.728301,70.0,2.0,unknown
anonymous,1777117249799,2.945,-6.128,-9.221,1.6465,49.106887,16.728301,70.0,2.0,unknown
anonymous,1777117249817,-3.220,-8.513,-3.224,0.1543,49.106887,16.728301,70.0,2.0,unknown
anonymous,1777117249833,3.286,-6.649,4.041,1.3643,49.106887,16.728301,70.0,2.0,unknown
anonymous,1777117249850,3.716,-5.371,-12.877,4.6286,49.106887,16.728301,70.0,2.0,unknown
anonymous,1777117249867,-1.612,-4.530,-5.336,2.6269,49.106887,16.728301,70.0,2.0,unknown
anonymous,1777117249883,-0.276,-9.671,-3.401,0.4453,49.106887,16.728301,70.0,2.0,unknown
anonymous,1777117249900,0.332,-8.724,-4.413,0.0276,49.106887,16.728301,70.0,2.0,unknown
anonymous,1777117249916,3.406,-8.894,-10.763,4.5615,49.106887,16.728301,70.0,2.0,unknown
anonymous,1777117249933,-0.547,-9.826,-10.367,4.4842,49.106887,16.728301,70.0,2.0,unknown
anonymous,1777117249950,-1.090,-5.329,-11.072,2.5256,49.106887,16.728301,70.0,2.0,unknown
anonymous,1777117249967,1.196,-5.141,-13.302,4.5012,49.106887,16.728301,70.0,2.0,unknown
anonymous,1777117249983,0.439,-6.602,-4.269,1.9355,49.106887,16.728301,70.0,2.0,unknown
anonymous,1777117250000,-1.064,-9.119,-9.352,3.2953,49.106887,16.728301,70.0,2.0,unknown
anonymous,1777117250017,0.077,-7.873,-5.530,0.1891,49.106887,16.728301,70.0,2.0,unknown
anonymous,1777117250046,-0.241,-6.615,-11.933,3.8363,49.106887,16.728301,70.0,2.0,unknown
anonymous,1777117250051,-1.552,-7.241,-7.611,0.8096,49.106699,16.728103,81.9,2.0,unknown
anonymous,1777117250067,-2.383,-8.954,-5.940,1.1958,49.106699,16.728103,81.9,2.0,unknown
anonymous,1777117250083,1.977,-9.995,-5.769,1.8984,49.106699,16.728103,81.9,2.0,unknown
anonymous,1777117250100,3.776,-7.110,-2.999,1.2194,49.106699,16.728103,81.9,2.0,unknown
anonymous,1777117250116,-2.263,-9.328,-10.452,4.3806,49.106699,16.728103,81.9,2.0,unknown
anonymous,1777117250134,-1.452,-7.716,-9.397,2.4350,49.106699,16.728103,81.9,2.0,unknown
anonymous,1777117250150,-0.477,-5.388,-6.643,1.2433,49.106699,16.728103,81.9,2.0,unknown
anonymous,1777117250166,3.864,-6.053,-7.960,0.9100,49.106699,16.728103,81.9,2.0,unknown
anonymous,1777117250183,-2.657,-11.325,-4.480,2.6548,49.106699,16.728103,81.9,2.0,unknown
anonymous,1777117250200,0.949,-8.984,-9.460,3.2710,49.106699,16.728103,81.9,2.0,unknown
anonymous,1777117250216,-1.794,-8.755,-13.033,5.9930,49.106699,16.728103,81.9,2.0,unknown
anonymous,1777117250233,0.202,-7.889,-5.167,0.3774,49.106699,16.728103,81.9,2.0,unknown
anonymous,1777117250250,0.369,-6.992,-5.093,1.1523,49.106699,16.728103,81.9,2.0,unknown
anonymous,1777117250267,-0.917,-9.145,-14.153,7.0652,49.106699,16.728103,81.9,2.0,unknown
anonymous,1777117250283,0.665,-3.309,-4.828,3.9188,49.106699,16.728103,81.9,2.0,unknown
anonymous,1777117250300,-0.744,-6.633,-11.731,3.6865,49.106699,16.728103,81.9,2.0,unknown
anonymous,1777117250316,-1.845,-10.118,1.319,0.5587,49.106699,16.728103,81.9,2.0,unknown
anonymous,1777117250334,-0.540,-8.216,1.150,1.4965,49.106699,16.728103,81.9,2.0,unknown
anonymous,1777117250350,4.126,-10.384,-5.868,2.8105,49.106699,16.728103,81.9,2.0,unknown
anonymous,1777117250367,-2.033,-10.655,-1.184,1.1014,49.106699,16.728103,81.9,2.0,unknown
anonymous,1777117250383,-0.738,-6.015,-10.272,2.1161,49.106699,16.728103,81.9,2.0,unknown
anonymous,1777117250401,1.967,-8.045,-9.278,2.6265,49.106699,16.728103,81.9,2.0,unknown
anonymous,1777117250417,-1.301,-8.494,-7.939,1.8887,49.106699,16.728103,81.9,2.0,unknown
anonymous,1777117250434,1.965,-7.745,-8.200,1.6390,49.106699,16.728103,81.9,2.0,unknown
anonymous,1777117250450,-0.900,-7.371,-11.413,3.8062,49.106699,16.728103,81.9,2.0,unknown
anonymous,1777117250467,1.245,-6.755,-12.864,4.7732,49.106699,16.728103,81.9,2.0,unknown
anonymous,1777117250483,1.026,-8.324,-9.352,2.7513,49.106699,16.728103,81.9,2.0,unknown
anonymous,1777117250500,-2.490,-9.864,-8.229,3.2753,49.106699,16.728103,81.9,2.0,unknown
anonymous,1777117250517,1.627,-6.822,-5.006,1.1930,49.106699,16.728103,81.9,2.0,unknown
anonymous,1777117250533,-1.296,-8.281,-7.473,1.4198,49.106699,16.728103,81.9,2.0,unknown
anonymous,1777117250550,-1.324,-8.269,-4.767,0.1739,49.106699,16.728103,81.9,2.0,unknown
anonymous,1777117250567,-1.771,-10.846,0.324,1.1849,49.106699,16.728103,81.9,2.0,unknown
anonymous,1777117250583,2.302,-7.448,-10.310,3.1155,49.106699,16.728103,81.9,2.0,unknown
anonymous,1777117250600,-0.363,-7.572,-12.063,4.4369,49.106699,16.728103,81.9,2.0,unknown
anonymous,1777117250617,1.456,-7.675,-5.645,0.1720,49.106699,16.728103,81.9,2.0,unknown
anonymous,1777117250634,-2.167,-8.584,-6.218,1.0086,49.106699,16.728103,81.9,2.0,unknown
anonymous,1777117250650,-0.421,-7.816,-8.673,1.8733,49.106699,16.728103,81.9,2.0,unknown
anonymous,1777117250667,-0.470,-8.263,-7.132,1.1155,49.106699,16.728103,81.9,2.0,unknown
anonymous,1777117250683,-3.062,-9.044,-4.030,0.5541,49.106699,16.728103,81.9,2.0,unknown
anonymous,1777117250701,2.652,-6.643,-8.022,0.9378,49.106699,16.728103,81.9,2.0,unknown
anonymous,1777117250717,-3.947,-10.064,-4.568,1.9264,49.106699,16.728103,81.9,2.0,unknown
anonymous,1777117250734,-1.591,-7.948,-5.932,0.2343,49.106699,16.728103,81.9,2.0,unknown
anonymous,1777117250751,3.849,-6.137,-12.694,4.8058,49.106699,16.728103,81.9,2.0,unknown
anonymous,1777117250767,-1.240,-5.640,-4.494,2.4930,49.106699,16.728103,81.9,2.0,unknown
anonymous,1777117250784,0.019,-7.911,-14.149,6.4005,49.106699,16.728103,81.9,2.0,unknown
anonymous,1777117250800,-0.870,-9.320,-4.031,0.3814,49.106699,16.728103,81.9,2.0,unknown
anonymous,1777117250817,0.803,-8.346,-10.988,4.0115,49.106699,16.728103,81.9,2.0,unknown
anonymous,1777117250834,3.446,-3.534,-3.298,3.8728,49.106699,16.728103,81.9,2.0,unknown
anonymous,1777117250850,-3.756,-8.841,-12.838,6.2237,49.106699,16.728103,81.9,2.0,unknown
anonymous,1777117250867,1.292,-8.698,-6.236,0.9703,49.106699,16.728103,81.9,2.0,unknown
anonymous,1777117250883,3.791,-9.590,-3.262,1.0061,49.106699,16.728103,81.9,2.0,unknown
anonymous,1777117250900,-1.134,-8.527,-8.434,2.2368,49.106699,16.728103,81.9,2.0,unknown
anonymous,1777117250918,1.735,-7.208,-4.929,0.9071,49.106699,16.728103,81.9,2.0,unknown
anonymous,1777117250933,-2.475,-7.016,-6.468,0.0488,49.106699,16.728103,81.9,2.0,unknown
anonymous,1777117250950,2.789,-7.632,-9.287,2.5296,49.106699,16.728103,81.9,2.0,unknown
anonymous,1777117250967,1.126,-7.776,-0.324,1.9463,49.106699,16.728103,81.9,2.0,unknown
anonymous,1777117250984,-3.384,-9.859,-2.758,0.9719,49.106699,16.728103,81.9,2.0,unknown
anonymous,1777117251000,0.715,-9.257,-2.337,0.2355,49.106699,16.728103,81.9,2.0,unknown
anonymous,1777117251017,1.742,-7.741,-13.686,6.0094,49.106699,16.728103,81.9,2.0,unknown
anonymous,1777117251034,1.383,-5.950,-11.762,3.4438,49.106699,16.728103,81.9,2.0,unknown
anonymous,1777117251051,-2.475,-9.173,0.597,0.2906,49.106699,16.728103,81.9,2.0,unknown
anonymous,1777117251068,-2.676,-8.193,-10.962,4.1347,49.106507,16.727900,88.7,2.0,unknown
anonymous,1777117251083,0.432,-9.295,-7.375,2.0632,49.106507,16.727900,88.7,2.0,unknown
anonymous,1777117251100,-0.119,-8.116,-8.275,1.7813,49.106507,16.727900,88.7,2.0,unknown
anonymous,1777117251117,-1.423,-7.286,-9.369,2.1436,49.106507,16.727900,88.7,2.0,unknown
anonymous,1777117251133,1.755,-7.642,-10.186,3.0442,49.106507,16.727900,88.7,2.0,unknown
anonymous,1777117251150,-0.868,-6.867,-2.532,2.4400,49.106507,16.727900,88.7,2.0,unknown
anonymous,1777117251167,2.104,-6.116,-12.988,4.6993,49.106507,16.727900,88.7,2.0,unknown
anonymous,1777117251184,-0.949,-6.208,-9.287,1.4014,49.106507,16.727900,88.7,2.0,unknown
anonymous,1777117251201,-0.189,-7.199,-5.819,0.5510,49.106507,16.727900,88.7,2.0,unknown
anonymous,1777117251216,2.060,-7.933,-5.596,0.1144,49.106507,16.727900,88.7,2.0,unknown
anonymous,1777117251234,-0.768,-7.072,-10.679,3.0214,49.106507,16.727900,88.7,2.0,unknown
anonymous,1777117251250,2.163,-7.493,-7.748,1.1836,49.106507,16.727900,88.7,2.0,unknown
anonymous,1777117251267,0.938,-7.133,2.255,2.2702,49.106507,16.727900,88.7,2.0,unknown
anonymous,1777117251284,0.428,-6.235,-4.260,2.2460,49.106507,16.727900,88.7,2.0,unknown
anonymous,1777117251300,0.381,-5.807,-5.385,1.8811,49.106507,16.727900,88.7,2.0,unknown
anonymous,1777117251316,-0.948,-4.547,-8.141,0.4371,49.106507,16.727900,88.7,2.0,unknown
anonymous,1777117251333,-0.788,-3.227,-6.921,2.1330,49.106507,16.727900,88.7,2.0,unknown
anonymous,1777117251350,0.223,-3.736,-8.251,0.7498,49.106507,16.727900,88.7,2.0,unknown
anonymous,1777117251367,-1.610,-4.056,-3.974,3.9074,49.106507,16.727900,88.7,2.0,unknown
anonymous,1777117251383,0.975,-6.330,-13.924,5.5162,49.106507,16.727900,88.7,2.0,unknown
anonymous,1777117251400,7.296,-4.625,-14.167,6.7830,49.106507,16.727900,88.7,2.0,unknown
anonymous,1777117251419,1.105,-3.957,-12.391,3.2442,49.106507,16.727900,88.7,2.0,unknown
anonymous,1777117251433,2.777,-3.515,-8.500,0.2012,49.106507,16.727900,88.7,2.0,unknown
anonymous,1777117251450,-2.924,-5.859,-9.834,2.0047,49.106507,16.727900,88.7,2.0,unknown
anonymous,1777117251467,-2.552,-6.087,-11.436,3.3944,49.106507,16.727900,88.7,2.0,unknown
anonymous,1777117251483,2.199,-5.230,-9.899,1.5992,49.106507,16.727900,88.7,2.0,unknown
anonymous,1777117251500,0.438,-4.561,-8.639,0.0310,49.106507,16.727900,88.7,2.0,unknown
anonymous,1777117251517,-1.430,-6.585,-4.455,1.7320,49.106507,16.727900,88.7,2.0,unknown
anonymous,1777117251533,-0.508,-7.468,-4.063,1.2929,49.106507,16.727900,88.7,2.0,unknown
anonymous,1777117251550,-0.355,-6.027,-7.945,0.1683,49.106507,16.727900,88.7,2.0,unknown
anonymous,1777117251567,-0.345,-4.819,-9.148,0.5356,49.106507,16.727900,88.7,2.0,unknown
anonymous,1777117251584,1.595,-3.161,-10.546,1.3145,49.106507,16.727900,88.7,2.0,unknown
anonymous,1777117251600,1.267,-3.748,-10.847,1.7357,49.106507,16.727900,88.7,2.0,unknown
anonymous,1777117251617,-2.281,-6.212,-7.170,0.0527,49.106507,16.727900,88.7,2.0,unknown
anonymous,1777117251633,-3.757,-7.509,-7.099,1.1849,49.106507,16.727900,88.7,2.0,unknown
anonymous,1777117251650,-2.329,-5.483,-8.192,0.3189,49.106507,16.727900,88.7,2.0,unknown
anonymous,1777117251667,4.359,-4.592,-12.576,4.2700,49.106507,16.727900,88.7,2.0,unknown
anonymous,1777117251684,-1.689,-6.820,-8.493,1.2123,49.106507,16.727900,88.7,2.0,unknown
anonymous,1777117251700,-2.085,-6.225,-8.547,0.9674,49.106507,16.727900,88.7,2.0,unknown
anonymous,1777117251717,1.532,-9.054,-4.074,0.2362,49.106507,16.727900,88.7,2.0,unknown
anonymous,1777117251733,-0.372,-5.202,-3.248,3.6665,49.106507,16.727900,88.7,2.0,unknown
anonymous,1777117251751,-0.010,-4.756,-8.176,0.3511,49.106507,16.727900,88.7,2.0,unknown
anonymous,1777117251767,-1.084,-6.687,-0.517,3.0157,49.106507,16.727900,88.7,2.0,unknown
anonymous,1777117251783,-2.211,-4.849,-1.946,4.1363,49.106507,16.727900,88.7,2.0,unknown
anonymous,1777117251800,0.310,-4.411,-8.719,0.0340,49.106507,16.727900,88.7,2.0,unknown
anonymous,1777117251817,0.791,-5.123,-5.467,2.2765,49.106507,16.727900,88.7,2.0,unknown
anonymous,1777117251833,-1.160,-6.048,-9.193,1.2549,49.106507,16.727900,88.7,2.0,unknown
anonymous,1777117251850,0.594,-7.540,-5.617,0.3893,49.106507,16.727900,88.7,2.0,unknown
anonymous,1777117251869,1.679,-7.884,-4.575,0.5411,49.106507,16.727900,88.7,2.0,unknown
anonymous,1777117251883,0.567,-6.842,-9.787,2.1447,49.106507,16.727900,88.7,2.0,unknown
anonymous,1777117251900,-0.856,-7.698,-10.891,3.5541,49.106507,16.727900,88.7,2.0,unknown
anonymous,1777117251917,-0.592,-7.796,-9.213,2.2738,49.106507,16.727900,88.7,2.0,unknown
anonymous,1777117251933,1.498,-7.772,-4.121,0.8867,49.106507,16.727900,88.7,2.0,unknown
anonymous,1777117251950,0.140,-8.036,-3.551,1.0227,49.106507,16.727900,88.7,2.0,unknown
anonymous,1777117251967,-0.318,-9.409,-6.149,1.4347,49.106507,16.727900,88.7,2.0,unknown
anonymous,1777117251984,2.049,-6.278,-10.323,2.4447,49.106507,16.727900,88.7,2.0,unknown
anonymous,1777117252000,-1.321,-6.241,-7.652,0.1522,49.106507,16.727900,88.7,2.0,unknown
anonymous,1777117252017,-0.407,-8.878,-4.896,0.3364,49.106507,16.727900,88.7,2.0,unknown
anonymous,1777117252033,-0.164,-9.037,-13.921,6.7879,49.106507,16.727900,88.7,2.0,unknown
anonymous,1777117252050,-1.885,-6.448,-8.286,0.8576,49.106295,16.727673,96.9,2.0,unknown
anonymous,1777117252067,0.753,-7.204,-0.871,2.5150,49.106295,16.727673,96.9,2.0,unknown
anonymous,1777117252083,-0.156,-6.123,-9.642,1.6132,49.106295,16.727673,96.9,2.0,unknown
anonymous,1777117252100,-2.573,-7.601,-3.969,0.8580,49.106295,16.727673,96.9,2.0,unknown
anonymous,1777117252117,3.220,-6.596,-6.266,0.1596,49.106295,16.727673,96.9,2.0,unknown
anonymous,1777117252133,2.459,-5.492,-12.768,4.3044,49.106295,16.727673,96.9,2.0,unknown
anonymous,1777117252150,-1.169,-5.006,-6.910,1.1971,49.106295,16.727673,96.9,2.0,unknown
anonymous,1777117252167,1.247,-10.000,-2.173,0.4991,49.106295,16.727673,96.9,2.0,unknown
anonymous,1777117252183,2.488,-9.105,-12.595,5.9294,49.106295,16.727673,96.9,2.0,unknown
anonymous,1777117252200,0.709,-6.411,-6.533,0.6292,49.106295,16.727673,96.9,2.0,unknown
anonymous,1777117252217,-0.515,-9.328,0.148,0.4665,49.106295,16.727673,96.9,2.0,unknown
anonymous,1777117252233,-0.894,-9.066,-12.095,5.3319,49.106295,16.727673,96.9,2.0,unknown
anonymous,1777117252250,1.653,-6.123,-12.261,3.9938,49.106295,16.727673,96.9,2.0,unknown
anonymous,1777117252266,0.939,-4.998,-5.162,2.5634,49.106295,16.727673,96.9,2.0,unknown
anonymous,1777117252284,-2.485,-6.776,-9.307,1.9671,49.106295,16.727673,96.9,2.0,unknown
anonymous,1777117252300,0.082,-7.371,-5.355,0.6991,49.106295,16.727673,96.9,2.0,unknown
anonymous,1777117252317,-0.092,-6.033,-0.021,3.7760,49.106295,16.727673,96.9,2.0,unknown
anonymous,1777117252333,3.944,-6.923,-21.739,13.3428,49.106295,16.727673,96.9,2.0,unknown
anonymous,1777117252350,-0.686,-7.051,-7.343,0.3933,49.106295,16.727673,96.9,2.0,unknown
anonymous,1777117252367,-5.177,-8.041,-3.248,0.2898,49.106295,16.727673,96.9,2.0,unknown
anonymous,1777117252384,-2.767,-8.534,-4.935,0.4291,49.106295,16.727673,96.9,2.0,unknown
anonymous,1777117252400,10.520,-7.090,-8.981,5.7326,49.106295,16.727673,96.9,2.0,unknown
anonymous,1777117252417,-3.363,-5.576,-5.618,1.2095,49.106295,16.727673,96.9,2.0,unknown
anonymous,1777117252433,-2.706,-9.848,-2.775,0.7735,49.106295,16.727673,96.9,2.0,unknown
anonymous,1777117252450,0.385,-6.270,-13.460,5.0437,49.106295,16.727673,96.9,2.0,unknown
anonymous,1777117252466,-3.881,-5.386,-11.490,3.4599,49.106295,16.727673,96.9,2.0,unknown
anonymous,1777117252484,0.994,-5.729,-12.345,3.8352,49.106295,16.727673,96.9,2.0,unknown
anonymous,1777117252500,-4.181,-11.259,2.104,2.3832,49.106295,16.727673,96.9,2.0,unknown
anonymous,1777117252517,-2.725,-12.135,0.349,2.6317,49.106295,16.727673,96.9,2.0,unknown
anonymous,1777117252535,4.888,-6.953,-6.518,0.9002,49.106295,16.727673,96.9,2.0,unknown
anonymous,1777117252550,0.922,-3.302,-10.772,1.4944,49.106295,16.727673,96.9,2.0,unknown
anonymous,1777117252566,-2.027,-6.839,-8.224,1.0766,49.106295,16.727673,96.9,2.0,unknown
anonymous,1777117252583,-3.498,-11.836,-9.187,5.5758,49.106295,16.727673,96.9,2.0,unknown
anonymous,1777117252600,1.727,-5.399,-13.408,4.7465,49.106295,16.727673,96.9,2.0,unknown
anonymous,1777117252617,7.748,-6.034,-8.146,2.9491,49.106295,16.727673,96.9,2.0,unknown
anonymous,1777117252633,-2.824,-11.089,-4.490,2.4822,49.106295,16.727673,96.9,2.0,unknown
anonymous,1777117252650,0.198,-10.278,-1.580,0.5902,49.106295,16.727673,96.9,2.0,unknown
anonymous,1777117252666,-2.943,-6.418,-6.489,0.2203,49.106295,16.727673,96.9,2.0,unknown
anonymous,1777117252684,0.325,-7.261,-4.786,1.1075,49.106295,16.727673,96.9,2.0,unknown
anonymous,1777117252700,0.009,-11.132,-0.637,1.3399,49.106295,16.727673,96.9,2.0,unknown
anonymous,1777117252717,-4.015,-8.600,-6.343,1.6062,49.106295,16.727673,96.9,2.0,unknown
anonymous,1777117252733,1.362,-7.336,-12.057,4.3686,49.106295,16.727673,96.9,2.0,unknown
anonymous,1777117252750,0.578,-6.635,-11.436,3.4243,49.106295,16.727673,96.9,2.0,unknown
anonymous,1777117252766,-1.879,-4.687,-8.478,0.0581,49.106295,16.727673,96.9,2.0,unknown
anonymous,1777117252784,-3.728,-6.497,-4.528,1.0573,49.106295,16.727673,96.9,2.0,unknown
anonymous,1777117252800,1.807,-8.633,-1.100,0.9221,49.106295,16.727673,96.9,2.0,unknown
anonymous,1777117252817,3.810,-6.945,-12.758,5.2077,49.106295,16.727673,96.9,2.0,unknown
anonymous,1777117252833,1.469,-6.377,-7.859,0.4166,49.106295,16.727673,96.9,2.0,unknown
anonymous,1777117252850,-0.556,-7.182,-0.409,2.5954,49.106295,16.727673,96.9,2.0,unknown
anonymous,1777117252866,-1.417,-5.822,-14.027,5.4430,49.106295,16.727673,96.9,2.0,unknown
anonymous,1777117252884,0.558,-3.787,-6.433,2.3241,49.106295,16.727673,96.9,2.0,unknown
anonymous,1777117252900,2.411,-8.439,-8.644,2.5088,49.106295,16.727673,96.9,2.0,unknown
anonymous,1777117252917,0.671,-8.396,-8.164,1.9200,49.106295,16.727673,96.9,2.0,unknown
anonymous,1777117252934,3.060,-6.327,-14.590,6.3849,49.106295,16.727673,96.9,2.0,unknown
anonymous,1777117252950,-1.853,-6.871,-14.065,5.9529,49.106295,16.727673,96.9,2.0,unknown
anonymous,1777117252967,-1.391,-6.742,-6.089,0.6192,49.106295,16.727673,96.9,2.0,unknown
anonymous,1777117252984,-0.306,-5.381,-15.424,6.5283,49.106295,16.727673,96.9,2.0,unknown
anonymous,1777117253000,-1.105,-5.750,-6.263,1.2366,49.106295,16.727673,96.9,2.0,unknown
anonymous,1777117253016,-1.298,-7.751,-11.057,3.7558,49.106295,16.727673,96.9,2.0,unknown
anonymous,1777117253033,-2.579,-8.499,-6.245,1.0472,49.106295,16.727673,96.9,2.0,unknown
anonymous,1777117253050,0.472,-5.379,-3.011,3.6277,49.106295,16.727673,96.9,2.0,unknown
anonymous,1777117253068,-0.202,-6.536,-8.482,0.9002,49.106075,16.727435,102.9,2.2,unknown
anonymous,1777117253084,-2.536,-8.461,-1.081,0.9116,49.106075,16.727435,102.9,2.2,unknown
anonymous,1777117253099,-0.206,-7.681,-13.822,6.0043,49.106075,16.727435,102.9,2.2,unknown
anonymous,1777117253116,1.908,-7.143,-9.544,2.2624,49.106075,16.727435,102.9,2.2,unknown
anonymous,1777117253133,-2.238,-9.600,-0.910,0.0895,49.106075,16.727435,102.9,2.2,unknown
anonymous,1777117253150,-0.070,-8.857,-17.093,9.4413,49.106075,16.727435,102.9,2.2,unknown
anonymous,1777117253166,1.111,-5.863,-11.820,3.4314,49.106075,16.727435,102.9,2.2,unknown
anonymous,1777117253184,0.040,-6.538,-5.615,1.1915,49.106075,16.727435,102.9,2.2,unknown
anonymous,1777117253199,-1.435,-8.016,-6.825,0.8153,49.106075,16.727435,102.9,2.2,unknown
anonymous,1777117253217,-1.583,-10.117,-13.507,7.1400,49.106075,16.727435,102.9,2.2,unknown
anonymous,1777117253233,5.471,-4.308,-14.632,6.3944,49.106075,16.727435,102.9,2.2,unknown
anonymous,1777117253250,-0.216,-7.036,-7.962,0.8180,49.106075,16.727435,102.9,2.2,unknown
anonymous,1777117253266,-3.274,-10.219,-1.186,0.9863,49.106075,16.727435,102.9,2.2,unknown
anonymous,1777117253284,0.584,-7.421,-7.750,0.9354,49.106075,16.727435,102.9,2.2,unknown
anonymous,1777117253299,4.416,-2.497,-5.450,2.3639,49.106075,16.727435,102.9,2.2,unknown
anonymous,1777117253317,-2.390,-6.470,-9.054,1.5716,49.106075,16.727435,102.9,2.2,unknown
anonymous,1777117253333,-4.003,-7.827,-8.737,2.5848,49.106075,16.727435,102.9,2.2,unknown
anonymous,1777117253350,-1.151,-7.354,-10.477,3.0421,49.106075,16.727435,102.9,2.2,unknown
anonymous,1777117253366,0.676,-6.044,-8.793,0.8808,49.106075,16.727435,102.9,2.2,unknown
anonymous,1777117253384,0.866,-10.466,2.772,1.0516,49.106075,16.727435,102.9,2.2,unknown
anonymous,1777117253399,0.808,-8.315,-10.161,3.3445,49.106075,16.727435,102.9,2.2,unknown
anonymous,1777117253416,-0.966,-7.038,-6.148,0.4149,49.106075,16.727435,102.9,2.2,unknown
anonymous,1777117253433,-0.455,-6.654,-1.305,3.0139,49.106075,16.727435,102.9,2.2,unknown
anonymous,1777117253449,-0.265,-4.361,-12.918,3.8270,49.106075,16.727435,102.9,2.2,unknown
anonymous,1777117253466,-0.341,-3.437,-3.664,4.7744,49.106075,16.727435,102.9,2.2,unknown
anonymous,1777117253484,-1.235,-6.981,-5.546,0.8084,49.106075,16.727435,102.9,2.2,unknown
anonymous,1777117253499,-1.727,-9.254,1.654,0.2518,49.106075,16.727435,102.9,2.2,unknown
anonymous,1777117253517,0.774,-6.223,-8.827,1.0176,49.106075,16.727435,102.9,2.2,unknown
anonymous,1777117253533,2.017,-7.106,-1.412,2.2894,49.106075,16.727435,102.9,2.2,unknown
anonymous,1777117253549,-0.473,-5.157,-7.620,0.5968,49.106075,16.727435,102.9,2.2,unknown
anonymous,1777117253567,-2.309,-7.012,-12.172,4.4254,49.106075,16.727435,102.9,2.2,unknown
anonymous,1777117253584,-1.099,-6.537,-7.886,0.4920,49.106075,16.727435,102.9,2.2,unknown
anonymous,1777117253600,-0.617,-6.950,-10.387,2.7028,49.106075,16.727435,102.9,2.2,unknown
anonymous,1777117253617,1.340,-10.465,1.371,0.8295,49.106075,16.727435,102.9,2.2,unknown
anonymous,1777117253634,-0.490,-7.833,-0.390,1.9520,49.106075,16.727435,102.9,2.2,unknown
anonymous,1777117253650,0.109,-7.219,-7.028,0.2656,49.106075,16.727435,102.9,2.2,unknown
anonymous,1777117253667,-1.229,-6.747,-10.216,2.4948,49.106075,16.727435,102.9,2.2,unknown
anonymous,1777117253684,-1.762,-3.868,-8.118,0.6468,49.106075,16.727435,102.9,2.2,unknown
anonymous,1777117253700,-1.814,-7.321,-10.154,2.8391,49.106075,16.727435,102.9,2.2,unknown
anonymous,1777117253717,-1.366,-7.971,-4.805,0.4029,49.106075,16.727435,102.9,2.2,unknown
anonymous,1777117253734,-1.210,-10.167,-2.900,0.8313,49.106075,16.727435,102.9,2.2,unknown
anonymous,1777117253750,2.284,-7.117,-4.296,1.1885,49.106075,16.727435,102.9,2.2,unknown
anonymous,1777117253767,-0.071,-5.768,-11.098,2.6977,49.106075,16.727435,102.9,2.2,unknown
anonymous,1777117253784,-0.385,-6.712,-7.243,0.0725,49.106075,16.727435,102.9,2.2,unknown
anonymous,1777117253800,-2.887,-9.454,-4.958,1.2491,49.106075,16.727435,102.9,2.2,unknown
anonymous,1777117253817,-0.825,-6.792,-8.997,1.4927,49.106075,16.727435,102.9,2.2,unknown
anonymous,1777117253834,1.648,-5.663,-6.168,1.2762,49.106075,16.727435,102.9,2.2,unknown
anonymous,1777117253850,0.382,-6.266,-4.859,1.8716,49.106075,16.727435,102.9,2.2,unknown
anonymous,1777117253867,-0.858,-6.865,-7.878,0.6747,49.106075,16.727435,102.9,2.2,unknown
anonymous,1777117253884,-0.689,-6.947,-11.668,3.7866,49.106075,16.727435,102.9,2.2,unknown
anonymous,1777117253900,-0.579,-9.468,-2.963,0.1272,49.106075,16.727435,102.9,2.2,unknown
anonymous,1777117253917,-2.144,-7.916,-5.418,0.0192,49.106075,16.727435,102.9,2.2,unknown
anonymous,1777117253933,0.779,-7.595,-11.926,4.3503,49.106075,16.727435,102.9,2.2,unknown
anonymous,1777117253950,1.118,-5.338,-6.790,1.1005,49.106075,16.727435,102.9,2.2,unknown
anonymous,1777117253967,-0.768,-8.361,-2.609,1.0180,49.106075,16.727435,102.9,2.2,unknown
anonymous,1777117253984,-1.810,-7.748,-7.491,1.1180,49.106075,16.727435,102.9,2.2,unknown
anonymous,1777117254000,-1.445,-6.738,-9.115,1.6171,49.106075,16.727435,102.9,2.2,unknown
anonymous,1777117254017,2.236,-5.639,-5.873,1.3669,49.106075,16.727435,102.9,2.2,unknown
anonymous,1777117254033,0.860,-7.903,-4.350,0.7484,49.106075,16.727435,102.9,2.2,unknown
anonymous,1777117254053,-0.928,-8.775,-3.472,0.3271,49.105838,16.727211,107.6,2.0,unknown
anonymous,1777117254068,-0.079,-5.595,-8.435,0.3121,49.105838,16.727211,107.6,2.0,unknown
anonymous,1777117254084,0.000,-4.447,-8.576,0.1494,49.105838,16.727211,107.6,2.0,unknown
anonymous,1777117254100,-1.295,-5.534,-6.994,0.7975,49.105838,16.727211,107.6,2.0,unknown
anonymous,1777117254117,-1.781,-6.959,-7.353,0.4695,49.105838,16.727211,107.6,2.0,unknown
anonymous,1777117254134,1.034,-5.865,-4.860,2.1232,49.105838,16.727211,107.6,2.0,unknown
anonymous,1777117254150,3.013,-4.465,-14.273,5.4455,49.105838,16.727211,107.6,2.0,unknown
anonymous,1777117254167,-2.893,-6.689,-4.165,1.4162,49.105838,16.727211,107.6,2.0,unknown
anonymous,1777117254184,-1.753,-9.533,-0.424,0.1082,49.105838,16.727211,107.6,2.0,unknown
anonymous,1777117254200,-0.501,-4.544,-6.257,2.0608,49.105838,16.727211,107.6,2.0,unknown
anonymous,1777117254217,3.056,-5.841,-13.224,4.9662,49.105838,16.727211,107.6,2.0,unknown
anonymous,1777117254234,0.947,-5.684,-10.940,2.5550,49.105838,16.727211,107.6,2.0,unknown
anonymous,1777117254250,-2.389,-8.223,-4.489,0.1420,49.105838,16.727211,107.6,2.0,unknown
anonymous,1777117254267,-2.904,-7.771,-5.627,0.2147,49.105838,16.727211,107.6,2.0,unknown
anonymous,1777117254284,0.422,-6.734,-10.560,2.7214,49.105838,16.727211,107.6,2.0,unknown
anonymous,1777117254300,3.714,-6.967,-10.129,3.0322,49.105838,16.727211,107.6,2.0,unknown
anonymous,1777117254317,-0.652,-3.770,-8.924,0.1008,49.105838,16.727211,107.6,2.0,unknown
anonymous,1777117254334,-0.824,-6.393,-12.515,4.2675,49.105838,16.727211,107.6,2.0,unknown
anonymous,1777117254350,-1.150,-5.946,-8.497,0.6239,49.105838,16.727211,107.6,2.0,unknown
anonymous,1777117254367,-1.663,-7.886,-8.581,1.9625,49.105838,16.727211,107.6,2.0,unknown
anonymous,1777117254384,0.802,-8.491,-6.461,0.8899,49.105838,16.727211,107.6,2.0,unknown
anonymous,1777117254400,0.291,-7.983,2.333,1.4880,49.105838,16.727211,107.6,2.0,unknown
anonymous,1777117254417,-0.697,-5.176,-8.163,0.1190,49.105838,16.727211,107.6,2.0,unknown
anonymous,1777117254433,-0.813,-6.558,-8.810,1.2025,49.105838,16.727211,107.6,2.0,unknown
anonymous,1777117254450,-1.481,-6.712,-10.443,2.6921,49.105838,16.727211,107.6,2.0,unknown
anonymous,1777117254467,1.417,-5.053,-6.752,1.2583,49.105838,16.727211,107.6,2.0,unknown
anonymous,1777117254484,0.743,-9.858,-10.675,4.7389,49.105838,16.727211,107.6,2.0,unknown
anonymous,1777117254500,1.024,-6.249,-12.133,3.8765,49.105838,16.727211,107.6,2.0,unknown
anonymous,1777117254517,1.055,-3.375,-5.716,3.0885,49.105838,16.727211,107.6,2.0,unknown
anonymous,1777117254534,-0.276,-3.309,-8.368,0.8072,49.105838,16.727211,107.6,2.0,unknown
anonymous,1777117254550,-0.872,-4.878,-8.067,0.3421,49.105838,16.727211,107.6,2.0,unknown
anonymous,1777117254567,-0.406,-6.876,-10.232,2.5244,49.105838,16.727211,107.6,2.0,unknown
anonymous,1777117254584,1.404,-5.055,-5.913,1.9048,49.105838,16.727211,107.6,2.0,unknown
anonymous,1777117254600,1.104,-9.625,-3.818,0.6031,49.105838,16.727211,107.6,2.0,unknown
anonymous,1777117254617,1.115,-5.569,-7.539,0.3708,49.105838,16.727211,107.6,2.0,unknown
anonymous,1777117254634,-0.918,-6.360,-7.851,0.3356,49.105838,16.727211,107.6,2.0,unknown
anonymous,1777117254650,-0.901,-6.689,0.170,3.0590,49.105838,16.727211,107.6,2.0,unknown
anonymous,1777117254667,-0.709,-8.153,-9.031,2.3778,49.105838,16.727211,107.6,2.0,unknown
anonymous,1777117254684,0.668,-6.233,-11.744,3.5024,49.105838,16.727211,107.6,2.0,unknown
anonymous,1777117254700,5.840,-2.431,-6.400,0.8114,49.105838,16.727211,107.6,2.0,unknown
anonymous,1777117254717,-3.166,-6.372,-5.233,0.9776,49.105838,16.727211,107.6,2.0,unknown
anonymous,1777117254734,-2.797,-9.385,-8.397,3.0902,49.105838,16.727211,107.6,2.0,unknown
anonymous,1777117254750,0.512,-2.990,-10.119,0.7541,49.105838,16.727211,107.6,2.0,unknown
anonymous,1777117254767,5.025,-4.889,-13.745,5.6195,49.105838,16.727211,107.6,2.0,unknown
anonymous,1777117254784,-3.206,-8.681,-2.594,0.1997,49.105838,16.727211,107.6,2.0,unknown
anonymous,1777117254800,-2.095,-9.702,-3.197,0.6175,49.105838,16.727211,107.6,2.0,unknown
anonymous,1777117254817,3.479,-6.232,-13.725,5.6595,49.105838,16.727211,107.6,2.0,unknown
anonymous,1777117254834,0.573,-3.921,-10.310,1.2357,49.105838,16.727211,107.6,2.0,unknown
anonymous,1777117254850,-0.066,-2.236,-9.163,0.3776,49.105838,16.727211,107.6,2.0,unknown
anonymous,1777117254867,-1.979,-3.030,-7.522,1.4627,49.105838,16.727211,107.6,2.0,unknown
anonymous,1777117254884,-3.211,-5.688,-8.036,0.5461,49.105838,16.727211,107.6,2.0,unknown
anonymous,1777117254900,-1.227,-6.690,-7.218,0.1082,49.105838,16.727211,107.6,2.0,unknown
anonymous,1777117254917,3.891,-7.543,-0.971,1.2666,49.105838,16.727211,107.6,2.0,unknown
anonymous,1777117254934,-0.997,-5.774,-0.751,3.9030,49.105838,16.727211,107.6,2.0,unknown
anonymous,1777117254950,0.808,-4.976,-14.498,5.5395,49.105838,16.727211,107.6,2.0,unknown
anonymous,1777117254967,-2.367,-2.023,-10.399,1.0451,49.105838,16.727211,107.6,2.0,unknown
anonymous,1777117254984,1.422,-5.852,-11.096,2.8148,49.105838,16.727211,107.6,2.0,unknown
anonymous,1777117255000,0.710,-5.574,-6.640,1.1113,49.105838,16.727211,107.6,2.0,unknown
anonymous,1777117255017,-1.434,-10.989,-4.504,2.1525,49.105838,16.727211,107.6,2.0,unknown
anonymous,1777117255034,5.237,-4.194,-12.041,3.9738,49.105838,16.727211,107.6,2.0,unknown
anonymous,1777117255050,-0.164,-4.125,-8.894,0.0046,49.105838,16.727211,107.6,2.0,unknown
anonymous,1777117255067,-1.379,-3.851,-13.255,4.0619,49.105606,16.726930,113.3,2.0,unknown
anonymous,1777117255083,-1.962,-5.136,-5.313,2.1645,49.105606,16.726930,113.3,2.0,unknown
anonymous,1777117255100,-2.455,-8.168,-4.327,0.2466,49.105606,16.726930,113.3,2.0,unknown
anonymous,1777117255117,4.843,-6.609,-6.172,0.4484,49.105606,16.726930,113.3,2.0,unknown
anonymous,1777117255134,-0.686,-6.549,-7.530,0.1934,49.105606,16.726930,113.3,2.0,unknown
anonymous,1777117255150,1.143,-4.366,-11.308,2.3652,49.105606,16.726930,113.3,2.0,unknown
anonymous,1777117255167,0.209,-4.622,-7.893,0.6609,49.105606,16.726930,113.3,2.0,unknown
anonymous,1777117255184,-1.910,-6.197,-7.590,0.1732,49.105606,16.726930,113.3,2.0,unknown
anonymous,1777117255201,-0.817,-7.922,-2.337,1.5103,49.105606,16.726930,113.3,2.0,unknown
anonymous,1777117255217,3.728,-4.065,-9.564,1.2304,49.105606,16.726930,113.3,2.0,unknown
anonymous,1777117255233,1.148,-4.214,-11.397,2.3951,49.105606,16.726930,113.3,2.0,unknown
anonymous,1777117255250,-1.104,-5.867,-9.216,1.1708,49.105606,16.726930,113.3,2.0,unknown
anonymous,1777117255267,-1.773,-6.248,-5.585,1.2442,49.105606,16.726930,113.3,2.0,unknown
anonymous,1777117255284,-1.312,-6.092,-4.837,1.9216,49.105606,16.726930,113.3,2.0,unknown
anonymous,1777117255300,2.681,-5.123,-7.374,0.4390,49.105606,16.726930,113.3,2.0,unknown
anonymous,1777117255317,2.751,-5.746,-6.415,0.7695,49.105606,16.726930,113.3,2.0,unknown
anonymous,1777117255333,-0.176,-3.297,-9.507,0.2541,49.105606,16.726930,113.3,2.0,unknown
anonymous,1777117255350,-0.934,-4.826,-8.203,0.2467,49.105606,16.726930,113.3,2.0,unknown
anonymous,1777117255367,-2.166,-5.516,-7.117,0.5486,49.105606,16.726930,113.3,2.0,unknown
anonymous,1777117255384,-1.204,-6.760,-6.674,0.2347,49.105606,16.726930,113.3,2.0,unknown
anonymous,1777117255400,-0.335,-6.792,-3.620,2.1065,49.105606,16.726930,113.3,2.0,unknown
anonymous,1777117255417,2.145,-4.744,-8.693,0.3228,49.105606,16.726930,113.3,2.0,unknown
anonymous,1777117255434,0.929,-4.889,-9.190,0.6413,49.105606,16.726930,113.3,2.0,unknown
anonymous,1777117255450,-0.471,-4.801,-8.950,0.3572,49.105606,16.726930,113.3,2.0,unknown
anonymous,1777117255467,-2.366,-5.649,-6.946,0.5494,49.105606,16.726930,113.3,2.0,unknown
anonymous,1777117255483,-1.620,-6.225,-8.479,0.8328,49.105606,16.726930,113.3,2.0,unknown
anonymous,1777117255500,1.881,-6.200,-4.291,2.0390,49.105606,16.726930,113.3,2.0,unknown
anonymous,1777117255519,2.802,-7.368,-5.780,0.0355,49.105606,16.726930,113.3,2.0,unknown
anonymous,1777117255534,0.358,-5.441,-6.366,1.4283,49.105606,16.726930,113.3,2.0,unknown
anonymous,1777117255550,0.396,-5.696,-11.711,3.2187,49.105606,16.726930,113.3,2.0,unknown
anonymous,1777117255567,-1.646,-4.377,-8.193,0.3759,49.105606,16.726930,113.3,2.0,unknown
anonymous,1777117255586,-1.692,-5.998,-9.920,1.9054,49.105606,16.726930,113.3,2.0,unknown
anonymous,1777117255600,-0.045,-6.983,-8.142,0.9170,49.105606,16.726930,113.3,2.0,unknown
anonymous,1777117255617,0.500,-7.811,-0.232,1.9796,49.105606,16.726930,113.3,2.0,unknown
anonymous,1777117255633,1.169,-6.406,-10.839,2.8343,49.105606,16.726930,113.3,2.0,unknown
anonymous,1777117255650,0.151,-4.411,-7.802,0.8462,49.105606,16.726930,113.3,2.0,unknown
anonymous,1777117255667,-0.681,-4.270,-6.038,2.3839,49.105606,16.726930,113.3,2.0,unknown
anonymous,1777117255684,-0.651,-3.647,-9.574,0.4560,49.105606,16.726930,113.3,2.0,unknown
anonymous,1777117255700,-2.760,-5.193,-9.410,1.2863,49.105606,16.726930,113.3,2.0,unknown
anonymous,1777117255716,1.601,-5.360,-8.246,0.1541,49.105606,16.726930,113.3,2.0,unknown
anonymous,1777117255733,1.215,-8.536,2.850,0.7291,49.105606,16.726930,113.3,2.0,unknown
anonymous,1777117255749,0.200,-6.701,-0.316,3.0985,49.105606,16.726930,113.3,2.0,unknown
anonymous,1777117255767,0.700,-2.072,-9.643,0.0780,49.105606,16.726930,113.3,2.0,unknown
anonymous,1777117255784,-0.293,-2.976,-19.305,9.7248,49.105606,16.726930,113.3,2.0,unknown
anonymous,1777117255800,-1.145,-4.098,-5.433,2.9093,49.105606,16.726930,113.3,2.0,unknown
anonymous,1777117255817,-2.444,-8.580,-5.874,0.8716,49.105606,16.726930,113.3,2.0,unknown
anonymous,1777117255833,-0.829,-8.683,-1.219,1.0031,49.105606,16.726930,113.3,2.0,unknown
anonymous,1777117255850,6.647,-4.305,-8.134,1.5421,49.105606,16.726930,113.3,2.0,unknown
anonymous,1777117255867,-0.991,-3.468,-12.205,2.9168,49.105606,16.726930,113.3,2.0,unknown
anonymous,1777117255883,0.337,-2.799,-14.936,5.3894,49.105606,16.726930,113.3,2.0,unknown
anonymous,1777117255900,-2.887,-1.530,-12.130,2.7521,49.105606,16.726930,113.3,2.0,unknown
anonymous,1777117255917,-2.566,-5.888,-9.193,1.4043,49.105606,16.726930,113.3,2.0,unknown
anonymous,1777117255933,-1.167,-8.998,-0.768,0.7045,49.105606,16.726930,113.3,2.0,unknown
anonymous,1777117255950,1.317,-8.879,-6.454,1.2453,49.105606,16.726930,113.3,2.0,unknown
anonymous,1777117255967,3.699,-6.178,-11.721,3.9460,49.105606,16.726930,113.3,2.0,unknown
anonymous,1777117255984,0.839,-3.065,-8.826,0.4290,49.105606,16.726930,113.3,2.0,unknown
anonymous,1777117256000,-0.130,-4.186,-7.798,0.9587,49.105606,16.726930,113.3,2.0,unknown
anonymous,1777117256016,-2.216,-4.993,-8.520,0.3110,49.105606,16.726930,113.3,2.0,unknown
anonymous,1777117256034,-1.463,-5.047,-10.259,1.7170,49.105606,16.726930,113.3,2.0,unknown
anonymous,1777117256050,4.004,-3.032,-8.943,0.4464,49.105360,16.726665,117.1,2.0,unknown
anonymous,1777117256068,0.992,-6.132,-8.845,0.9983,49.105360,16.726665,117.1,2.0,unknown
anonymous,1777117256084,-2.750,-8.301,-3.185,0.5031,49.105360,16.726665,117.1,2.0,unknown
anonymous,1777117256100,2.234,-2.873,-5.607,3.1253,49.105360,16.726665,117.1,2.0,unknown
anonymous,1777117256117,1.696,-4.796,-9.699,1.1420,49.105360,16.726665,117.1,2.0,unknown
anonymous,1777117256133,-0.311,-4.676,-9.956,1.1937,49.105360,16.726665,117.1,2.0,unknown
anonymous,1777117256150,-0.562,-5.261,-9.920,1.4325,49.105360,16.726665,117.1,2.0,unknown
anonymous,1777117256167,-0.498,-2.459,-6.031,3.2776,49.105360,16.726665,117.1,2.0,unknown
anonymous,1777117256183,0.997,-4.173,-7.610,1.0740,49.105360,16.726665,117.1,2.0,unknown
anonymous,1777117256199,0.081,-6.322,-10.882,2.7752,49.105360,16.726665,117.1,2.0,unknown
anonymous,1777117256217,0.152,-6.540,-3.835,2.2274,49.105360,16.726665,117.1,2.0,unknown
anonymous,1777117256233,1.891,-5.686,-10.443,2.2296,49.105360,16.726665,117.1,2.0,unknown
anonymous,1777117256250,-0.453,-5.160,-10.896,2.2543,49.105360,16.726665,117.1,2.0,unknown
anonymous,1777117256266,-1.379,-5.397,-10.078,1.7048,49.105360,16.726665,117.1,2.0,unknown
anonymous,1777117256284,1.548,-4.801,-10.326,1.6823,49.105360,16.726665,117.1,2.0,unknown
anonymous,1777117256300,-1.570,-4.333,-5.116,2.9243,49.105360,16.726665,117.1,2.0,unknown
anonymous,1777117256317,-2.297,-6.248,-11.396,3.3880,49.105360,16.726665,117.1,2.0,unknown
anonymous,1777117256334,1.598,-4.543,-7.717,0.7142,49.105360,16.726665,117.1,2.0,unknown
anonymous,1777117256350,2.496,-4.833,-13.801,5.0242,49.105360,16.726665,117.1,2.0,unknown
anonymous,1777117256367,-1.088,-4.972,-5.746,2.1342,49.105360,16.726665,117.1,2.0,unknown
anonymous,1777117256383,-1.933,-8.842,-4.262,0.1945,49.105360,16.726665,117.1,2.0,unknown
anonymous,1777117256400,3.816,-4.596,-11.059,2.7594,49.105360,16.726665,117.1,2.0,unknown
anonymous,1777117256417,4.661,-2.734,-12.391,3.7083,49.105360,16.726665,117.1,2.0,unknown
anonymous,1777117256433,-0.111,-3.790,-11.495,2.2937,49.105360,16.726665,117.1,2.0,unknown
anonymous,1777117256449,-1.367,-5.277,-8.513,0.2988,49.105360,16.726665,117.1,2.0,unknown
anonymous,1777117256467,-4.014,-8.527,-1.936,0.1889,49.105360,16.726665,117.1,2.0,unknown
anonymous,1777117256484,-0.717,-5.786,-5.075,2.0803,49.105360,16.726665,117.1,2.0,unknown
anonymous,1777117256500,7.766,-2.988,-17.197,9.2941,49.105360,16.726665,117.1,2.0,unknown
anonymous,1777117256517,-0.391,-3.330,-4.704,4.0337,49.105360,16.726665,117.1,2.0,unknown
anonymous,1777117256533,-2.253,-4.626,-6.099,1.8303,49.105360,16.726665,117.1,2.0,unknown
anonymous,1777117256550,-1.329,-5.654,-2.457,3.5033,49.105360,16.726665,117.1,2.0,unknown
anonymous,1777117256567,-1.442,-5.776,-13.539,4.9801,49.105360,16.726665,117.1,2.0,unknown
anonymous,1777117256583,5.233,-1.500,-12.218,3.5663,49.105360,16.726665,117.1,2.0,unknown
anonymous,1777117256600,1.933,-1.466,-8.613,0.8617,49.105360,16.726665,117.1,2.0,unknown
anonymous,1777117256617,-4.206,-5.859,-7.379,0.5081,49.105360,16.726665,117.1,2.0,unknown
anonymous,1777117256633,-0.412,-6.951,-7.613,0.5073,49.105360,16.726665,117.1,2.0,unknown
anonymous,1777117256650,1.750,-4.702,-1.913,4.4406,49.105360,16.726665,117.1,2.0,unknown
anonymous,1777117256667,1.680,-4.067,-8.358,0.3647,49.105360,16.726665,117.1,2.0,unknown
anonymous,1777117256683,0.340,-4.507,-14.155,5.0489,49.105360,16.726665,117.1,2.0,unknown
anonymous,1777117256700,-0.615,-3.881,-10.331,1.2431,49.105360,16.726665,117.1,2.0,unknown
anonymous,1777117256717,-3.001,-5.343,-9.915,1.8456,49.105360,16.726665,117.1,2.0,unknown
anonymous,1777117256733,0.237,-5.608,-8.764,0.5978,49.105360,16.726665,117.1,2.0,unknown
anonymous,1777117256750,2.671,-5.454,-10.270,2.1215,49.105360,16.726665,117.1,2.0,unknown
anonymous,1777117256767,1.176,-4.758,-5.004,2.8054,49.105360,16.726665,117.1,2.0,unknown
anonymous,1777117256783,2.244,-4.544,-6.215,1.7904,49.105360,16.726665,117.1,2.0,unknown
anonymous,1777117256800,0.750,-5.199,-7.003,1.0560,49.105360,16.726665,117.1,2.0,unknown
anonymous,1777117256817,-1.170,-3.889,-7.384,1.3827,49.105360,16.726665,117.1,2.0,unknown
anonymous,1777117256834,0.138,-4.941,-11.373,2.5909,49.105360,16.726665,117.1,2.0,unknown
anonymous,1777117256850,0.893,-4.569,-8.630,0.0040,49.105360,16.726665,117.1,2.0,unknown
anonymous,1777117256867,0.542,-5.212,-11.541,2.8648,49.105360,16.726665,117.1,2.0,unknown
anonymous,1777117256883,-2.314,-5.271,-9.071,0.9333,49.105360,16.726665,117.1,2.0,unknown
anonymous,1777117256900,-0.845,-4.306,-9.427,0.5883,49.105360,16.726665,117.1,2.0,unknown
anonymous,1777117256917,0.348,-3.268,-5.696,3.2343,49.105360,16.726665,117.1,2.0,unknown
anonymous,1777117256933,-0.116,-6.328,-4.134,2.2505,49.105360,16.726665,117.1,2.0,unknown
anonymous,1777117256950,0.688,-4.109,-5.967,2.5325,49.105360,16.726665,117.1,2.0,unknown
anonymous,1777117256967,1.924,-3.835,-6.633,1.9099,49.105360,16.726665,117.1,2.0,unknown
anonymous,1777117256984,-0.188,-4.762,-10.800,1.9949,49.105360,16.726665,117.1,2.0,unknown
anonymous,1777117257000,-1.587,-2.818,-11.285,1.9291,49.105360,16.726665,117.1,2.0,unknown
anonymous,1777117257017,-0.391,-2.684,-10.041,0.5906,49.105360,16.726665,117.1,2.0,unknown
anonymous,1777117257034,1.687,-3.073,-5.678,3.1369,49.105360,16.726665,117.1,2.0,unknown
anonymous,1777117257051,0.716,-7.563,-6.268,0.0384,49.105119,16.726407,117.2,2.0,unknown
anonymous,1777117257067,0.506,-6.151,-10.770,2.6034,49.105119,16.726407,117.2,2.0,unknown
anonymous,1777117257084,0.693,-4.342,-7.587,1.0409,49.105119,16.726407,117.2,2.0,unknown
anonymous,1777117257100,-0.250,-3.911,-9.888,0.8262,49.105119,16.726407,117.2,2.0,unknown
anonymous,1777117257117,-3.062,-4.603,-12.959,4.2786,49.105119,16.726407,117.2,2.0,unknown
anonymous,1777117257134,-1.397,-6.362,-9.669,1.8477,49.105119,16.726407,117.2,2.0,unknown
anonymous,1777117257150,0.429,-5.282,2.471,3.9633,49.105119,16.726407,117.2,2.0,unknown
anonymous,1777117257167,1.558,-7.313,-1.610,2.1611,49.105119,16.726407,117.2,2.0,unknown
anonymous,1777117257183,0.670,-5.935,-11.657,3.2878,49.105119,16.726407,117.2,2.0,unknown
anonymous,1777117257200,3.392,-2.525,-13.977,4.7924,49.105119,16.726407,117.2,2.0,unknown
anonymous,1777117257217,-0.763,-3.441,-8.841,0.2922,49.105119,16.726407,117.2,2.0,unknown
anonymous,1777117257233,-2.866,-2.506,-9.254,0.1963,49.105119,16.726407,117.2,2.0,unknown
anonymous,1777117257250,-3.014,-6.323,-8.552,1.2446,49.105119,16.726407,117.2,2.0,unknown
anonymous,1777117257267,5.133,-5.114,-11.658,3.9161,49.105119,16.726407,117.2,2.0,unknown
anonymous,1777117257283,5.923,-4.405,-4.955,0.9196,49.105119,16.726407,117.2,2.0,unknown
anonymous,1777117257300,-2.325,-5.423,-7.033,0.6295,49.105119,16.726407,117.2,2.0,unknown
anonymous,1777117257317,-0.122,-5.869,-10.019,1.8024,49.105119,16.726407,117.2,2.0,unknown
anonymous,1777117257333,-0.867,-3.609,-8.118,0.8839,49.105119,16.726407,117.2,2.0,unknown
anonymous,1777117257349,1.227,-3.689,-9.075,0.0623,49.105119,16.726407,117.2,2.0,unknown
anonymous,1777117257367,-0.863,-4.785,-13.283,4.3345,49.105119,16.726407,117.2,2.0,unknown
anonymous,1777117257384,-1.176,-4.356,-6.178,2.1596,49.105119,16.726407,117.2,2.0,unknown
anonymous,1777117257399,-2.015,-5.987,-7.954,0.3468,49.105119,16.726407,117.2,2.0,unknown
anonymous,1777117257417,1.097,-6.210,-10.572,2.5005,49.105119,16.726407,117.2,2.0,unknown
anonymous,1777117257434,4.703,-3.041,-3.396,3.2607,49.105119,16.726407,117.2,2.0,unknown
anonymous,1777117257450,0.410,-5.589,-10.755,2.3174,49.105119,16.726407,117.2,2.0,unknown
anonymous,1777117257468,-0.378,-5.135,-6.635,1.4112,49.105119,16.726407,117.2,2.0,unknown
anonymous,1777117257483,-0.325,-4.097,-14.351,5.1181,49.105119,16.726407,117.2,2.0,unknown
anonymous,1777117257500,-0.667,-2.952,-7.261,1.9436,49.105119,16.726407,117.2,2.0,unknown
anonymous,1777117257517,0.302,-4.956,-6.916,1.2966,49.105119,16.726407,117.2,2.0,unknown
anonymous,1777117257533,-1.282,-6.216,-8.844,1.0755,49.105119,16.726407,117.2,2.0,unknown
anonymous,1777117257550,2.121,-5.591,-11.495,3.1468,49.105119,16.726407,117.2,2.0,unknown
anonymous,1777117257567,3.721,-1.849,-9.338,0.4103,49.105119,16.726407,117.2,2.0,unknown
anonymous,1777117257584,-1.627,-4.536,-5.359,2.6034,49.105119,16.726407,117.2,2.0,unknown
anonymous,1777117257600,-2.139,-7.181,-12.468,4.7364,49.105119,16.726407,117.2,2.0,unknown
anonymous,1777117257617,-1.760,-5.279,-5.993,1.6316,49.105119,16.726407,117.2,2.0,unknown
anonymous,1777117257634,-0.424,-3.808,-6.222,2.5032,49.105119,16.726407,117.2,2.0,unknown
anonymous,1777117257650,1.926,-5.180,-5.493,2.0182,49.105119,16.726407,117.2,2.0,unknown
anonymous,1777117257667,1.244,-5.127,-8.252,0.0157,49.105119,16.726407,117.2,2.0,unknown
anonymous,1777117257684,0.559,-3.143,-9.174,0.0960,49.105119,16.726407,117.2,2.0,unknown
anonymous,1777117257700,0.491,-2.602,-11.903,2.3841,49.105119,16.726407,117.2,2.0,unknown
anonymous,1777117257717,-2.597,-2.923,-11.631,2.4604,49.105119,16.726407,117.2,2.0,unknown
anonymous,1777117257733,-0.638,-5.051,-10.209,1.5979,49.105119,16.726407,117.2,2.0,unknown
anonymous,1777117257750,0.386,-7.995,-1.892,1.5853,49.105119,16.726407,117.2,2.0,unknown
anonymous,1777117257767,1.009,-7.320,-8.547,1.4884,49.105119,16.726407,117.2,2.0,unknown
anonymous,1777117257783,1.397,-4.103,-10.184,1.2580,49.105119,16.726407,117.2,2.0,unknown
anonymous,1777117257800,-0.461,-4.492,-12.419,3.4043,49.105119,16.726407,117.2,2.0,unknown
anonymous,1777117257816,-1.797,-3.127,-8.553,0.5279,49.105119,16.726407,117.2,2.0,unknown
anonymous,1777117257833,-2.857,-5.098,-8.656,0.6342,49.105119,16.726407,117.2,2.0,unknown
anonymous,1777117257850,0.556,-5.580,-8.812,0.6354,49.105119,16.726407,117.2,2.0,unknown
anonymous,1777117257867,2.715,-5.886,-10.002,2.1092,49.105119,16.726407,117.2,2.0,unknown
anonymous,1777117257883,0.793,-6.157,-4.702,2.0227,49.105119,16.726407,117.2,2.0,unknown
anonymous,1777117257900,-0.096,-5.032,-6.582,1.5239,49.105119,16.726407,117.2,2.0,unknown
anonymous,1777117257917,-0.138,-4.136,-5.628,2.8244,49.105119,16.726407,117.2,2.0,unknown
anonymous,1777117257933,-1.001,-4.517,-8.436,0.1889,49.105119,16.726407,117.2,2.0,unknown
anonymous,1777117257950,0.363,-5.445,-13.848,5.0743,49.105119,16.726407,117.2,2.0,unknown
anonymous,1777117257966,1.660,-3.187,-9.060,0.0632,49.105119,16.726407,117.2,2.0,unknown
anonymous,1777117257983,-0.044,-5.091,-9.366,0.8502,49.105119,16.726407,117.2,2.0,unknown
anonymous,1777117258000,-0.812,-6.283,-4.295,2.1558,49.105119,16.726407,117.2,2.0,unknown
anonymous,1777117258017,-0.321,-6.186,-9.755,1.7458,49.105119,16.726407,117.2,2.0,unknown
anonymous,1777117258033,3.180,-3.733,-8.722,0.1964,49.105119,16.726407,117.2,2.0,unknown
anonymous,1777117258050,-0.170,-5.345,-8.329,0.0882,49.105119,16.726407,117.2,2.0,unknown
anonymous,1777117258068,-0.990,-4.974,-10.011,1.4127,49.104883,16.726158,115.9,2.0,unknown
anonymous,1777117258083,0.227,-3.817,-7.267,1.5979,49.104883,16.726158,115.9,2.0,unknown
anonymous,1777117258100,-0.284,-5.273,-11.036,2.4241,49.104883,16.726158,115.9,2.0,unknown
anonymous,1777117258117,-0.264,-5.047,-8.185,0.1904,49.104883,16.726158,115.9,2.0,unknown
anonymous,1777117258133,0.722,-5.501,-12.493,3.8597,49.104883,16.726158,115.9,2.0,unknown
anonymous,1777117258150,1.142,-4.935,-4.134,3.2715,49.104883,16.726158,115.9,2.0,unknown
anonymous,1777117258167,0.239,-6.805,-5.685,0.9396,49.104883,16.726158,115.9,2.0,unknown
anonymous,1777117258184,-0.774,-4.745,-4.980,2.8879,49.104883,16.726158,115.9,2.0,unknown
anonymous,1777117258200,0.652,-3.879,-12.615,3.4036,49.104883,16.726158,115.9,2.0,unknown
anonymous,1777117258217,2.236,-3.702,-8.200,0.5391,49.104883,16.726158,115.9,2.0,unknown
anonymous,1777117258233,-1.270,-6.098,-12.547,4.1978,49.104883,16.726158,115.9,2.0,unknown
anonymous,1777117258249,-0.678,-4.272,-5.531,2.7881,49.104883,16.726158,115.9,2.0,unknown
anonymous,1777117258267,-0.813,-6.370,-8.266,0.6569,49.104883,16.726158,115.9,2.0,unknown
anonymous,1777117258284,3.711,-5.485,-7.358,0.0890,49.104883,16.726158,115.9,2.0,unknown
anonymous,1777117258300,2.635,-4.666,-9.054,0.7110,49.104883,16.726158,115.9,2.0,unknown
anonymous,1777117258317,-0.451,-5.509,-10.128,1.7280,49.104883,16.726158,115.9,2.0,unknown
anonymous,1777117258334,0.408,-5.157,-9.576,1.0743,49.104883,16.726158,115.9,2.0,unknown
anonymous,1777117258350,-0.389,-5.527,-10.195,1.7939,49.104883,16.726158,115.9,2.0,unknown
anonymous,1777117258367,-1.341,-5.361,-9.170,0.8968,49.104883,16.726158,115.9,2.0,unknown
anonymous,1777117258383,0.816,-5.551,-9.973,1.6324,49.104883,16.726158,115.9,2.0,unknown
anonymous,1777117258400,0.875,-4.513,-7.659,0.8774,49.104883,16.726158,115.9,2.0,unknown
anonymous,1777117258417,-0.076,-7.137,-6.562,0.1143,49.104883,16.726158,115.9,2.0,unknown
anonymous,1777117258433,1.473,-6.496,-7.588,0.2863,49.104883,16.726158,115.9,2.0,unknown
anonymous,1777117258450,-0.171,-5.426,-6.433,1.3923,49.104883,16.726158,115.9,2.0,unknown
anonymous,1777117258467,0.027,-5.142,-10.728,2.0866,49.104883,16.726158,115.9,2.0,unknown
anonymous,1777117258483,-0.607,-4.059,-12.730,3.5647,49.104883,16.726158,115.9,2.0,unknown
anonymous,1777117258499,-1.831,-4.975,-10.033,1.5380,49.104883,16.726158,115.9,2.0,unknown
anonymous,1777117258516,-1.264,-5.632,-8.910,0.8063,49.104883,16.726158,115.9,2.0,unknown
anonymous,1777117258533,0.032,-7.276,-2.319,2.1734,49.104883,16.726158,115.9,2.0,unknown
anonymous,1777117258550,0.240,-5.738,-4.960,2.2211,49.104883,16.726158,115.9,2.0,unknown
anonymous,1777117258567,0.842,-5.587,-5.006,2.2613,49.104883,16.726158,115.9,2.0,unknown
anonymous,1777117258583,0.641,-4.276,-9.344,0.4862,49.104883,16.726158,115.9,2.0,unknown
anonymous,1777117258600,-0.423,-1.288,-7.284,2.4010,49.104883,16.726158,115.9,2.0,unknown
anonymous,1777117258616,-1.945,-3.396,-7.626,1.2390,49.104883,16.726158,115.9,2.0,unknown
anonymous,1777117258633,-0.854,-5.503,-11.338,2.8219,49.104883,16.726158,115.9,2.0,unknown
anonymous,1777117258649,0.975,-5.337,-7.646,0.4343,49.104883,16.726158,115.9,2.0,unknown
anonymous,1777117258667,1.202,-5.553,-8.978,0.8149,49.104883,16.726158,115.9,2.0,unknown
anonymous,1777117258684,0.563,-5.394,-5.993,1.7278,49.104883,16.726158,115.9,2.0,unknown
anonymous,1777117258699,1.477,-3.430,-10.242,1.0915,49.104883,16.726158,115.9,2.0,unknown
anonymous,1777117258717,0.143,-2.832,-8.926,0.4449,49.104883,16.726158,115.9,2.0,unknown
anonymous,1777117258734,-2.625,-4.025,-7.960,0.5123,49.104883,16.726158,115.9,2.0,unknown
anonymous,1777117258750,-1.149,-4.512,-10.767,1.9207,49.104883,16.726158,115.9,2.0,unknown
anonymous,1777117258766,1.617,-5.485,-12.032,3.5117,49.104883,16.726158,115.9,2.0,unknown
anonymous,1777117258784,1.801,-4.515,-5.984,2.1004,49.104883,16.726158,115.9,2.0,unknown
anonymous,1777117258800,0.460,-6.571,-9.645,1.8703,49.104883,16.726158,115.9,2.0,unknown
anonymous,1777117258819,0.391,-7.050,-5.637,0.7753,49.104883,16.726158,115.9,2.0,unknown
anonymous,1777117258833,-0.592,-6.335,-5.120,1.6431,49.104883,16.726158,115.9,2.0,unknown
anonymous,1777117258849,0.025,-4.166,-10.661,1.6366,49.104883,16.726158,115.9,2.0,unknown
anonymous,1777117258867,1.438,-3.008,-10.786,1.4793,49.104883,16.726158,115.9,2.0,unknown
anonymous,1777117258884,0.226,-3.532,-13.181,3.8375,49.104883,16.726158,115.9,2.0,unknown
anonymous,1777117258900,-2.438,-5.779,-8.412,0.6836,49.104883,16.726158,115.9,2.0,unknown
anonymous,1777117258917,0.524,-5.303,-10.528,1.9901,49.104883,16.726158,115.9,2.0,unknown
anonymous,1777117258933,1.531,-4.781,-6.997,1.1988,49.104883,16.726158,115.9,2.0,unknown
anonymous,1777117258950,0.345,-7.408,-2.753,1.9000,49.104883,16.726158,115.9,2.0,unknown
anonymous,1777117258967,0.141,-4.781,-5.549,2.4841,49.104883,16.726158,115.9,2.0,unknown
anonymous,1777117258984,-0.599,-3.991,-9.425,0.4426,49.104883,16.726158,115.9,2.0,unknown
anonymous,1777117259000,0.952,-3.682,-10.387,1.2516,49.104883,16.726158,115.9,2.0,unknown
anonymous,1777117259016,-1.206,-4.309,-9.663,0.8389,49.104883,16.726158,115.9,2.0,unknown
anonymous,1777117259034,-1.452,-5.065,-8.416,0.1192,49.104883,16.726158,115.9,2.0,unknown
anonymous,1777117259049,-0.914,-5.998,-3.487,2.8116,49.104655,16.725920,113.0,2.0,unknown
anonymous,1777117259067,3.283,-6.148,-4.281,1.6303,49.104655,16.725920,113.0,2.0,unknown
anonymous,1777117259083,3.350,-3.944,-10.988,2.3355,49.104655,16.725920,113.0,2.0,unknown
anonymous,1777117259100,-0.652,-2.502,-7.734,1.6551,49.104655,16.725920,113.0,2.0,unknown
anonymous,1777117259117,-0.438,-3.785,-9.292,0.2327,49.104655,16.725920,113.0,2.0,unknown
anonymous,1777117259133,-1.418,-3.993,-11.700,2.6341,49.104655,16.725920,113.0,2.0,unknown
anonymous,1777117259150,0.619,-3.888,-11.496,2.3412,49.104655,16.725920,113.0,2.0,unknown
anonymous,1777117259167,2.072,-4.222,-6.987,1.3877,49.104655,16.725920,113.0,2.0,unknown
anonymous,1777117259184,-0.433,-4.848,-7.835,0.5861,49.104655,16.725920,113.0,2.0,unknown
anonymous,1777117259200,-0.792,-7.879,-3.570,1.1240,49.104655,16.725920,113.0,2.0,unknown
anonymous,1777117259217,2.653,-4.335,-11.687,2.9343,49.104655,16.725920,113.0,2.0,unknown
anonymous,1777117259234,2.235,-2.417,-14.295,4.8590,49.104655,16.725920,113.0,2.0,unknown
anonymous,1777117259251,-0.355,-0.426,-14.537,4.7376,49.104655,16.725920,113.0,2.0,unknown
anonymous,1777117259266,-2.660,-3.429,-10.710,1.7459,49.104655,16.725920,113.0,2.0,unknown
anonymous,1777117259283,-3.840,-7.497,-4.517,0.2521,49.104655,16.725920,113.0,2.0,unknown
anonymous,1777117259300,3.213,-6.256,-7.829,0.7136,49.104655,16.725920,113.0,2.0,unknown
anonymous,1777117259317,2.503,-4.508,-11.813,3.0790,49.104655,16.725920,113.0,2.0,unknown
anonymous,1777117259333,-2.675,-5.266,-8.567,0.5956,49.104655,16.725920,113.0,2.0,unknown
anonymous,1777117259350,-1.152,-5.921,-11.199,2.9097,49.104655,16.725920,113.0,2.0,unknown
anonymous,1777117259366,-2.079,-4.355,-3.554,3.8162,49.104655,16.725920,113.0,2.0,unknown
anonymous,1777117259383,-2.169,-6.534,-11.043,3.2034,49.104655,16.725920,113.0,2.0,unknown
anonymous,1777117259400,3.546,-4.228,-12.233,3.6105,49.104655,16.725920,113.0,2.0,unknown
anonymous,1777117259416,2.867,-3.895,-13.789,4.8026,49.104655,16.725920,113.0,2.0,unknown
anonymous,1777117259433,-0.569,-4.876,-7.050,1.2195,49.104655,16.725920,113.0,2.0,unknown
anonymous,1777117259450,-2.523,-8.210,-5.917,0.6197,49.104655,16.725920,113.0,2.0,unknown
anonymous,1777117259467,-2.560,-7.162,-8.370,1.4997,49.104655,16.725920,113.0,2.0,unknown
anonymous,1777117259485,2.914,-4.829,-11.909,3.3672,49.104655,16.725920,113.0,2.0,unknown
anonymous,1777117259500,0.417,-4.706,-6.193,2.0209,49.104655,16.725920,113.0,2.0,unknown
anonymous,1777117259517,-2.107,-6.636,-10.215,2.5519,49.104655,16.725920,113.0,2.0,unknown
anonymous,1777117259533,-0.831,-5.819,-1.371,3.7747,49.104655,16.725920,113.0,2.0,unknown
anonymous,1777117259550,0.218,-3.327,-7.627,1.4863,49.104655,16.725920,113.0,2.0,unknown
anonymous,1777117259567,1.953,-3.135,-8.293,0.7320,49.104655,16.725920,113.0,2.0,unknown
anonymous,1777117259584,-0.331,-5.250,-8.579,0.2536,49.104655,16.725920,113.0,2.0,unknown
anonymous,1777117259600,-2.713,-5.803,-8.002,0.4402,49.104655,16.725920,113.0,2.0,unknown
anonymous,1777117259617,-1.682,-5.460,-9.077,0.9153,49.104655,16.725920,113.0,2.0,unknown
anonymous,1777117259633,2.954,-3.437,-8.491,0.1854,49.104655,16.725920,113.0,2.0,unknown
anonymous,1777117259650,-0.348,-4.790,-6.838,1.4539,49.104655,16.725920,113.0,2.0,unknown
anonymous,1777117259667,-1.709,-5.776,-10.452,2.2531,49.104655,16.725920,113.0,2.0,unknown
anonymous,1777117259684,0.978,-3.348,-7.910,1.1652,49.104655,16.725920,113.0,2.0,unknown
anonymous,1777117259699,0.287,-3.247,-6.034,2.9520,49.104655,16.725920,113.0,2.0,unknown
anonymous,1777117259717,-1.108,-4.981,-8.632,0.2172,49.104655,16.725920,113.0,2.0,unknown
anonymous,1777117259733,-0.211,-4.559,-8.059,0.5485,49.104655,16.725920,113.0,2.0,unknown
anonymous,1777117259750,0.901,-3.581,-5.600,3.1025,49.104655,16.725920,113.0,2.0,unknown
anonymous,1777117259767,0.761,-3.951,-7.216,1.5479,49.104655,16.725920,113.0,2.0,unknown
anonymous,1777117259783,0.575,-4.332,-6.269,2.1683,49.104655,16.725920,113.0,2.0,unknown
anonymous,1777117259800,0.205,-3.971,-6.630,2.0795,49.104655,16.725920,113.0,2.0,unknown
anonymous,1777117259816,0.260,-3.624,-6.995,1.9277,49.104655,16.725920,113.0,2.0,unknown
anonymous,1777117259833,0.234,-2.986,-8.440,0.8541,49.104655,16.725920,113.0,2.0,unknown
anonymous,1777117259850,-0.420,-4.155,-11.181,2.1252,49.104655,16.725920,113.0,2.0,unknown
anonymous,1777117259867,-0.300,-3.351,-10.590,1.3013,49.104655,16.725920,113.0,2.0,unknown
anonymous,1777117259884,-0.411,-4.368,-10.742,1.7938,49.104655,16.725920,113.0,2.0,unknown
anonymous,1777117259899,-0.876,-5.260,-5.981,1.7972,49.104655,16.725920,113.0,2.0,unknown
anonymous,1777117259917,-0.845,-6.735,-9.986,2.2651,49.104655,16.725920,113.0,2.0,unknown
anonymous,1777117259933,2.446,-5.535,-10.907,2.6633,49.104655,16.725920,113.0,2.0,unknown
anonymous,1777117259950,1.744,-3.867,-11.098,2.0709,49.104655,16.725920,113.0,2.0,unknown
anonymous,1777117259976,0.090,-4.573,-11.228,2.3134,49.104655,16.725920,113.0,2.0,unknown
anonymous,1777117259983,-2.419,-5.315,-11.889,3.4354,49.104655,16.725920,113.0,2.0,unknown
anonymous,1777117260000,-3.002,-5.454,-7.061,0.3963,49.104655,16.725920,113.0,2.0,unknown
anonymous,1777117260017,0.311,-5.394,-9.851,1.4251,49.104655,16.725920,113.0,2.0,unknown
anonymous,1777118257210,-0.968,-5.169,-8.620,0.2879,49.104437,16.725691,109.3,2.0,unknown
anonymous,1777118257227,-0.167,-5.174,-7.935,0.3355,49.104437,16.725691,109.3,2.0,unknown
anonymous,1777118257248,-1.988,-4.988,-7.737,0.3926,49.104437,16.725691,109.3,2.0,unknown
anonymous,1777118257260,-1.758,-5.428,-8.511,0.4364,49.104437,16.725691,109.3,2.0,unknown
anonymous,1777118257276,0.382,-5.244,-7.804,0.3997,49.104437,16.725691,109.3,2.0,unknown
anonymous,1777118257293,-1.386,-5.966,-8.608,0.7546,49.104437,16.725691,109.3,2.0,unknown
anonymous,1777118257310,-1.639,-5.487,-7.441,0.4210,49.104437,16.725691,109.3,2.0,unknown
anonymous,1777118257326,-0.289,-5.792,-8.007,0.0763,49.059894,16.563471,0.1,2.0,unknown
anonymous,1777118257343,-1.126,-5.658,-7.993,0.0471,49.059894,16.563471,0.1,2.0,unknown
anonymous,1777118257359,-0.001,-5.602,-7.198,0.6893,49.059894,16.563471,0.1,2.0,unknown
anonymous,1777118257376,-0.315,-5.515,-8.338,0.1919,49.059894,16.563471,0.1,2.0,unknown
anonymous,1777118257393,-1.651,-5.060,-8.618,0.3192,49.059894,16.563471,0.1,2.0,unknown
anonymous,1777118257409,-2.092,-4.807,-8.325,0.0279,49.059894,16.563471,0.1,2.0,unknown
anonymous,1777118257426,0.054,-6.135,-7.148,0.3901,49.059894,16.563471,0.1,2.0,unknown
anonymous,1777118257443,-0.820,-5.456,-8.303,0.1589,49.059894,16.563471,0.1,2.0,unknown
anonymous,1777118257459,-0.644,-5.051,-7.887,0.4224,49.059894,16.563471,0.1,2.0,unknown
anonymous,1777118257476,0.403,-5.626,-8.680,0.5413,49.059894,16.563471,0.1,2.0,unknown
anonymous,1777118257493,-0.879,-5.150,-8.053,0.2112,49.059894,16.563471,0.1,2.0,unknown
anonymous,1777118257509,-1.905,-5.224,-7.750,0.2713,49.059894,16.563471,0.1,2.0,unknown
anonymous,1777118257526,-1.074,-5.668,-7.791,0.1156,49.059894,16.563471,0.1,2.0,unknown
anonymous,1777118257544,-0.439,-5.359,-8.139,0.0553,49.059894,16.563471,0.1,2.0,unknown
anonymous,1777118257560,-1.109,-5.007,-8.091,0.2306,49.059894,16.563471,0.1,2.0,unknown
anonymous,1777118257576,-0.611,-5.332,-8.435,0.1875,49.059894,16.563471,0.1,2.0,unknown
anonymous,1777118257593,-0.037,-5.769,-7.437,0.3974,49.059894,16.563471,0.1,2.0,unknown
anonymous,1777118257610,-1.700,-5.285,-8.008,0.0657,49.059894,16.563471,0.1,2.0,unknown
anonymous,1777118257626,-1.327,-5.286,-8.592,0.3652,49.059894,16.563471,0.1,2.0,unknown
anonymous,1777118257643,0.305,-5.814,-7.611,0.2275,49.059894,16.563471,0.1,2.0,unknown
anonymous,1777118257660,-1.779,-5.213,-8.061,0.0467,49.059894,16.563471,0.1,2.0,unknown
anonymous,1777118257678,-0.879,-5.284,-7.840,0.3153,49.059894,16.563471,0.1,2.0,unknown
anonymous,1777118257693,1.038,-5.916,-7.515,0.1893,49.059894,16.563471,0.1,2.0,unknown
anonymous,1777118257709,-2.272,-4.867,-9.146,0.7963,49.059894,16.563471,0.1,2.0,unknown
anonymous,1777118257726,-2.108,-5.403,-8.131,0.1778,49.059894,16.563471,0.1,2.0,unknown
anonymous,1777118257743,0.387,-6.553,-7.068,0.1641,49.059894,16.563471,0.1,2.0,unknown
anonymous,1777118257760,-1.331,-4.585,-9.375,0.7109,49.059894,16.563471,0.1,2.0,unknown
anonymous,1777118257776,-1.218,-5.009,-8.027,0.2705,49.059894,16.563471,0.1,2.0,unknown
anonymous,1777118257793,0.874,-6.450,-7.127,0.1578,49.059894,16.563471,0.1,2.0,unknown
anonymous,1777118257809,-0.710,-5.390,-7.693,0.3897,49.059894,16.563471,0.1,2.0,unknown
anonymous,1777118257826,-2.414,-5.072,-8.304,0.2160,49.059894,16.563471,0.1,2.0,unknown
anonymous,1777118257843,-0.236,-6.246,-7.308,0.1935,49.059894,16.563471,0.1,2.0,unknown
anonymous,1777118257859,0.205,-5.776,-7.734,0.1550,49.059894,16.563471,0.1,2.0,unknown
anonymous,1777118257876,-1.667,-4.962,-8.291,0.0045,49.059894,16.563471,0.1,2.0,unknown
anonymous,1777118257893,1.082,-6.477,-7.775,0.3672,49.059894,16.563471,0.1,2.0,unknown
anonymous,1777118257909,0.602,-5.732,-7.211,0.5785,49.059894,16.563471,0.1,2.0,unknown
anonymous,1777118257926,-2.575,-4.933,-8.961,0.7380,49.059894,16.563471,0.1,2.0,unknown
anonymous,1777118257943,-0.687,-5.855,-7.556,0.2264,49.059894,16.563471,0.1,2.0,unknown
anonymous,1777118257960,0.457,-6.377,-7.384,0.0429,49.059894,16.563471,0.1,2.0,unknown
anonymous,1777118257992,0.795,-6.019,-8.331,0.4984,49.059894,16.563471,0.1,2.0,unknown
anonymous,1777118257992,0.795,-6.019,-8.331,0.4984,49.059894,16.563471,0.1,2.0,unknown
anonymous,1777118258014,0.601,-6.242,-6.964,0.4389,49.059894,16.563471,0.1,2.0,unknown
anonymous,1777118258026,-1.964,-4.741,-9.331,0.8386,49.059894,16.563471,0.1,2.0,unknown
anonymous,1777118258042,-1.472,-5.158,-8.312,0.0821,49.059894,16.563471,0.1,2.0,unknown
anonymous,1777118258059,-0.226,-6.083,-7.786,0.0731,49.059908,16.563477,0.1,2.0,unknown
anonymous,1777118258076,-0.985,-4.790,-9.174,0.5862,49.059908,16.563477,0.1,2.0,unknown
anonymous,1777118258092,-1.532,-5.316,-7.539,0.4590,49.059908,16.563477,0.1,2.0,unknown
anonymous,1777118258110,-0.069,-6.099,-9.134,1.1728,49.059908,16.563477,0.1,2.0,unknown
anonymous,1777118258126,-0.650,-3.909,-10.174,1.1083,49.059908,16.563477,0.1,2.0,unknown
anonymous,1777118258142,-2.305,-4.244,-9.351,0.7144,49.059908,16.563477,0.1,2.0,unknown
anonymous,1777118258159,-0.298,-5.310,-8.352,0.0918,49.059908,16.563477,0.1,2.0,unknown
anonymous,1777118258176,-0.545,-5.904,-8.464,0.5237,49.059908,16.563477,0.1,2.0,unknown
anonymous,1777118258192,-1.518,-5.651,-7.709,0.1322,49.059908,16.563477,0.1,2.0,unknown
anonymous,1777118258209,-0.911,-4.972,-8.860,0.3907,49.059908,16.563477,0.1,2.0,unknown
anonymous,1777118258226,-0.136,-5.022,-7.836,0.5018,49.059908,16.563477,0.1,2.0,unknown
anonymous,1777118258242,-2.253,-5.213,-8.217,0.1786,49.059908,16.563477,0.1,2.0,unknown
anonymous,1777118258259,-2.252,-5.530,-8.243,0.3680,49.059908,16.563477,0.1,2.0,unknown
anonymous,1777118258276,-0.330,-5.428,-7.936,0.1891,49.059908,16.563477,0.1,2.0,unknown
anonymous,1777118258293,-1.409,-5.346,-8.175,0.0587,49.059908,16.563477,0.1,2.0,unknown
anonymous,1777118258309,-1.611,-5.490,-8.431,0.3790,49.059908,16.563477,0.1,2.0,unknown
anonymous,1777118258326,-0.079,-5.630,-7.884,0.1223,49.059908,16.563477,0.1,2.0,unknown
anonymous,1777118258343,-2.429,-5.974,-7.089,0.2264,49.059908,16.563477,0.1,2.0,unknown
anonymous,1777118258359,-1.830,-5.805,-7.224,0.3635,49.059908,16.563477,0.1,2.0,unknown
anonymous,1777118258376,-0.223,-5.595,-8.070,0.0120,49.059908,16.563477,0.1,2.0,unknown
anonymous,1777118258393,-0.390,-5.403,-8.995,0.6907,49.059908,16.563477,0.1,2.0,unknown
anonymous,1777118258409,-0.732,-4.983,-7.987,0.3672,49.059908,16.563477,0.1,2.0,unknown
anonymous,1777118258426,0.334,-5.534,-8.344,0.2076,49.059908,16.563477,0.1,2.0,unknown
anonymous,1777118258442,-1.973,-5.601,-7.995,0.1496,49.059908,16.563477,0.1,2.0,unknown
anonymous,1777118258459,-1.950,-5.665,-7.403,0.2860,49.059908,16.563477,0.1,2.0,unknown
anonymous,1777118258475,0.328,-5.392,-8.100,0.0739,49.059908,16.563477,0.1,2.0,unknown
anonymous,1777118258492,-0.452,-4.998,-8.563,0.1150,49.059908,16.563477,0.1,2.0,unknown
anonymous,1777118258511,-0.861,-5.408,-7.762,0.3109,49.059908,16.563477,0.1,2.0,unknown
anonymous,1777118258526,0.403,-5.792,-8.301,0.3200,49.059908,16.563477,0.1,2.0,unknown
anonymous,1777118258543,-1.018,-5.657,-7.684,0.2142,49.059908,16.563477,0.1,2.0,unknown
anonymous,1777118258559,-1.822,-5.893,-7.549,0.0613,49.059908,16.563477,0.1,2.0,unknown
anonymous,1777118258576,-0.083,-5.538,-8.156,0.0492,49.059908,16.563477,0.1,2.0,unknown
anonymous,1777118258593,-0.422,-5.315,-8.154,0.0681,49.059908,16.563477,0.1,2.0,unknown
anonymous,1777118258609,-1.376,-5.305,-7.753,0.3158,49.059908,16.563477,0.1,2.0,unknown
anonymous,1777118258626,0.280,-5.636,-9.026,0.8351,49.059908,16.563477,0.1,2.0,unknown
anonymous,1777118258643,0.212,-5.530,-8.390,0.2410,49.059908,16.563477,0.1,2.0,unknown
anonymous,1777118258659,-2.457,-5.441,-7.542,0.1907,49.059908,16.563477,0.1,2.0,unknown
anonymous,1777118258676,-0.002,-6.420,-7.372,0.0346,49.059908,16.563477,0.1,2.0,unknown
anonymous,1777118258693,0.075,-5.814,-7.509,0.3133,49.059908,16.563477,0.1,2.0,unknown
anonymous,1777118258709,-1.352,-4.629,-9.643,0.9718,49.059908,16.563477,0.1,2.0,unknown
anonymous,1777118258726,-0.513,-4.796,-9.508,0.8513,49.059908,16.563477,0.1,2.0,unknown
anonymous,1777118258742,0.231,-5.405,-8.912,0.6160,49.059908,16.563477,0.1,2.0,unknown
anonymous,1777118258759,-2.085,-6.158,-7.444,0.0736,49.059908,16.563477,0.1,2.0,unknown
anonymous,1777118258775,-0.457,-6.151,-7.205,0.3259,49.059908,16.563477,0.1,2.0,unknown
anonymous,1777118258792,0.221,-5.844,-7.330,0.4330,49.059908,16.563477,0.1,2.0,unknown
anonymous,1777118258809,-0.645,-5.607,-8.972,0.7901,49.059908,16.563477,0.1,2.0,unknown
anonymous,1777118258825,-1.628,-5.320,-7.807,0.2234,49.059908,16.563477,0.1,2.0,unknown
anonymous,1777118258842,-0.663,-6.082,-8.646,0.7814,49.059908,16.563477,0.1,2.0,unknown
anonymous,1777118258859,-1.507,-5.801,-8.433,0.5357,49.059908,16.563477,0.1,2.0,unknown
anonymous,1777118258875,-0.824,-5.602,-8.162,0.1235,49.059908,16.563477,0.1,2.0,unknown
anonymous,1777118258892,-0.365,-5.337,-7.947,0.2306,49.059908,16.563477,0.1,2.0,unknown
anonymous,1777118258909,-0.509,-5.459,-8.005,0.1069,49.059908,16.563477,0.1,2.0,unknown
anonymous,1777118258926,-0.620,-5.561,-8.022,0.0292,49.059908,16.563477,0.1,2.0,unknown
anonymous,1777118258943,0.872,-5.827,-7.806,0.0299,49.059908,16.563477,0.1,2.0,unknown
anonymous,1777118258959,-1.367,-5.714,-7.728,0.1021,49.059908,16.563477,0.1,2.0,unknown
anonymous,1777118258976,-2.585,-5.437,-8.734,0.7975,49.059908,16.563477,0.1,2.0,unknown
anonymous,1777118258993,-0.006,-5.713,-8.276,0.2463,49.059908,16.563477,0.1,2.0,unknown
anonymous,1777118259009,-0.643,-5.492,-7.529,0.4690,49.059908,16.563477,0.1,2.0,unknown
anonymous,1777118259026,-2.207,-6.005,-7.818,0.2919,49.059908,16.563477,0.1,2.0,unknown
anonymous,1777118259043,0.839,-5.328,-8.330,0.1136,49.059908,16.563477,0.1,2.0,unknown
anonymous,1777118259060,-0.951,-5.787,-7.088,0.6103,49.059893,16.563470,0.5,2.0,unknown
anonymous,1777118259076,-1.268,-6.173,-7.697,0.1380,49.059893,16.563470,0.5,2.0,unknown
anonymous,1777118259098,-2.034,-5.533,-7.764,0.0613,49.059893,16.563470,0.5,2.0,unknown
anonymous,1777118259109,-1.253,-5.087,-8.493,0.1688,49.059893,16.563470,0.5,2.0,unknown
anonymous,1777118259126,-0.353,-5.227,-9.376,0.9300,49.059893,16.563470,0.5,2.0,unknown
anonymous,1777118259143,-0.789,-5.000,-8.474,0.0606,49.059893,16.563470,0.5,2.0,unknown
anonymous,1777118259159,0.159,-5.264,-8.235,0.0353,49.059893,16.563470,0.5,2.0,unknown
anonymous,1777118259176,-1.191,-5.935,-8.021,0.2387,49.059893,16.563470,0.5,2.0,unknown
anonymous,1777118259193,-1.685,-6.051,-7.032,0.3812,49.059893,16.563470,0.5,2.0,unknown
anonymous,1777118259209,-0.733,-5.511,-7.769,0.2560,49.059893,16.563470,0.5,2.0,unknown
anonymous,1777118259226,-0.938,-5.472,-8.823,0.6139,49.059893,16.563470,0.5,2.0,unknown
anonymous,1777118259242,-0.746,-5.125,-8.268,0.0542,49.059893,16.563470,0.5,2.0,unknown
anonymous,1777118259259,-0.217,-5.771,-7.976,0.0375,49.059893,16.563470,0.5,2.0,unknown
anonymous,1777118259276,-2.289,-6.489,-6.766,0.1597,49.059893,16.563470,0.5,2.0,unknown
anonymous,1777118259293,-1.170,-5.954,-7.694,0.0113,49.059893,16.563470,0.5,2.0,unknown
anonymous,1777118259309,-0.968,-5.213,-9.335,0.9254,49.059893,16.563470,0.5,2.0,unknown
anonymous,1777118259326,-0.555,-4.171,-9.270,0.3705,49.059893,16.563470,0.5,2.0,unknown
anonymous,1777118259343,-1.135,-5.045,-8.141,0.1653,49.059893,16.563470,0.5,2.0,unknown
anonymous,1777118259359,-0.508,-5.475,-8.170,0.0379,49.059893,16.563470,0.5,2.0,unknown
anonymous,1777118259376,-1.713,-5.202,-8.339,0.1668,49.059893,16.563470,0.5,2.0,unknown
anonymous,1777118259393,-2.729,-5.399,-7.613,0.0861,49.059893,16.563470,0.5,2.0,unknown
anonymous,1777118259409,-0.726,-5.578,-7.402,0.5134,49.059893,16.563470,0.5,2.0,unknown
anonymous,1777118259426,-2.118,-5.723,-8.036,0.2806,49.059893,16.563470,0.5,2.0,unknown
anonymous,1777118259443,-0.707,-5.924,-7.061,0.5656,49.059893,16.563470,0.5,2.0,unknown
anonymous,1777118259459,0.294,-5.551,-8.327,0.2022,49.059893,16.563470,0.5,2.0,unknown
anonymous,1777118259476,0.172,-4.997,-8.513,0.0625,49.059893,16.563470,0.5,2.0,unknown
anonymous,1777118259493,-2.452,-5.357,-8.215,0.2986,49.059893,16.563470,0.5,2.0,unknown
anonymous,1777118259510,-0.964,-5.950,-7.824,0.0667,49.059893,16.563470,0.5,2.0,unknown
anonymous,1777118259526,0.197,-5.331,-8.478,0.2064,49.059893,16.563470,0.5,2.0,unknown
anonymous,1777118259543,-1.417,-5.360,-7.885,0.1709,49.059893,16.563470,0.5,2.0,unknown
anonymous,1777118259560,0.247,-5.768,-8.111,0.1459,49.059893,16.563470,0.5,2.0,unknown
anonymous,1777118259576,0.164,-5.269,-8.201,0.0609,49.059893,16.563470,0.5,2.0,unknown
anonymous,1777118259593,-2.075,-5.724,-7.801,0.0857,49.059893,16.563470,0.5,2.0,unknown
anonymous,1777118259610,-1.364,-5.477,-8.045,0.0175,49.059893,16.563470,0.5,2.0,unknown
anonymous,1777118259627,-0.383,-5.487,-8.224,0.0838,49.059893,16.563470,0.5,2.0,unknown
anonymous,1777118259643,-1.544,-5.359,-8.002,0.0565,49.059893,16.563470,0.5,2.0,unknown
anonymous,1777118259659,-0.972,-5.505,-7.750,0.2543,49.059893,16.563470,0.5,2.0,unknown
anonymous,1777118259676,0.087,-5.565,-8.179,0.0837,49.059893,16.563470,0.5,2.0,unknown
anonymous,1777118259693,-1.978,-5.079,-8.478,0.2687,49.059893,16.563470,0.5,2.0,unknown
anonymous,1777118259710,-2.207,-5.727,-7.818,0.1296,49.059893,16.563470,0.5,2.0,unknown
anonymous,1777118259727,-0.870,-5.861,-7.427,0.3091,49.059893,16.563470,0.5,2.0,unknown
anonymous,1777118259743,-1.101,-4.753,-8.607,0.0835,49.059893,16.563470,0.5,2.0,unknown
anonymous,1777118259759,-0.999,-5.325,-8.181,0.0026,49.059893,16.563470,0.5,2.0,unknown
anonymous,1777118259776,-0.177,-5.632,-8.166,0.1111,49.059893,16.563470,0.5,2.0,unknown
anonymous,1777118259793,-2.040,-4.795,-8.880,0.4864,49.059893,16.563470,0.5,2.0,unknown
anonymous,1777118259809,-2.087,-5.813,-7.527,0.0736,49.059893,16.563470,0.5,2.0,unknown
anonymous,1777118259826,-1.068,-5.725,-7.815,0.0637,49.059893,16.563470,0.5,2.0,unknown
anonymous,1777118259843,-1.192,-4.864,-9.140,0.6121,49.059893,16.563470,0.5,2.0,unknown
anonymous,1777118259859,-1.473,-5.167,-7.860,0.2893,49.059893,16.563470,0.5,2.0,unknown
anonymous,1777118259876,-0.216,-5.535,-8.267,0.1416,49.059893,16.563470,0.5,2.0,unknown
anonymous,1777118259893,-2.007,-4.631,-9.087,0.5844,49.059893,16.563470,0.5,2.0,unknown
anonymous,1777118259909,-2.232,-5.626,-7.733,0.0095,49.059893,16.563470,0.5,2.0,unknown
anonymous,1777118259927,-1.319,-5.651,-7.852,0.0464,49.059893,16.563470,0.5,2.0,unknown
anonymous,1777118259943,-1.497,-5.003,-8.969,0.5689,49.059893,16.563470,0.5,2.0,unknown
anonymous,1777118259959,-1.576,-5.004,-8.086,0.1715,49.059893,16.563470,0.5,2.0,unknown
anonymous,1777118259977,0.351,-5.425,-8.648,0.4050,49.059893,16.563470,0.5,2.0,unknown
anonymous,1777118259993,-2.000,-5.096,-8.554,0.3460,49.059893,16.563470,0.5,2.0,unknown
anonymous,1777118260010,-2.581,-5.304,-8.335,0.4009,49.059893,16.563470,0.5,2.0,unknown
anonymous,1777118260027,-1.525,-5.843,-7.452,0.2188,49.059893,16.563470,0.5,2.0,unknown
anonymous,1777118260043,-1.314,-5.169,-8.449,0.1816,49.059893,16.563470,0.5,2.0,unknown
anonymous,1777118260060,-1.595,-5.448,-8.453,0.3725,49.059892,16.563470,0.4,2.0,unknown
anonymous,1777118260076,-0.225,-5.553,-8.300,0.1789,49.059892,16.563470,0.4,2.0,unknown
anonymous,1777118260093,-0.040,-5.719,-8.108,0.1123,49.059892,16.563470,0.4,2.0,unknown
anonymous,1777118260109,-2.250,-4.978,-9.004,0.7214,49.059892,16.563470,0.4,2.0,unknown
anonymous,1777118260127,-1.596,-5.462,-7.914,0.0626,49.059892,16.563470,0.4,2.0,unknown
anonymous,1777118260143,-1.318,-5.394,-8.616,0.4405,49.059892,16.563470,0.4,2.0,unknown
anonymous,1777118260159,-1.364,-4.550,-8.824,0.2107,49.059892,16.563470,0.4,2.0,unknown
anonymous,1777118260178,-0.240,-5.043,-8.299,0.0958,49.059892,16.563470,0.4,2.0,unknown
anonymous,1777118260193,-0.634,-5.389,-7.875,0.2465,49.059892,16.563470,0.4,2.0,unknown
anonymous,1777118260210,-2.194,-5.099,-9.100,0.8493,49.059892,16.563470,0.4,2.0,unknown
anonymous,1777118260226,-1.782,-5.447,-8.016,0.0438,49.059892,16.563470,0.4,2.0,unknown
anonymous,1777118260242,-0.763,-6.140,-7.314,0.2294,49.059892,16.563470,0.4,2.0,unknown
anonymous,1777118260259,-1.151,-4.953,-9.259,0.7537,49.059892,16.563470,0.4,2.0,unknown
anonymous,1777118260276,-1.019,-4.872,-8.296,0.1352,49.059892,16.563470,0.4,2.0,unknown
anonymous,1777118260292,0.110,-5.705,-8.252,0.2225,49.059892,16.563470,0.4,2.0,unknown
anonymous,1777118260309,-2.536,-5.311,-8.776,0.7568,49.059892,16.563470,0.4,2.0,unknown
anonymous,1777118260326,-1.783,-5.354,-8.169,0.1191,49.059892,16.563470,0.4,2.0,unknown
anonymous,1777118260343,-0.501,-5.975,-7.536,0.1800,49.059892,16.563470,0.4,2.0,unknown
anonymous,1777118260359,-1.576,-5.194,-8.846,0.5682,49.059892,16.563470,0.4,2.0,unknown
anonymous,1777118260376,-1.113,-4.959,-8.035,0.3025,49.059892,16.563470,0.4,2.0,unknown
anonymous,1777118260393,-0.064,-5.655,-8.196,0.1472,49.059892,16.563470,0.4,2.0,unknown
anonymous,1777118260409,-1.651,-5.427,-8.113,0.0897,49.059892,16.563470,0.4,2.0,unknown
anonymous,1777118260426,-2.142,-5.183,-8.060,0.0092,49.059892,16.563470,0.4,2.0,unknown
anonymous,1777118260442,-1.341,-5.641,-7.867,0.0368,49.059892,16.563470,0.4,2.0,unknown
anonymous,1777118260459,-0.874,-5.770,-8.096,0.1699,49.059892,16.563470,0.4,2.0,unknown
anonymous,1777118260476,-1.097,-5.209,-8.159,0.0678,49.059892,16.563470,0.4,2.0,unknown
anonymous,1777118260492,-0.362,-5.300,-8.255,0.0072,49.059892,16.563470,0.4,2.0,unknown
anonymous,1777118260509,0.069,-5.332,-7.890,0.2864,49.059892,16.563470,0.4,2.0,unknown
anonymous,1777118260526,-2.584,-5.244,-8.049,0.1380,49.059892,16.563470,0.4,2.0,unknown
anonymous,1777118260543,-2.811,-5.660,-7.912,0.3157,49.059892,16.563470,0.4,2.0,unknown
anonymous,1777118260559,-0.132,-6.001,-7.045,0.5546,49.059892,16.563470,0.4,2.0,unknown
anonymous,1777118260576,-1.827,-4.903,-8.071,0.1914,49.059892,16.563470,0.4,2.0,unknown
anonymous,1777118260593,-0.588,-5.166,-8.031,0.2423,49.059892,16.563470,0.4,2.0,unknown
anonymous,1777118260609,0.584,-5.911,-7.267,0.4240,49.059892,16.563470,0.4,2.0,unknown
anonymous,1777118260625,-2.607,-4.859,-8.474,0.3003,49.059892,16.563470,0.4,2.0,unknown
anonymous,1777118260642,-1.869,-5.644,-8.196,0.3156,49.059892,16.563470,0.4,2.0,unknown
anonymous,1777118260659,-0.177,-6.071,-7.324,0.2954,49.059892,16.563470,0.4,2.0,unknown
anonymous,1777118260675,-1.610,-5.062,-9.213,0.8242,49.059892,16.563470,0.4,2.0,unknown
anonymous,1777118260692,-0.639,-5.169,-8.258,0.0467,49.059892,16.563470,0.4,2.0,unknown
anonymous,1777118260709,0.570,-5.933,-7.607,0.1463,49.059892,16.563470,0.4,2.0,unknown
anonymous,1777118260726,-1.250,-5.074,-8.356,0.0455,49.059892,16.563470,0.4,2.0,unknown
anonymous,1777118260742,-2.411,-5.517,-7.850,0.0830,49.059892,16.563470,0.4,2.0,unknown
anonymous,1777118260759,0.442,-6.312,-7.361,0.1037,49.059892,16.563470,0.4,2.0,unknown
anonymous,1777118260776,-1.830,-4.622,-9.212,0.6576,49.059892,16.563470,0.4,2.0,unknown
anonymous,1777118260793,-1.432,-5.060,-7.908,0.3131,49.059892,16.563470,0.4,2.0,unknown
anonymous,1777118260810,0.584,-6.544,-7.276,0.0069,49.059892,16.563470,0.4,2.0,unknown
anonymous,1777118260826,-0.744,-5.206,-8.276,0.0050,49.059892,16.563470,0.4,2.0,unknown
anonymous,1777118260843,-2.241,-5.013,-8.096,0.0277,49.059892,16.563470,0.4,2.0,unknown
anonymous,1777118260861,-0.022,-6.556,-6.795,0.3678,49.059892,16.563470,0.4,2.0,unknown
anonymous,1777118260876,-0.548,-5.469,-7.935,0.1571,49.059892,16.563470,0.4,2.0,unknown
anonymous,1777118260893,-1.691,-5.169,-7.735,0.3544,49.059892,16.563470,0.4,2.0,unknown
anonymous,1777118260909,0.795,-6.137,-7.742,0.1011,49.059892,16.563470,0.4,2.0,unknown
anonymous,1777118260926,0.326,-5.609,-7.930,0.0916,49.059892,16.563470,0.4,2.0,unknown
anonymous,1777118260943,-2.559,-4.937,-8.219,0.1134,49.059892,16.563470,0.4,2.0,unknown
anonymous,1777118260960,-0.550,-6.170,-7.093,0.3926,49.059892,16.563470,0.4,2.0,unknown
anonymous,1777118260976,-0.163,-5.889,-7.452,0.3110,49.059892,16.563470,0.4,2.0,unknown
anonymous,1777118260993,-1.863,-4.950,-8.224,0.0319,49.059892,16.563470,0.4,2.0,unknown
anonymous,1777118261009,0.177,-5.797,-8.228,0.2567,49.059892,16.563470,0.4,2.0,unknown
anonymous,1777118261026,0.320,-6.012,-7.562,0.1443,49.059892,16.563470,0.4,2.0,unknown
anonymous,1777118261043,-2.409,-4.789,-8.735,0.4385,49.059892,16.563470,0.4,2.0,unknown
anonymous,1777118261059,-1.063,-5.731,-7.609,0.2252,49.059893,16.563471,0.4,2.0,unknown
anonymous,1777118261076,0.057,-6.069,-7.072,0.4906,49.059893,16.563471,0.4,2.0,unknown
anonymous,1777118261092,-1.545,-4.723,-9.067,0.5299,49.059893,16.563471,0.4,2.0,unknown
anonymous,1777118261109,-0.109,-5.351,-8.369,0.1245,49.059893,16.563471,0.4,2.0,unknown
anonymous,1777118261126,0.570,-6.253,-7.472,0.0500,49.059893,16.563471,0.4,2.0,unknown
anonymous,1777118261143,-2.281,-4.544,-9.490,0.9562,49.059893,16.563471,0.4,2.0,unknown
anonymous,1777118261159,-1.355,-5.465,-8.101,0.0551,49.059893,16.563471,0.4,2.0,unknown
anonymous,1777118261176,-0.382,-6.419,-6.989,0.3128,49.059893,16.563471,0.4,2.0,unknown
anonymous,1777118261193,-1.561,-4.760,-9.121,0.5964,49.059893,16.563471,0.4,2.0,unknown
anonymous,1777118261209,-0.683,-5.140,-7.693,0.5331,49.059893,16.563471,0.4,2.0,unknown
anonymous,1777118261226,0.394,-5.878,-8.412,0.4595,49.059893,16.563471,0.4,2.0,unknown
anonymous,1777118261242,-1.659,-5.223,-8.648,0.4282,49.059893,16.563471,0.4,2.0,unknown
anonymous,1777118261259,-2.728,-4.763,-8.924,0.6670,49.059893,16.563471,0.4,2.0,unknown
anonymous,1777118261277,-0.680,-5.905,-7.848,0.0343,49.059893,16.563471,0.4,2.0,unknown
anonymous,1777118261293,-0.959,-5.417,-8.372,0.2079,49.059893,16.563471,0.4,2.0,unknown
anonymous,1777118261309,-2.292,-4.660,-9.473,0.9934,49.059893,16.563471,0.4,2.0,unknown
anonymous,1777118261326,-0.371,-5.514,-8.253,0.1220,49.059893,16.563471,0.4,2.0,unknown
anonymous,1777118261343,-0.449,-5.741,-7.909,0.0263,49.059893,16.563471,0.4,2.0,unknown
anonymous,1777118261359,-2.077,-4.429,-9.742,1.0909,49.059893,16.563471,0.4,2.0,unknown
anonymous,1777118261376,-1.368,-5.343,-8.271,0.1317,49.059893,16.563471,0.4,2.0,unknown
anonymous,1777118261393,-0.427,-5.998,-7.523,0.1791,49.059893,16.563471,0.4,2.0,unknown
anonymous,1777118261409,-1.650,-4.618,-9.259,0.6673,49.059893,16.563471,0.4,2.0,unknown
anonymous,1777118261431,-0.742,-5.172,-7.963,0.2861,49.059893,16.563471,0.4,2.0,unknown
anonymous,1777118261443,0.285,-5.938,-7.456,0.2742,49.059893,16.563471,0.4,2.0,unknown
anonymous,1777118261461,-1.672,-5.074,-8.924,0.5910,49.059893,16.563471,0.4,2.0,unknown
anonymous,1777118261476,-1.657,-5.323,-8.106,0.0276,49.059893,16.563471,0.4,2.0,unknown
anonymous,1777118261492,0.179,-6.011,-7.113,0.4956,49.059893,16.563471,0.4,2.0,unknown
anonymous,1777118261509,-1.460,-5.156,-8.857,0.5418,49.059893,16.563471,0.4,2.0,unknown
anonymous,1777118261526,-1.144,-5.203,-7.396,0.6953,49.059893,16.563471,0.4,2.0,unknown
anonymous,1777118261542,0.641,-6.270,-7.103,0.3144,49.059893,16.563471,0.4,2.0,unknown
anonymous,1777118261559,-1.355,-5.281,-8.711,0.4661,49.059893,16.563471,0.4,2.0,unknown
anonymous,1777118261576,-1.961,-5.085,-8.606,0.3767,49.059893,16.563471,0.4,2.0,unknown
anonymous,1777118261593,-0.038,-6.376,-6.668,0.5840,49.059893,16.563471,0.4,2.0,unknown
anonymous,1777118261609,-1.104,-5.666,-7.971,0.0321,49.059893,16.563471,0.4,2.0,unknown
anonymous,1777118261626,-1.386,-5.026,-8.008,0.2545,49.059893,16.563471,0.4,2.0,unknown
anonymous,1777118261643,0.612,-6.063,-8.144,0.3618,49.059893,16.563471,0.4,2.0,unknown
anonymous,1777118261659,-0.195,-5.608,-7.752,0.2400,49.059893,16.563471,0.4,2.0,unknown
anonymous,1777118261677,-2.583,-5.070,-8.074,0.0675,49.059893,16.563471,0.4,2.0,unknown
anonymous,1777118261693,-0.661,-6.456,-6.796,0.4130,49.059893,16.563471,0.4,2.0,unknown
anonymous,1777118261710,-0.295,-5.824,-7.692,0.1569,49.059893,16.563471,0.4,2.0,unknown
anonymous,1777118261727,-1.690,-5.024,-8.168,0.0732,49.059893,16.563471,0.4,2.0,unknown
anonymous,1777118261743,0.141,-5.861,-8.339,0.3837,49.059893,16.563471,0.4,2.0,unknown
anonymous,1777118261759,0.204,-5.983,-7.137,0.4947,49.059893,16.563471,0.4,2.0,unknown
anonymous,1777118261776,-2.685,-5.438,-6.501,0.9194,49.059893,16.563471,0.4,2.0,unknown
anonymous,1777118261793,-2.852,-6.790,-6.895,0.2781,49.059893,16.563471,0.4,2.0,unknown
anonymous,1777118261810,-0.721,-5.052,-9.310,0.8064,49.059893,16.563471,0.4,2.0,unknown
anonymous,1777118261854,-0.137,-5.266,-8.504,0.1935,49.059893,16.563471,0.4,2.0,unknown
anonymous,1777118261859,-0.137,-5.266,-8.504,0.1935,49.059893,16.563471,0.4,2.0,unknown
anonymous,1777118261876,-1.620,-4.250,-9.392,0.6259,49.059893,16.563471,0.4,2.0,unknown
anonymous,1777118261898,0.283,-5.168,-7.470,0.7226,49.059893,16.563471,0.4,2.0,unknown
anonymous,1777118261911,-0.959,-7.147,-6.435,0.1452,49.059893,16.563471,0.4,2.0,unknown
anonymous,1777118261926,-1.277,-4.898,-8.784,0.3279,49.059893,16.563471,0.4,2.0,unknown
anonymous,1777118261948,-0.918,-5.180,-8.352,0.0608,49.059893,16.563471,0.4,2.0,rough
anonymous,1777118261959,0.177,-5.715,-9.255,1.0684,49.059893,16.563471,0.4,2.0,rough
anonymous,1777118261977,-2.133,-4.670,-9.486,0.9759,49.059893,16.563471,0.4,2.0,rough
anonymous,1777118261993,-2.674,-5.056,-8.172,0.1648,49.059893,16.563471,0.4,2.0,rough
anonymous,1777118262012,-1.068,-6.066,-7.313,0.2489,49.059893,16.563471,0.4,2.0,rough
anonymous,1777118262027,-1.209,-4.778,-9.474,0.8696,49.059893,16.563471,0.4,2.0,rough
anonymous,1777118262043,-1.743,-4.795,-8.507,0.1095,49.059892,16.563472,0.1,2.0,rough
anonymous,1777118262060,-0.183,-5.302,-8.834,0.4945,49.059892,16.563472,0.1,2.0,rough
anonymous,1777118262077,-1.151,-5.357,-8.331,0.1609,49.059892,16.563472,0.1,2.0,rough
anonymous,1777118262093,-2.347,-4.689,-8.964,0.5747,49.059892,16.563472,0.1,2.0,rough
anonymous,1777118262110,-1.250,-5.282,-8.560,0.3259,49.059892,16.563472,0.1,2.0,rough
anonymous,1777118262126,-0.283,-5.510,-7.802,0.2542,49.059892,16.563472,0.1,2.0,rough
anonymous,1777118262142,-1.793,-4.735,-9.446,0.9070,49.059892,16.563472,0.1,2.0,rough
anonymous,1777118262159,-0.957,-5.115,-7.978,0.2848,49.059892,16.563472,0.1,2.0,rough
anonymous,1777118262176,0.519,-5.961,-7.430,0.2702,49.059892,16.563472,0.1,2.0,rough
anonymous,1777118262192,-2.018,-4.746,-9.206,0.7427,49.059892,16.563472,0.1,2.0,rough
anonymous,1777118262209,-1.922,-5.324,-8.193,0.1478,49.059892,16.563472,0.1,2.0,rough
anonymous,1777118262226,0.385,-6.335,-6.863,0.4621,49.059892,16.563472,0.1,2.0,rough
anonymous,1777118262242,-1.207,-5.097,-8.962,0.5706,49.059892,16.563472,0.1,2.0,rough
anonymous,1777118262259,-1.445,-5.035,-7.733,0.4701,49.059892,16.563472,0.1,2.0,rough
anonymous,1777118262278,0.854,-6.733,-7.092,0.0064,49.059892,16.563472,0.1,2.0,rough
anonymous,1777118262293,-0.426,-5.609,-7.914,0.1007,49.059892,16.563472,0.1,2.0,rough
anonymous,1777118262309,-2.687,-4.826,-8.084,0.0189,49.059892,16.563472,0.1,2.0,rough
anonymous,1777118262326,-0.070,-6.595,-6.851,0.3006,49.059892,16.563472,0.1,2.0,rough
anonymous,1777118262342,-0.021,-5.974,-7.325,0.3575,49.059892,16.563472,0.1,2.0,rough
anonymous,1777118262359,-2.213,-4.830,-8.153,0.0783,49.059892,16.563472,0.1,2.0,rough
anonymous,1777118262380,0.638,-6.071,-8.497,0.6524,49.059892,16.563472,0.1,2.0,rough
anonymous,1777118262392,0.840,-6.193,-7.136,0.3244,49.059892,16.563472,0.1,2.0,rough
anonymous,1777118262409,-2.695,-4.794,-8.522,0.3324,49.059892,16.563472,0.1,2.0,rough
anonymous,1777118262426,-2.061,-5.193,-8.449,0.3194,49.059892,16.563472,0.1,2.0,rough
anonymous,1777118262442,0.230,-6.265,-6.945,0.4543,49.059892,16.563472,0.1,2.0,rough
anonymous,1777118262459,-2.100,-4.818,-8.670,0.3285,49.059892,16.563472,0.1,2.0,rough
anonymous,1777118262476,-1.036,-4.937,-8.080,0.2841,49.059892,16.563472,0.1,2.0,rough
anonymous,1777118262492,0.504,-6.263,-7.356,0.1355,49.059892,16.563472,0.1,2.0,rough
anonymous,1777118262509,-2.375,-4.736,-9.264,0.8620,49.059892,16.563472,0.1,2.0,rough
anonymous,1777118262526,-2.270,-5.083,-8.076,0.0009,49.059892,16.563472,0.1,2.0,rough
anonymous,1777118262542,0.188,-6.277,-7.398,0.1063,49.059892,16.563472,0.1,2.0,rough
anonymous,1777118262559,-1.407,-4.858,-9.248,0.7305,49.059892,16.563472,0.1,2.0,rough
anonymous,1777118262576,-1.584,-5.171,-8.127,0.0482,49.059892,16.563472,0.1,2.0,rough
anonymous,1777118262593,-0.004,-6.015,-8.250,0.4002,49.059892,16.563472,0.1,2.0,rough
anonymous,1777118262609,-1.204,-5.441,-8.596,0.4340,49.059892,16.563472,0.1,2.0,rough
anonymous,1777118262626,-2.198,-5.604,-7.999,0.2014,49.059892,16.563472,0.1,2.0,rough
anonymous,1777118262642,-1.003,-5.787,-8.345,0.3949,49.059892,16.563472,0.1,2.0,rough
anonymous,1777118262659,-0.907,-5.291,-8.402,0.1601,49.059892,16.563472,0.1,2.0,rough
anonymous,1777118262676,-1.336,-5.739,-8.109,0.2140,49.059892,16.563472,0.1,2.0,rough
anonymous,1777118262693,-0.041,-5.602,-8.309,0.2110,49.059892,16.563472,0.1,2.0,rough
anonymous,1777118262709,-1.431,-5.383,-7.870,0.1681,49.059892,16.563472,0.1,2.0,rough
anonymous,1777118262726,-2.567,-5.808,-7.912,0.3349,49.059892,16.563472,0.1,2.0,rough
anonymous,1777118262742,-0.854,-5.560,-7.954,0.0680,49.059892,16.563472,0.1,2.0,rough
anonymous,1777118262759,-1.739,-5.280,-8.172,0.0730,49.059892,16.563472,0.1,2.0,rough
anonymous,1777118262776,-1.294,-5.444,-8.885,0.6896,49.059892,16.563472,0.1,2.0,rough
anonymous,1777118262792,-0.261,-5.179,-8.560,0.1983,49.059892,16.563472,0.1,2.0,rough
anonymous,1777118262809,-1.424,-5.626,-7.878,0.0253,49.059892,16.563472,0.1,2.0,rough
anonymous,1777118262826,-2.308,-5.680,-7.725,0.0525,49.059892,16.563472,0.1,2.0,rough
anonymous,1777118262842,-1.180,-5.803,-7.886,0.0524,49.059892,16.563472,0.1,2.0,rough
anonymous,1777118262859,-0.802,-5.245,-8.134,0.0983,49.059892,16.563472,0.1,2.0,rough
anonymous,1777118262876,-0.840,-5.393,-8.889,0.6212,49.059892,16.563472,0.1,2.0,rough
anonymous,1777118262892,-0.917,-5.135,-8.109,0.1682,49.059892,16.563472,0.1,2.0,rough
anonymous,1777118262909,-0.041,-5.618,-8.538,0.4109,49.059892,16.563472,0.1,2.0,rough
anonymous,1777118262926,-2.017,-5.365,-7.908,0.0433,49.059892,16.563472,0.1,2.0,rough
anonymous,1777118262943,-1.879,-5.817,-7.451,0.1723,49.059892,16.563472,0.1,2.0,rough
anonymous,1777118262960,-0.927,-5.475,-7.736,0.2878,49.059892,16.563472,0.1,2.0,rough
anonymous,1777118262976,-1.183,-4.946,-8.841,0.3894,49.059892,16.563472,0.1,2.0,rough
anonymous,1777118262992,-0.714,-5.046,-8.153,0.1955,49.059892,16.563472,0.1,2.0,rough
anonymous,1777118263010,-0.056,-5.526,-8.401,0.2457,49.059892,16.563472,0.1,2.0,rough
anonymous,1777118263026,-1.806,-5.649,-7.733,0.0651,49.059892,16.563472,0.1,2.0,rough
anonymous,1777118263043,-2.180,-5.819,-7.431,0.1234,49.059893,16.563471,0.3,2.1,rough
anonymous,1777118263059,-1.210,-5.770,-8.022,0.1452,49.059893,16.563471,0.3,2.1,rough
anonymous,1777118263076,-1.098,-5.183,-8.479,0.1885,49.059893,16.563471,0.3,2.1,rough
anonymous,1777118263093,-0.773,-5.187,-8.168,0.1031,49.059893,16.563471,0.3,2.1,rough
anonymous,1777118263109,-0.751,-5.346,-8.531,0.2857,49.059893,16.563471,0.3,2.1,rough
anonymous,1777118263126,-0.876,-5.428,-7.906,0.1804,49.059893,16.563471,0.3,2.1,rough
anonymous,1777118263143,-2.457,-5.833,-7.293,0.1537,49.059893,16.563471,0.3,2.1,rough
anonymous,1777118263159,-1.606,-5.674,-7.716,0.0987,49.059893,16.563471,0.3,2.1,rough
anonymous,1777118263176,-0.447,-5.340,-8.367,0.1261,49.059893,16.563471,0.3,2.1,rough
anonymous,1777118263192,-0.997,-5.169,-7.880,0.3333,49.059893,16.563471,0.3,2.1,rough
anonymous,1777118263209,-0.853,-5.161,-8.021,0.2339,49.059893,16.563471,0.3,2.1,rough
anonymous,1777118263226,-0.107,-5.648,-7.968,0.0428,49.059893,16.563471,0.3,2.1,rough
anonymous,1777118263243,-2.248,-5.755,-7.699,0.0615,49.059893,16.563471,0.3,2.1,rough
anonymous,1777118263259,-1.294,-5.675,-7.403,0.3932,49.059893,16.563471,0.3,2.1,rough
anonymous,1777118263276,-0.224,-5.688,-7.919,0.0569,49.059893,16.563471,0.3,2.1,rough
anonymous,1777118263293,-0.586,-5.407,-8.207,0.0354,49.059893,16.563471,0.3,2.1,rough
anonymous,1777118263309,-0.462,-5.298,-8.070,0.1457,49.059893,16.563471,0.3,2.1,rough
anonymous,1777118263326,0.629,-5.671,-8.527,0.4505,49.059893,16.563471,0.3,2.1,rough
anonymous,1777118263343,-1.846,-5.682,-7.552,0.1807,49.059893,16.563471,0.3,2.1,rough
anonymous,1777118263359,-1.876,-6.050,-7.390,0.0769,49.059893,16.563471,0.3,2.1,rough
anonymous,1777118263376,-0.457,-5.580,-7.594,0.3756,49.059893,16.563471,0.3,2.1,rough
anonymous,1777118263393,-0.032,-5.467,-9.067,0.7780,49.059893,16.563471,0.3,2.1,rough
anonymous,1777118263410,-0.164,-5.382,-8.058,0.1188,49.059893,16.563471,0.3,2.1,rough
anonymous,1777118263426,0.548,-5.645,-8.503,0.4106,49.059893,16.563471,0.3,2.1,rough
anonymous,1777118263443,-1.497,-6.146,-7.468,0.0232,49.059893,16.563471,0.3,2.1,rough
anonymous,1777118263459,-1.648,-6.168,-7.322,0.0954,49.059893,16.563471,0.3,2.1,rough
anonymous,1777118263476,-0.338,-5.443,-7.761,0.3247,49.059893,16.563471,0.3,2.1,rough
anonymous,1777118263492,0.792,-5.236,-9.221,0.8230,49.059893,16.563471,0.3,2.1,rough
anonymous,1777118263510,0.678,-5.163,-8.364,0.0421,49.059893,16.563471,0.3,2.1,rough
anonymous,1777118263526,0.754,-5.813,-7.975,0.0874,49.059893,16.563471,0.3,2.1,rough
anonymous,1777118263543,-0.553,-6.625,-7.414,0.1479,49.059893,16.563471,0.3,2.1,rough
anonymous,1777118263559,-1.570,-6.281,-7.012,0.2664,49.059893,16.563471,0.3,2.1,rough
anonymous,1777118263576,-0.559,-5.597,-7.951,0.0704,49.059893,16.563471,0.3,2.1,rough
anonymous,1777118263593,1.419,-5.019,-9.256,0.8150,49.059893,16.563471,0.3,2.1,rough
anonymous,1777118263610,1.022,-5.044,-7.978,0.3160,49.059893,16.563471,0.3,2.1,rough
anonymous,1777118263626,0.345,-6.004,-7.976,0.1791,49.059893,16.563471,0.3,2.1,rough
anonymous,1777118263642,1.042,-6.311,-7.783,0.2638,49.059893,16.563471,0.3,2.1,rough
anonymous,1777118263660,-1.677,-5.753,-7.661,0.0835,49.059893,16.563471,0.3,2.1,rough
anonymous,1777118263676,-0.942,-5.707,-8.538,0.5032,49.059893,16.563471,0.3,2.1,rough
anonymous,1777118263692,-0.213,-5.552,-8.939,0.7147,49.059893,16.563471,0.3,2.1,rough
anonymous,1777118263710,-0.600,-5.075,-8.794,0.3612,49.059893,16.563471,0.3,2.1,rough
anonymous,1777118263726,-0.320,-5.018,-8.213,0.1800,49.059893,16.563471,0.3,2.1,rough
anonymous,1777118263742,0.549,-5.131,-8.542,0.1700,49.059893,16.563471,0.3,2.1,rough
anonymous,1777118263760,-1.671,-5.703,-8.087,0.2255,49.059893,16.563471,0.3,2.1,rough
anonymous,1777118263776,-0.789,-5.590,-7.680,0.2787,49.059893,16.563471,0.3,2.1,rough
anonymous,1777118263793,0.260,-5.555,-8.196,0.0946,49.059893,16.563471,0.3,2.1,rough
anonymous,1777118263810,0.347,-5.085,-9.222,0.7265,49.059893,16.563471,0.3,2.1,rough
anonymous,1777118263826,-0.170,-5.140,-7.909,0.3755,49.059893,16.563471,0.3,2.1,rough
anonymous,1777118263842,0.353,-5.596,-8.332,0.2330,49.059893,16.563471,0.3,2.1,rough
anonymous,1777118263859,-0.432,-6.402,-7.497,0.0575,49.059893,16.563471,0.3,2.1,rough
anonymous,1777118263876,-0.741,-5.713,-7.739,0.1619,49.059893,16.563471,0.3,2.1,rough
anonymous,1777118263892,-0.364,-5.518,-8.387,0.2357,49.059893,16.563471,0.3,2.1,rough
anonymous,1777118263909,-0.106,-5.294,-8.617,0.3038,49.059893,16.563471,0.3,2.1,rough
anonymous,1777118263926,0.025,-5.535,-7.801,0.2450,49.059893,16.563471,0.3,2.1,rough
anonymous,1777118263943,0.450,-5.931,-7.926,0.0994,49.059893,16.563471,0.3,2.1,rough
anonymous,1777118263960,0.848,-6.056,-7.109,0.4327,49.059893,16.563471,0.3,2.1,rough
anonymous,1777118263976,-1.420,-6.032,-7.721,0.0899,49.059893,16.563471,0.3,2.1,rough
anonymous,1777118263992,-1.123,-5.718,-8.126,0.1894,49.059893,16.563471,0.3,2.1,rough
anonymous,1777118264009,0.500,-5.301,-8.759,0.4399,49.059893,16.563471,0.3,2.1,rough
anonymous,1777118264026,0.056,-5.569,-7.939,0.1125,49.059893,16.563471,0.3,2.1,rough
anonymous,1777118264043,-0.052,-5.707,-7.703,0.2230,49.059893,16.563471,0.3,2.1,rough
anonymous,1777118264060,2.127,-6.470,-7.185,0.0895,49.059893,16.563471,0.3,2.1,rough
anonymous,1777118264076,-1.449,-6.053,-7.450,0.1021,49.059893,16.563471,0.3,2.1,rough
anonymous,1777118264093,-1.188,-5.567,-7.811,0.1447,49.059893,16.563471,0.3,2.1,rough
anonymous,1777118264109,0.054,-5.451,-8.670,0.4315,49.059893,16.563471,0.3,2.1,rough
anonymous,1777118264127,-0.373,-5.565,-8.511,0.3655,49.059893,16.563471,0.3,2.1,rough
anonymous,1777118264142,-0.297,-5.687,-8.010,0.0178,49.059893,16.563471,0.3,2.1,rough
anonymous,1777118264160,1.573,-6.436,-7.625,0.2916,49.059893,16.563471,0.3,2.1,rough
anonymous,1777118264177,-0.774,-6.147,-7.353,0.1946,49.059893,16.563471,0.3,2.1,rough
anonymous,1777118264193,-1.576,-6.021,-7.609,0.0205,49.059893,16.563471,0.3,2.1,rough
anonymous,1777118264209,-1.348,-5.555,-8.322,0.2858,49.059893,16.563471,0.3,2.1,rough
anonymous,1777118264226,-0.877,-5.211,-9.164,0.7688,49.059893,16.563471,0.3,2.1,rough
anonymous,1777118264242,-0.854,-5.190,-8.480,0.1687,49.059893,16.563471,0.3,2.1,rough
anonymous,1777118264259,0.147,-5.350,-8.928,0.5999,49.059893,16.563471,0.3,2.1,rough
anonymous,1777118264276,0.534,-5.270,-8.321,0.0538,49.059893,16.563471,0.3,2.1,rough
anonymous,1777118264292,-1.263,-6.058,-7.233,0.2913,49.059893,16.563471,0.3,2.1,rough
anonymous,1777118264309,0.151,-5.787,-7.627,0.2351,49.059893,16.563471,0.3,2.1,rough
anonymous,1777118264326,0.403,-5.442,-8.057,0.0791,49.059893,16.563471,0.3,2.1,rough
anonymous,1777118264342,-0.131,-5.293,-8.537,0.2356,49.059893,16.563471,0.3,2.1,rough
anonymous,1777118264359,1.849,-5.032,-9.031,0.6924,49.059893,16.563471,0.3,2.1,rough
anonymous,1777118264376,3.832,-5.288,-8.385,0.8183,49.059893,16.563471,0.3,2.1,rough
anonymous,1777118264392,0.072,-6.134,-7.421,0.1818,49.059893,16.563471,0.3,2.1,rough
anonymous,1777118264409,-0.068,-6.032,-8.413,0.5424,49.059893,16.563471,0.3,2.1,rough
anonymous,1777118264426,-0.765,-5.987,-7.981,0.1961,49.059893,16.563471,0.3,2.1,rough
anonymous,1777118264442,1.400,-5.446,-9.425,1.1651,49.059893,16.563471,0.3,2.1,rough
anonymous,1777118264459,2.970,-5.557,-8.075,0.4320,49.059893,16.563471,0.3,2.1,rough
anonymous,1777118264476,2.232,-5.980,-7.324,0.0947,49.059893,16.563471,0.3,2.1,rough
anonymous,1777118264493,0.051,-5.642,-7.946,0.0649,49.059893,16.563471,0.3,2.1,rough
anonymous,1777118264510,-0.693,-4.916,-8.005,0.3904,49.059893,16.563471,0.3,2.1,rough
anonymous,1777118264526,-0.337,-5.090,-8.912,0.4588,49.059893,16.563471,0.3,2.1,rough
anonymous,1777118264543,1.039,-4.222,-9.909,1.0106,49.059893,16.563471,0.3,2.1,rough
anonymous,1777118264559,-1.518,-6.549,-7.025,0.0866,49.059893,16.563471,0.3,2.1,rough
anonymous,1777118264576,-0.180,-6.666,-5.489,1.1735,49.059893,16.563471,0.3,2.1,rough
anonymous,1777118264592,0.999,-5.966,-10.060,1.9287,49.059893,16.563471,0.3,2.1,rough
anonymous,1777118264610,-0.420,-3.872,-7.280,1.5539,49.059893,16.563471,0.3,2.1,rough
anonymous,1777118264626,1.091,-5.414,-10.683,2.2163,49.059893,16.563471,0.3,2.1,rough
anonymous,1777118264643,-1.032,-4.294,-7.861,0.7930,49.059893,16.563471,0.3,2.1,rough
anonymous,1777118264659,-0.032,-5.502,-9.072,0.8003,49.059893,16.563471,0.3,2.1,rough
anonymous,1777118264676,1.674,-4.858,-8.401,0.0380,49.059893,16.563471,0.3,2.1,rough
anonymous,1777118264692,1.116,-6.709,-7.006,0.0455,49.059893,16.563471,0.3,2.1,rough
anonymous,1777118264710,0.623,-6.683,-6.714,0.3162,49.059893,16.563471,0.3,2.1,rough
anonymous,1777118264726,0.441,-5.901,-8.859,0.8433,49.059893,16.563471,0.3,2.1,rough
anonymous,1777118264742,-0.757,-5.007,-8.715,0.2693,49.059893,16.563471,0.3,2.1,rough
anonymous,1777118264760,0.796,-5.502,-9.043,0.8055,49.059893,16.563471,0.3,2.1,rough
anonymous,1777118264778,1.109,-5.411,-8.830,0.6054,49.059893,16.563471,0.3,2.1,rough
anonymous,1777118264792,2.911,-6.094,-6.632,0.3441,49.059893,16.563471,0.3,2.1,rough
anonymous,1777118264810,-0.100,-6.315,-6.676,0.6194,49.059893,16.563471,0.3,2.1,rough
anonymous,1777118264826,-0.146,-5.299,-7.756,0.4151,49.059893,16.563471,0.3,2.1,rough
anonymous,1777118264842,-0.602,-5.064,-8.477,0.0829,49.059893,16.563471,0.3,2.1,rough
anonymous,1777118264860,0.192,-4.549,-9.115,0.3786,49.059893,16.563471,0.3,2.1,rough
anonymous,1777118264876,1.540,-4.623,-9.089,0.5031,49.059893,16.563471,0.3,2.1,rough
anonymous,1777118264892,1.598,-5.257,-7.532,0.4869,49.059893,16.563471,0.3,2.1,rough
anonymous,1777118264910,0.556,-6.135,-7.539,0.0749,49.059893,16.563471,0.3,2.1,rough
anonymous,1777118264926,-0.088,-5.505,-6.844,1.0264,49.059893,16.563471,0.3,2.1,rough
anonymous,1777118264943,-0.206,-5.180,-8.152,0.1497,49.059893,16.563471,0.3,2.1,rough
anonymous,1777118264959,-0.182,-4.785,-8.730,0.1465,49.059893,16.563471,0.3,2.1,rough
anonymous,1777118264976,0.771,-4.893,-8.652,0.1601,49.059893,16.563471,0.3,2.1,rough
anonymous,1777118264993,1.637,-5.355,-8.194,0.1151,49.059893,16.563471,0.3,2.1,rough
anonymous,1777118265010,1.068,-5.678,-7.508,0.3367,49.059893,16.563471,0.3,2.1,rough
anonymous,1777118265027,-0.444,-5.968,-7.144,0.4908,49.059893,16.563471,0.3,2.1,rough
anonymous,1777118265043,0.264,-5.643,-8.172,0.1248,49.059893,16.563472,0.2,2.1,rough
anonymous,1777118265060,0.957,-5.105,-8.472,0.1277,49.059893,16.563472,0.2,2.1,rough
anonymous,1777118265076,0.997,-5.260,-8.065,0.1300,49.059893,16.563472,0.2,2.1,rough
anonymous,1777118265093,1.774,-5.242,-8.051,0.0406,49.059893,16.563472,0.2,2.1,rough
anonymous,1777118265110,1.661,-5.148,-7.777,0.3364,49.059893,16.563472,0.2,2.1,rough
anonymous,1777118265127,-0.670,-5.601,-7.935,0.0742,49.059893,16.563472,0.2,2.1,rough
anonymous,1777118265143,-0.600,-5.554,-8.130,0.0542,49.059893,16.563472,0.2,2.1,rough
anonymous,1777118265161,-0.394,-5.666,-7.996,0.0025,49.059893,16.563472,0.2,2.1,rough
anonymous,1777118265176,-0.465,-6.363,-7.561,0.0831,49.059893,16.563472,0.2,2.1,rough
anonymous,1777118265194,2.354,-6.390,-7.339,0.2017,49.059893,16.563472,0.2,2.1,rough
anonymous,1777118265210,2.462,-6.575,-6.902,0.0351,49.059893,16.563472,0.2,2.1,rough
anonymous,1777118265227,-1.411,-6.484,-7.093,0.0973,49.059893,16.563472,0.2,2.1,rough
anonymous,1777118265243,-0.597,-6.157,-8.587,0.7730,49.059893,16.563472,0.2,2.1,rough
anonymous,1777118265260,-0.567,-5.833,-8.335,0.3796,49.059893,16.563472,0.2,2.1,rough
anonymous,1777118265277,1.040,-5.744,-8.958,0.8822,49.059893,16.563472,0.2,2.1,rough
anonymous,1777118265293,1.604,-5.898,-8.670,0.7985,49.059893,16.563472,0.2,2.1,rough
anonymous,1777118265310,2.050,-6.248,-8.024,0.5639,49.059893,16.563472,0.2,2.1,rough
anonymous,1777118265327,-1.229,-6.208,-7.350,0.1106,49.059893,16.563472,0.2,2.1,rough
anonymous,1777118265343,-0.816,-5.987,-7.934,0.1634,49.059893,16.563472,0.2,2.1,rough
anonymous,1777118265360,-0.589,-5.877,-7.887,0.0428,49.059893,16.563472,0.2,2.1,rough
anonymous,1777118265377,0.367,-5.490,-7.973,0.1223,49.059893,16.563472,0.2,2.1,rough
anonymous,1777118265393,1.870,-5.717,-8.535,0.6315,49.059893,16.563472,0.2,2.1,rough
anonymous,1777118265410,2.604,-5.850,-7.924,0.3780,49.059893,16.563472,0.2,2.1,rough
anonymous,1777118265426,-2.013,-6.221,-7.986,0.5112,49.059893,16.563472,0.2,2.1,rough
anonymous,1777118265443,-1.061,-5.653,-7.772,0.1417,49.059893,16.563472,0.2,2.1,rough
anonymous,1777118265460,-0.565,-5.800,-8.976,0.8914,49.059893,16.563472,0.2,2.1,rough
anonymous,1777118265476,0.583,-5.370,-8.090,0.0829,49.059893,16.563472,0.2,2.1,rough
anonymous,1777118265493,2.920,-4.728,-8.881,0.6661,49.059893,16.563472,0.2,2.1,rough
anonymous,1777118265510,-0.442,-6.491,-7.452,0.0828,49.059893,16.563472,0.2,2.1,rough
anonymous,1777118265526,-0.215,-5.458,-7.072,0.8744,49.059893,16.563472,0.2,2.1,rough
anonymous,1777118265543,0.535,-5.610,-7.859,0.1392,49.059893,16.563472,0.2,2.1,rough
anonymous,1777118265560,-1.280,-5.395,-6.792,1.0423,49.059893,16.563472,0.2,2.1,rough
anonymous,1777118265576,4.491,-5.689,-8.415,1.2964,49.059893,16.563472,0.2,2.1,rough
anonymous,1777118265593,0.211,-6.362,-6.755,0.5284,49.059893,16.563472,0.2,2.1,rough
anonymous,1777118265611,-1.166,-5.957,-5.877,1.3612,49.059893,16.563472,0.2,2.1,rough
anonymous,1777118265626,-0.988,-6.110,-7.902,0.2278,49.059893,16.563472,0.2,2.1,rough
anonymous,1777118265643,-2.361,-5.853,-7.252,0.1968,49.059893,16.563472,0.2,2.1,rough
anonymous,1777118265660,1.371,-6.602,-8.547,1.0768,49.059893,16.563472,0.2,2.1,rough
anonymous,1777118265676,-1.763,-7.649,-6.056,0.1043,49.059893,16.563472,0.2,2.1,rough
anonymous,1777118265693,-0.625,-6.725,-7.102,0.0091,49.059893,16.563472,0.2,2.1,rough
anonymous,1777118265710,-1.581,-6.841,-8.051,0.8726,49.059893,16.563472,0.2,2.1,rough
anonymous,1777118265726,-0.447,-6.465,-7.554,0.1427,49.059893,16.563472,0.2,2.1,rough
anonymous,1777118265743,0.789,-6.756,-7.726,0.4836,49.059893,16.563472,0.2,2.1,rough
anonymous,1777118265760,0.472,-6.797,-6.919,0.0992,49.059893,16.563472,0.2,2.1,rough
anonymous,1777118265776,-0.049,-7.444,-8.426,1.4334,49.059893,16.563472,0.2,2.1,rough
anonymous,1777118265793,-1.942,-7.418,-6.085,0.0203,49.059893,16.563472,0.2,2.1,rough
anonymous,1777118265810,0.644,-7.475,-7.561,0.8414,49.059893,16.563472,0.2,2.1,rough
anonymous,1777118265826,-0.685,-9.009,-6.158,1.1241,49.059893,16.563472,0.2,2.1,rough
anonymous,1777118265843,3.316,-7.795,-7.054,1.2137,49.059893,16.563472,0.2,2.1,rough
anonymous,1777118265860,-2.701,-9.092,-5.461,1.1341,49.059893,16.563472,0.2,2.1,rough
anonymous,1777118265876,0.964,-6.730,-7.520,0.3278,49.059893,16.563472,0.2,2.1,rough
anonymous,1777118265893,0.949,-7.592,-6.766,0.4035,49.059893,16.563472,0.2,2.1,rough
anonymous,1777118265910,-0.732,-9.499,-3.762,0.4336,49.059893,16.563472,0.2,2.1,rough
anonymous,1777118265926,1.067,-7.509,-6.831,0.3971,49.059893,16.563472,0.2,2.1,rough
anonymous,1777118265943,-1.703,-6.880,-7.982,0.8643,49.059893,16.563472,0.2,2.1,rough
anonymous,1777118265960,-0.325,-9.087,-6.406,1.3125,49.059893,16.563472,0.2,2.1,rough
anonymous,1777118265976,1.734,-6.957,-6.812,0.0797,49.059893,16.563472,0.2,2.1,rough
anonymous,1777118265993,1.072,-8.183,-7.093,1.0724,49.059893,16.563472,0.2,2.1,rough
anonymous,1777118266010,-0.550,-9.674,-6.270,1.7314,49.059893,16.563472,0.2,2.1,rough
anonymous,1777118266028,-0.630,-7.084,-8.051,0.9326,49.059893,16.563472,0.2,2.1,rough
anonymous,1777118266043,2.043,-6.263,-8.023,0.5713,49.059893,16.563472,0.2,2.1,rough
anonymous,1777118266060,-1.968,-10.949,-0.819,1.3444,49.059908,16.563479,0.2,2.1,rough
anonymous,1777118266077,-2.498,-9.175,-6.250,1.5693,49.059908,16.563479,0.2,2.1,rough
anonymous,1777118266093,3.009,-4.862,-8.860,0.7350,49.059908,16.563479,0.2,2.1,rough
anonymous,1777118266110,2.386,-7.191,-3.996,1.2448,49.059908,16.563479,0.2,2.1,rough
anonymous,1777118266127,-2.543,-9.201,-3.430,0.3338,49.059908,16.563479,0.2,2.1,rough
anonymous,1777118266143,-5.988,-7.520,-9.137,3.4529,49.059908,16.563479,0.2,2.1,rough
anonymous,1777118266160,4.055,-2.392,-13.117,4.1263,49.059908,16.563479,0.2,2.1,rough
anonymous,1777118266176,9.952,-0.211,-14.068,7.4235,49.059908,16.563479,0.2,2.1,rough
anonymous,1777118266193,-5.102,-6.008,-9.322,2.3981,49.059908,16.563479,0.2,2.1,rough
anonymous,1777118266210,-7.907,-8.855,-10.856,6.2766,49.059908,16.563479,0.2,2.1,rough
anonymous,1777118266226,-0.035,-2.783,-3.766,5.1267,49.059908,16.563479,0.2,2.1,rough
anonymous,1777118266243,8.101,0.102,-13.319,5.7795,49.059908,16.563479,0.2,2.1,rough
anonymous,1777118266260,-2.427,-4.022,-9.148,0.4738,49.059908,16.563479,0.2,2.1,rough
anonymous,1777118266276,-3.719,-6.222,-13.989,5.9460,49.059908,16.563479,0.2,2.1,rough
anonymous,1777118266293,-1.155,-7.018,-9.367,1.9517,49.059908,16.563479,0.2,2.1,rough
anonymous,1777118266310,1.541,-5.218,-7.923,0.1985,49.059908,16.563479,0.2,2.1,rough
anonymous,1777118266327,2.716,-4.565,-11.914,3.2341,49.059908,16.563479,0.2,2.1,rough
anonymous,1777118266343,-0.161,-5.882,-9.191,1.1034,49.059908,16.563479,0.2,2.1,rough
anonymous,1777118266360,-1.405,-7.155,-6.536,0.0172,49.059908,16.563479,0.2,2.1,rough
anonymous,1777118266377,-0.719,-6.703,-8.922,1.3724,49.059908,16.563479,0.2,2.1,rough
anonymous,1777118266393,1.175,-5.425,-9.898,1.5378,49.059908,16.563479,0.2,2.1,rough
anonymous,1777118266410,1.308,-5.360,-8.876,0.6408,49.059908,16.563479,0.2,2.1,rough
anonymous,1777118266427,1.029,-5.420,-9.726,1.3722,49.059908,16.563479,0.2,2.1,rough
anonymous,1777118266443,0.042,-5.736,-6.716,0.9776,49.059908,16.563479,0.2,2.1,rough
anonymous,1777118266460,0.373,-5.948,-8.034,0.1933,49.059908,16.563479,0.2,2.1,rough
anonymous,1777118266476,0.617,-4.811,-8.004,0.4510,49.059908,16.563479,0.2,2.1,rough
anonymous,1777118266493,2.031,-6.762,-11.916,4.0408,49.059908,16.563479,0.2,2.1,rough
anonymous,1777118266510,0.647,-5.650,-5.159,2.1317,49.059908,16.563479,0.2,2.1,rough
anonymous,1777118266527,-1.503,-9.236,-7.463,2.1592,49.059908,16.563479,0.2,2.1,rough
anonymous,1777118266543,2.297,-6.006,-8.847,1.1273,49.059908,16.563479,0.2,2.1,rough
anonymous,1777118266560,-1.148,-6.485,-7.703,0.3249,49.059908,16.563479,0.2,2.1,rough
anonymous,1777118266576,0.195,-5.704,-7.925,0.0444,49.059908,16.563479,0.2,2.1,rough
anonymous,1777118266593,0.213,-8.321,-5.316,0.0662,49.059908,16.563479,0.2,2.1,rough
anonymous,1777118266610,-1.350,-8.003,-3.704,0.8883,49.059908,16.563479,0.2,2.1,rough
anonymous,1777118266626,2.056,-5.924,-7.051,0.3741,49.059908,16.563479,0.2,2.1,rough
anonymous,1777118266643,-0.314,-5.869,-7.052,0.6299,49.059908,16.563479,0.2,2.1,rough
anonymous,1777118266660,0.792,-6.421,-6.920,0.3365,49.059908,16.563479,0.2,2.1,rough
anonymous,1777118266676,0.837,-6.670,-6.376,0.5450,49.059908,16.563479,0.2,2.1,rough
anonymous,1777118266693,1.443,-6.872,-6.873,0.0155,49.059908,16.563479,0.2,2.1,rough
anonymous,1777118266710,0.778,-6.563,-7.740,0.3679,49.059908,16.563479,0.2,2.1,rough
anonymous,1777118266726,0.158,-6.966,-7.390,0.3474,49.059908,16.563479,0.2,2.1,rough
anonymous,1777118266743,1.709,-6.642,-7.093,0.0562,49.059908,16.563479,0.2,2.1,rough
anonymous,1777118266760,0.399,-6.371,-6.704,0.5530,49.059908,16.563479,0.2,2.1,rough
anonymous,1777118266776,1.021,-6.080,-7.035,0.4556,49.059908,16.563479,0.2,2.1,rough
anonymous,1777118266793,0.448,-6.780,-7.543,0.3416,49.059908,16.563479,0.2,2.1,rough
anonymous,1777118266810,-0.323,-7.504,-7.509,0.8104,49.059908,16.563479,0.2,2.1,rough
anonymous,1777118266826,0.179,-7.135,-7.173,0.3094,49.059908,16.563479,0.2,2.1,rough
anonymous,1777118266843,0.533,-6.524,-7.008,0.2209,49.059908,16.563479,0.2,2.1,rough
anonymous,1777118266860,-0.034,-7.079,-6.522,0.1843,49.059908,16.563479,0.2,2.1,rough
anonymous,1777118266877,-0.635,-8.182,-6.738,0.8083,49.059908,16.563479,0.2,2.1,rough
anonymous,1777118266893,1.650,-7.544,-7.346,0.8488,49.059908,16.563479,0.2,2.1,rough
anonymous,1777118266910,-1.496,-8.410,-7.511,1.5643,49.059908,16.563479,0.2,2.1,rough
anonymous,1777118266927,0.958,-7.866,-6.802,0.6331,49.059908,16.563479,0.2,2.1,rough
anonymous,1777118266943,-1.376,-8.030,-7.226,1.0794,49.059908,16.563479,0.2,2.1,rough
anonymous,1777118266960,0.403,-7.404,-4.296,1.2407,49.059908,16.563479,0.2,2.1,rough
anonymous,1777118266977,0.533,-6.940,-8.013,0.8042,49.059908,16.563479,0.2,2.1,rough
anonymous,1777118266993,0.071,-8.012,-8.294,1.7218,49.059908,16.563479,0.2,2.1,rough
anonymous,1777118267010,-0.446,-7.724,-7.712,1.1135,49.059908,16.563479,0.2,2.1,rough
anonymous,1777118267026,-0.147,-7.922,-8.124,1.5383,49.059908,16.563479,0.2,2.1,rough
anonymous,1777118267045,-0.254,-8.308,-4.295,0.4538,49.059895,16.563463,2.9,2.1,rough
anonymous,1777118267060,-0.026,-7.993,-7.553,1.1872,49.059895,16.563463,2.9,2.1,rough
anonymous,1777118267076,-0.072,-8.756,-4.892,0.2204,49.059895,16.563463,2.9,2.1,rough
anonymous,1777118267093,0.026,-8.770,-6.062,0.8507,49.059895,16.563463,2.9,2.1,rough
anonymous,1777118267110,0.662,-8.474,-5.985,0.5857,49.059895,16.563463,2.9,2.1,rough
anonymous,1777118267126,-0.111,-8.823,-4.168,0.0519,49.059895,16.563463,2.9,2.1,rough
anonymous,1777118267143,-0.105,-7.753,-6.686,0.4285,49.059895,16.563463,2.9,2.1,rough
anonymous,1777118267160,-0.188,-7.979,-5.884,0.1056,49.059895,16.563463,2.9,2.1,rough
anonymous,1777118267177,0.446,-9.051,-5.796,0.9472,49.059895,16.563463,2.9,2.1,rough
anonymous,1777118267193,0.640,-9.298,-5.010,0.7717,49.059895,16.563463,2.9,2.1,rough
anonymous,1777118267210,-0.313,-8.351,-5.353,0.1141,49.059895,16.563463,2.9,2.1,rough
anonymous,1777118267226,-0.528,-8.791,-5.999,0.8455,49.059895,16.563463,2.9,2.1,rough
anonymous,1777118267243,0.328,-8.537,-5.892,0.5685,49.059895,16.563463,2.9,2.1,rough
anonymous,1777118267260,0.080,-7.646,-6.528,0.2442,49.059895,16.563463,2.9,2.1,rough
anonymous,1777118267277,0.813,-9.153,-5.471,0.8844,49.059895,16.563463,2.9,2.1,rough
anonymous,1777118267293,0.052,-8.329,-5.072,0.0584,49.059895,16.563463,2.9,2.1,rough
anonymous,1777118267310,0.567,-7.819,-6.718,0.5142,49.059895,16.563463,2.9,2.1,rough
anonymous,1777118267326,0.215,-8.984,-3.867,0.0267,49.059895,16.563463,2.9,2.1,rough
anonymous,1777118267343,-0.017,-8.633,-5.144,0.2395,49.059895,16.563463,2.9,2.1,rough
anonymous,1777118267360,0.004,-8.442,-5.264,0.1383,49.059895,16.563463,2.9,2.1,rough
anonymous,1777118267376,-0.224,-9.805,-4.438,0.9545,49.059895,16.563463,2.9,2.1,rough
anonymous,1777118267393,1.028,-8.764,-7.048,1.4834,49.059895,16.563463,2.9,2.1,rough
anonymous,1777118267410,-0.269,-8.275,-7.420,1.3077,49.059895,16.563463,2.9,2.1,rough
anonymous,1777118267426,-0.760,-9.470,-9.486,3.6153,49.059895,16.563463,2.9,2.1,rough
anonymous,1777118267443,1.469,-8.537,-4.294,0.1417,49.059895,16.563463,2.9,2.1,rough
anonymous,1777118267459,-0.441,-10.505,-6.067,2.3291,49.059895,16.563463,2.9,2.1,rough
anonymous,1777118267477,-0.399,-8.013,-4.277,0.7182,49.059895,16.563463,2.9,2.1,rough
anonymous,1777118267493,-2.549,-9.256,-5.732,1.3718,49.059895,16.563463,2.9,2.1,rough
anonymous,1777118267510,2.141,-9.432,-6.995,2.1267,49.059895,16.563463,2.9,2.1,rough
anonymous,1777118267527,-2.806,-10.489,-6.922,3.0659,49.059895,16.563463,2.9,2.1,rough
anonymous,1777118267543,3.121,-9.479,-5.208,1.4464,49.059895,16.563463,2.9,2.1,rough
anonymous,1777118267560,-3.496,-11.134,-3.645,2.4157,49.059895,16.563463,2.9,2.1,rough
anonymous,1777118267575,5.580,-7.731,-4.935,0.9260,49.059895,16.563463,2.9,2.1,rough
anonymous,1777118267593,-0.580,-6.117,-4.607,2.1298,49.059895,16.563463,2.9,2.1,rough
anonymous,1777118267610,-3.069,-10.586,-5.832,2.6600,49.059895,16.563463,2.9,2.1,rough
anonymous,1777118267627,-0.640,-6.354,-5.981,1.0610,49.059895,16.563463,2.9,2.1,rough
anonymous,1777118267643,-4.608,-9.124,-5.150,1.6361,49.059895,16.563463,2.9,2.1,rough
anonymous,1777118267660,8.793,-6.904,-7.411,3.6034,49.059895,16.563463,2.9,2.1,rough
anonymous,1777118267676,-5.344,-10.767,-4.517,3.0308,49.059895,16.563463,2.9,2.1,rough
anonymous,1777118267693,6.571,-6.640,-8.160,2.5941,49.059895,16.563463,2.9,2.1,rough
anonymous,1777118267710,0.471,-4.413,-4.671,3.3673,49.059895,16.563463,2.9,2.1,rough
anonymous,1777118267726,-4.961,-10.377,-5.193,2.8102,49.059895,16.563463,2.9,2.1,rough
anonymous,1777118267743,-0.100,-6.714,-6.498,0.4661,49.059895,16.563463,2.9,2.1,rough
anonymous,1777118267760,-5.593,-11.799,-4.149,3.8907,49.059895,16.563463,2.9,2.1,rough
anonymous,1777118267776,6.028,-6.038,-7.696,1.6797,49.059895,16.563463,2.9,2.1,rough
anonymous,1777118267793,-5.624,-10.970,-5.147,3.5486,49.059895,16.563463,2.9,2.1,rough
anonymous,1777118267810,0.684,-7.045,-6.057,0.4940,49.059895,16.563463,2.9,2.1,rough
anonymous,1777118267827,-3.343,-12.205,-3.799,3.4027,49.059895,16.563463,2.9,2.1,rough
anonymous,1777118267843,-4.665,-10.121,-4.472,2.1982,49.059895,16.563463,2.9,2.1,rough
anonymous,1777118267860,0.878,-8.351,-7.943,1.7481,49.059895,16.563463,2.9,2.1,rough
anonymous,1777118267876,-0.579,-6.687,-3.500,2.2398,49.059895,16.563463,2.9,2.1,rough
anonymous,1777118267893,1.992,-7.783,-5.981,0.2059,49.059895,16.563463,2.9,2.1,rough
anonymous,1777118267910,-4.409,-7.866,-5.167,0.5826,49.059895,16.563463,2.9,2.1,rough
anonymous,1777118267926,2.105,-10.643,-10.262,5.1237,49.059895,16.563463,2.9,2.1,rough
anonymous,1777118267943,-3.891,-9.181,-6.701,2.2042,49.059895,16.563463,2.9,2.1,rough
anonymous,1777118267960,2.785,-10.744,-7.928,3.8299,49.059895,16.563463,2.9,2.1,rough
anonymous,1777118267976,-3.627,-5.751,-3.503,2.1613,49.059895,16.563463,2.9,2.1,rough
anonymous,1777118267993,0.795,-9.818,-4.583,1.0537,49.059895,16.563463,2.9,2.1,rough
anonymous,1777118268010,-0.945,-5.607,-5.140,2.1453,49.059895,16.563463,2.9,2.1,rough
anonymous,1777118268026,0.458,-9.965,-7.787,2.8453,49.059895,16.563463,2.9,2.1,rough
anonymous,1777118268043,-1.380,-6.989,-4.066,1.6075,49.059895,16.563463,2.9,2.1,rough
anonymous,1777118268060,-0.751,-9.645,-9.205,3.5432,49.059905,16.563434,7.3,2.1,rough
anonymous,1777118268076,-1.474,-10.492,-2.622,1.1044,49.059905,16.563434,7.3,2.1,rough
anonymous,1777118268093,0.714,-10.325,-7.918,3.2213,49.059905,16.563434,7.3,2.1,rough
anonymous,1777118268111,-1.362,-10.265,-4.491,1.4770,49.059905,16.563434,7.3,2.1,rough
anonymous,1777118268126,1.259,-5.127,-6.995,1.0458,49.059905,16.563434,7.3,2.1,rough
anonymous,1777118268143,-1.426,-9.801,-6.577,2.0789,49.059905,16.563434,7.3,2.1,rough
anonymous,1777118268160,-1.025,-6.105,-5.960,1.2171,49.059905,16.563434,7.3,2.1,rough
anonymous,1777118268176,0.460,-9.137,-7.260,1.8692,49.059905,16.563434,7.3,2.1,rough
anonymous,1777118268193,-0.766,-6.113,-5.239,1.7231,49.059905,16.563434,7.3,2.1,rough
anonymous,1777118268209,-0.934,-7.733,-8.656,1.8348,49.059905,16.563434,7.3,2.1,rough
anonymous,1777118268226,-0.306,-9.105,-7.632,2.0740,49.059905,16.563434,7.3,2.1,rough
anonymous,1777118268243,0.403,-6.391,-6.252,0.8603,49.059905,16.563434,7.3,2.1,rough
anonymous,1777118268260,-0.386,-9.810,-6.608,2.0246,49.059905,16.563434,7.3,2.1,rough
anonymous,1777118268276,-0.017,-9.120,-5.543,0.8625,49.059905,16.563434,7.3,2.1,rough
anonymous,1777118268293,-0.242,-7.065,-4.663,1.3413,49.059905,16.563434,7.3,2.1,rough
anonymous,1777118268310,-0.076,-7.483,-10.674,3.2254,49.059905,16.563434,7.3,2.1,rough
anonymous,1777118268326,-1.596,-10.415,-3.904,1.4267,49.059905,16.563434,7.3,2.1,rough
anonymous,1777118268343,-0.796,-9.314,-6.788,1.7424,49.059905,16.563434,7.3,2.1,rough
anonymous,1777118268360,-0.030,-8.483,-8.599,2.2693,49.059905,16.563434,7.3,2.1,rough
anonymous,1777118268377,-0.475,-9.287,-7.586,2.1908,49.059905,16.563434,7.3,2.1,rough
anonymous,1777118268393,0.471,-8.795,-10.922,4.2204,49.059905,16.563434,7.3,2.1,rough
anonymous,1777118268410,-0.539,-9.348,-10.474,4.2392,49.059905,16.563434,7.3,2.1,rough
anonymous,1777118268427,-0.280,-9.848,-3.898,0.7854,49.059905,16.563434,7.3,2.1,rough
anonymous,1777118268443,-0.780,-7.632,-10.394,3.1092,49.059905,16.563434,7.3,2.1,rough
anonymous,1777118268460,-1.487,-8.320,-10.171,3.4144,49.059905,16.563434,7.3,2.1,rough
anonymous,1777118268476,0.590,-7.563,-4.876,0.7925,49.059905,16.563434,7.3,2.1,rough
anonymous,1777118268493,-0.139,-8.700,-4.986,0.2181,49.059905,16.563434,7.3,2.1,rough
anonymous,1777118268510,-1.342,-6.104,-9.946,1.9368,49.059905,16.563434,7.3,2.1,rough
anonymous,1777118268526,1.290,-8.274,-5.832,0.3944,49.059905,16.563434,7.3,2.1,rough
anonymous,1777118268543,-0.940,-9.850,-0.154,0.0865,49.059905,16.563434,7.3,2.1,rough
anonymous,1777118268560,0.169,-7.851,-2.257,1.6390,49.059905,16.563434,7.3,2.1,rough
anonymous,1777118268576,0.178,-7.955,-7.245,0.9514,49.059905,16.563434,7.3,2.1,rough
anonymous,1777118268593,0.859,-9.651,-4.194,0.7477,49.059905,16.563434,7.3,2.1,rough
anonymous,1777118268610,-0.869,-9.406,-2.007,0.1533,49.059905,16.563434,7.3,2.1,rough
anonymous,1777118268626,-1.269,-8.205,-8.540,2.1003,49.059905,16.563434,7.3,2.1,rough
anonymous,1777118268643,-0.518,-8.004,-9.842,2.8860,49.059905,16.563434,7.3,2.1,rough
anonymous,1777118268660,-1.323,-9.069,-8.361,2.5962,49.059905,16.563434,7.3,2.1,rough
anonymous,1777118268676,0.426,-10.559,0.671,0.7789,49.059905,16.563434,7.3,2.1,rough
anonymous,1777118268693,-1.670,-8.527,0.046,1.1212,49.059905,16.563434,7.3,2.1,rough
anonymous,1777118268710,0.021,-6.259,-8.538,0.7769,49.059905,16.563434,7.3,2.1,rough
anonymous,1777118268726,1.992,-8.942,-8.616,2.7660,49.059905,16.563434,7.3,2.1,rough
anonymous,1777118268743,-0.070,-10.035,-2.909,0.6383,49.059905,16.563434,7.3,2.1,rough
anonymous,1777118268760,3.013,-10.605,0.028,1.2152,49.059905,16.563434,7.3,2.1,rough
anonymous,1777118268776,-2.774,-7.197,-9.378,2.3321,49.059905,16.563434,7.3,2.1,rough
anonymous,1777118268792,-2.173,-6.616,-12.578,4.5668,49.059905,16.563434,7.3,2.1,rough
anonymous,1777118268809,-2.530,-8.500,-10.997,4.3177,49.059905,16.563434,7.3,2.1,rough
anonymous,1777118268826,0.272,-9.531,1.570,0.1462,49.059905,16.563434,7.3,2.1,rough
anonymous,1777118268843,4.677,-10.447,-1.308,1.7110,49.059905,16.563434,7.3,2.1,rough
anonymous,1777118268860,0.646,-7.548,-1.276,2.1280,49.059905,16.563434,7.3,2.1,rough
anonymous,1777118268877,-0.305,-6.793,-11.274,3.3557,49.059905,16.563434,7.3,2.1,rough
anonymous,1777118268893,-3.045,-7.875,-10.032,3.3019,49.059905,16.563434,7.3,2.1,rough
anonymous,1777118268910,-0.222,-10.873,-6.333,2.7747,49.059905,16.563434,7.3,2.1,rough
anonymous,1777118268926,1.083,-10.232,-6.387,2.3004,49.059905,16.563434,7.3,2.1,rough
anonymous,1777118268942,3.226,-8.009,-10.023,3.4191,49.059905,16.563434,7.3,2.1,rough
anonymous,1777118268960,-2.122,-8.110,-4.680,0.2092,49.059905,16.563434,7.3,2.1,rough
anonymous,1777118268976,-0.992,-10.233,-1.524,0.5831,49.059905,16.563434,7.3,2.1,rough
anonymous,1777118268993,2.378,-8.774,-4.857,0.4967,49.059905,16.563434,7.3,2.1,rough
anonymous,1777118269010,-1.118,-8.576,-6.559,1.0446,49.059905,16.563434,7.3,2.1,rough
anonymous,1777118269028,0.697,-7.509,-10.926,3.4659,49.059905,16.563434,7.3,2.1,rough
anonymous,1777118269043,-2.230,-12.253,-1.953,2.7967,49.059913,16.563342,19.5,2.1,rough
anonymous,1777118269059,-0.740,-9.814,-1.864,0.2069,49.059913,16.563342,19.5,2.1,rough
anonymous,1777118269076,-1.361,-8.828,-5.098,0.4751,49.059913,16.563342,19.5,2.1,rough
anonymous,1777118269093,-0.187,-7.495,-11.972,4.3161,49.059913,16.563342,19.5,2.1,rough
anonymous,1777118269110,3.211,-9.464,-7.497,2.6832,49.059913,16.563342,19.5,2.1,rough
anonymous,1777118269126,-0.447,-8.506,-6.717,1.0375,49.059913,16.563342,19.5,2.1,rough
anonymous,1777118269143,-2.648,-10.293,-5.449,2.1335,49.059913,16.563342,19.5,2.1,rough
anonymous,1777118269160,-2.056,-8.596,-0.532,0.9551,49.059913,16.563342,19.5,2.1,rough
anonymous,1777118269176,2.065,-6.996,-7.764,0.8426,49.059913,16.563342,19.5,2.1,rough
anonymous,1777118269193,-2.457,-8.003,-5.726,0.3324,49.059913,16.563342,19.5,2.1,rough
anonymous,1777118269210,5.365,-9.477,-5.789,2.5235,49.059913,16.563342,19.5,2.1,rough
anonymous,1777118269226,-1.968,-7.033,-3.800,1.5775,49.059913,16.563342,19.5,2.1,rough
anonymous,1777118269243,2.381,-5.864,-5.714,1.2829,49.059913,16.563342,19.5,2.1,rough
anonymous,1777118269260,-2.169,-8.802,-7.857,2.1867,49.059913,16.563342,19.5,2.1,rough
anonymous,1777118269276,1.116,-9.190,-6.201,1.3326,49.059913,16.563342,19.5,2.1,rough
anonymous,1777118269293,0.593,-6.308,-8.387,0.7011,49.059913,16.563342,19.5,2.1,rough
anonymous,1777118269310,4.307,-7.160,-8.471,2.0886,49.059913,16.563342,19.5,2.1,rough
anonymous,1777118269326,-0.453,-5.452,-2.149,3.9325,49.059913,16.563342,19.5,2.1,rough
anonymous,1777118269343,-1.220,-10.769,-6.052,2.6034,49.059913,16.563342,19.5,2.1,rough
anonymous,1777118269360,-2.133,-9.658,-4.004,0.8607,49.059913,16.563342,19.5,2.1,rough
anonymous,1777118269376,3.168,-7.474,-7.671,1.3587,49.059913,16.563342,19.5,2.1,rough
anonymous,1777118269393,-1.832,-9.421,-7.999,2.6836,49.059913,16.563342,19.5,2.1,rough
anonymous,1777118269410,2.447,-6.418,-2.301,2.5657,49.059913,16.563342,19.5,2.1,rough
anonymous,1777118269426,-3.731,-11.173,-2.718,2.2791,49.059913,16.563342,19.5,2.1,rough
anonymous,1777118269443,3.431,-10.839,-5.918,3.0073,49.059913,16.563342,19.5,2.1,rough
anonymous,1777118269459,-1.826,-9.488,-9.009,3.4009,49.059913,16.563342,19.5,2.1,rough
anonymous,1777118269476,2.362,-9.776,-8.756,3.5249,49.059913,16.563342,19.5,2.1,rough
anonymous,1777118269493,-1.603,-8.340,-1.965,1.0927,49.059913,16.563342,19.5,2.1,rough
anonymous,1777118269509,1.741,-9.007,-13.840,6.7942,49.059913,16.563342,19.5,2.1,rough
anonymous,1777118269526,0.527,-7.677,-8.143,1.3935,49.059913,16.563342,19.5,2.1,rough
anonymous,1777118269543,-0.796,-8.469,-4.276,0.2892,49.059913,16.563342,19.5,2.1,rough
anonymous,1777118269560,-1.149,-12.609,-1.360,2.9240,49.059913,16.563342,19.5,2.1,rough
anonymous,1777118269576,-1.183,-8.539,-5.093,0.2027,49.059913,16.563342,19.5,2.1,rough
anonymous,1777118269593,1.440,-8.489,-9.484,2.9996,49.059913,16.563342,19.5,2.1,rough
anonymous,1777118269610,-1.716,-9.702,-8.805,3.4037,49.059913,16.563342,19.5,2.1,rough
anonymous,1777118269626,3.206,-9.019,-6.305,1.6517,49.059913,16.563342,19.5,2.1,rough
anonymous,1777118269643,-1.823,-11.306,0.058,1.6424,49.059913,16.563342,19.5,2.1,rough
anonymous,1777118269660,1.732,-9.711,3.642,0.7055,49.059913,16.563342,19.5,2.1,rough
anonymous,1777118269676,0.658,-5.173,-13.187,4.3703,49.059913,16.563342,19.5,2.1,rough
anonymous,1777118269693,5.145,-6.965,-15.319,7.7869,49.059913,16.563342,19.5,2.1,rough
anonymous,1777118269710,-4.143,-8.682,-4.086,0.6416,49.059913,16.563342,19.5,2.1,rough
anonymous,1777118269726,2.428,-13.532,-2.280,4.1259,49.059913,16.563342,19.5,2.1,rough
anonymous,1777118269743,2.207,-4.418,-5.535,2.3923,49.059913,16.563342,19.5,2.1,rough
anonymous,1777118269759,4.309,-7.787,-14.191,6.9410,49.059913,16.563342,19.5,2.1,rough
anonymous,1777118269776,-1.415,-5.014,-6.167,1.7369,49.059913,16.563342,19.5,2.1,rough
anonymous,1777118269793,-1.980,-6.889,-11.543,3.7775,49.059913,16.563342,19.5,2.1,rough
anonymous,1777118269810,-2.885,-10.595,-4.910,2.2189,49.059913,16.563342,19.5,2.1,rough
anonymous,1777118269826,1.760,-12.965,4.069,3.8925,49.059913,16.563342,19.5,2.1,rough
anonymous,1777118269843,6.755,-12.342,-6.391,5.6429,49.059913,16.563342,19.5,2.1,rough
anonymous,1777118269859,-2.008,-3.948,-7.121,1.4240,49.059913,16.563342,19.5,2.1,rough
anonymous,1777118269876,-1.889,-7.435,-9.567,2.4527,49.059913,16.563342,19.5,2.1,rough
anonymous,1777118269893,-5.112,-8.707,-0.193,0.2885,49.059913,16.563342,19.5,2.1,rough
anonymous,1777118269909,3.446,-10.210,1.332,1.0480,49.059913,16.563342,19.5,2.1,rough
anonymous,1777118269926,1.290,-10.346,0.344,0.6217,49.059913,16.563342,19.5,2.1,rough
anonymous,1777118269943,-2.838,-8.461,-5.871,0.8724,49.059913,16.563342,19.5,2.1,rough
anonymous,1777118269960,-1.925,-7.306,-10.614,3.2189,49.059913,16.563342,19.5,2.1,rough
anonymous,1777118269976,-0.083,-8.003,-7.219,0.9683,49.059913,16.563342,19.5,2.1,rough
anonymous,1777118269994,1.680,-10.210,-5.008,1.6853,49.059913,16.563342,19.5,2.1,rough
anonymous,1777118270010,-0.646,-10.599,-8.672,3.9000,49.059913,16.563342,19.5,2.1,rough
anonymous,1777118270026,2.848,-8.167,-8.646,2.4194,49.059913,16.563342,19.5,2.1,rough
anonymous,1777118270044,-0.419,-4.554,-6.440,1.9118,49.059938,16.563201,32.4,2.1,rough
anonymous,1777118270059,-2.520,-6.655,-3.057,2.0653,49.059938,16.563201,32.4,2.1,rough
anonymous,1777118270076,-1.636,-5.651,-2.074,3.5725,49.059938,16.563201,32.4,2.1,rough
anonymous,1777118270093,1.684,-5.557,-12.376,3.8607,49.059938,16.563201,32.4,2.1,rough
anonymous,1777118270110,1.207,-1.911,-3.021,6.0372,49.059938,16.563201,32.4,2.1,rough
anonymous,1777118270127,1.592,-6.236,-14.966,6.4816,49.059938,16.563201,32.4,2.1,rough
anonymous,1777118270143,-3.250,-4.439,-5.597,1.9611,49.059938,16.563201,32.4,2.1,rough
anonymous,1777118270160,-3.043,-5.006,-12.076,3.6122,49.059938,16.563201,32.4,2.1,rough
anonymous,1777118270176,-0.182,-6.990,-2.953,2.2192,49.059938,16.563201,32.4,2.1,rough
anonymous,1777118270194,6.269,-2.602,-5.763,0.9058,49.059938,16.563201,32.4,2.1,rough
anonymous,1777118270211,-2.899,-8.647,-21.776,13.7984,49.059938,16.563201,32.4,2.1,rough
anonymous,1777118270226,-0.347,-3.527,-1.811,5.8298,49.059938,16.563201,32.4,2.1,rough
anonymous,1777118270243,-2.190,-6.793,-22.733,14.0172,49.059938,16.563201,32.4,2.1,rough
anonymous,1777118270260,2.158,-2.412,-6.116,2.8906,49.059938,16.563201,32.4,2.1,rough
anonymous,1777118270276,5.250,-8.209,-12.384,5.9484,49.059938,16.563201,32.4,2.1,rough
anonymous,1777118270293,-0.576,-5.628,-11.494,3.0004,49.059938,16.563201,32.4,2.1,rough
anonymous,1777118270310,-1.951,-4.473,-10.961,2.1878,49.059938,16.563201,32.4,2.1,rough
anonymous,1777118270326,-2.429,-4.898,-16.267,7.3512,49.059938,16.563201,32.4,2.1,rough
anonymous,1777118270343,1.708,-2.083,-13.799,4.2496,49.059938,16.563201,32.4,2.1,rough
anonymous,1777118270359,-1.103,-4.188,-5.340,2.9344,49.059938,16.563201,32.4,2.1,rough
anonymous,1777118270376,-1.608,-9.222,2.510,0.1183,49.059938,16.563201,32.4,2.1,rough
anonymous,1777118270392,1.767,-5.046,-4.533,2.8002,49.059938,16.563201,32.4,2.1,rough
anonymous,1777118270409,-0.041,-3.455,-11.291,1.9976,49.059938,16.563201,32.4,2.1,rough
anonymous,1777118270426,-0.977,-2.489,-11.481,1.9787,49.059938,16.563201,32.4,2.1,rough
anonymous,1777118270442,-1.106,-5.020,-10.683,2.0456,49.059938,16.563201,32.4,2.1,rough
anonymous,1777118270459,-1.684,-8.658,-7.074,1.4968,49.059938,16.563201,32.4,2.1,rough
anonymous,1777118270476,1.785,-8.293,-3.407,0.6687,49.059938,16.563201,32.4,2.1,rough
anonymous,1777118270492,3.101,-5.720,-7.881,0.4097,49.059938,16.563201,32.4,2.1,rough
anonymous,1777118270509,-0.678,-6.752,-10.733,2.8879,49.059938,16.563201,32.4,2.1,rough
anonymous,1777118270526,-1.113,-5.411,-10.597,2.1411,49.059938,16.563201,32.4,2.1,rough
anonymous,1777118270542,-5.004,-8.008,-0.229,0.3645,49.059938,16.563201,32.4,2.1,rough
anonymous,1777118270559,2.531,-9.680,1.081,0.2536,49.059938,16.563201,32.4,2.1,rough
anonymous,1777118270575,6.470,-7.275,-2.866,0.3394,49.059938,16.563201,32.4,2.1,rough
anonymous,1777118270592,-0.760,-2.415,-5.910,3.3802,49.059938,16.563201,32.4,2.1,rough
anonymous,1777118270610,-1.536,-2.893,-10.117,0.8242,49.059938,16.563201,32.4,2.1,rough
anonymous,1777118270626,-3.224,-2.822,-7.579,1.1043,49.059938,16.563201,32.4,2.1,rough
anonymous,1777118270642,-2.831,-6.983,-11.118,3.6206,49.059938,16.563201,32.4,2.1,rough
anonymous,1777118270659,0.624,-10.483,-0.458,0.7013,49.059938,16.563201,32.4,2.1,rough
anonymous,1777118270676,4.155,-10.447,-1.580,1.5434,49.059938,16.563201,32.4,2.1,rough
anonymous,1777118270692,-1.126,-5.958,-11.634,3.3090,49.059938,16.563201,32.4,2.1,rough
anonymous,1777118270709,-1.734,-5.412,-8.021,0.0199,49.059938,16.563201,32.4,2.1,rough
anonymous,1777118270725,-4.508,-5.931,-13.082,5.2444,49.059938,16.563201,32.4,2.1,rough
anonymous,1777118270742,-3.399,-8.857,-6.506,1.6933,49.059938,16.563201,32.4,2.1,rough
anonymous,1777118270759,0.246,-9.004,2.057,0.5705,49.059938,16.563201,32.4,2.1,rough
anonymous,1777118270775,4.414,-7.131,-3.784,0.6096,49.059938,16.563201,32.4,2.1,rough
anonymous,1777118270792,-0.004,-4.390,-7.135,1.4322,49.059938,16.563201,32.4,2.1,rough
anonymous,1777118270810,-2.245,-6.854,-13.247,5.2731,49.059938,16.563201,32.4,2.1,rough
anonymous,1777118270827,-0.346,-6.491,-8.526,0.9109,49.059938,16.563201,32.4,2.1,rough
anonymous,1777118270843,-2.519,-10.153,-4.714,1.6641,49.059938,16.563201,32.4,2.1,rough
anonymous,1777118270860,0.621,-13.259,1.098,3.5085,49.059938,16.563201,32.4,2.1,rough
anonymous,1777118270876,2.355,-5.801,-6.361,0.8848,49.059938,16.563201,32.4,2.1,rough
anonymous,1777118270892,0.299,-5.442,-12.156,3.5123,49.059938,16.563201,32.4,2.1,rough
anonymous,1777118270909,-3.289,-4.659,-12.294,3.7422,49.059938,16.563201,32.4,2.1,rough
anonymous,1777118270926,-7.203,-9.149,-1.199,1.8962,49.059938,16.563201,32.4,2.1,rough
anonymous,1777118270942,1.539,-8.895,-3.868,0.0108,49.059938,16.563201,32.4,2.1,rough
anonymous,1777118270959,7.099,-6.876,-13.047,6.5576,49.059938,16.563201,32.4,2.1,rough
anonymous,1777118270976,-2.007,-7.778,-12.577,5.1133,49.059938,16.563201,32.4,2.1,rough
anonymous,1777118270993,-1.805,-7.283,-6.267,0.0338,49.059938,16.563201,32.4,2.1,rough
anonymous,1777118271009,-4.120,-8.669,-7.484,2.3611,49.059938,16.563201,32.4,2.1,rough
anonymous,1777118271026,-1.479,-7.861,-8.817,2.0947,49.059938,16.563201,32.4,2.1,rough
anonymous,1777118271042,1.680,-7.096,-8.760,1.5877,49.059938,16.563201,32.4,2.1,rough
anonymous,1777118271060,-1.239,-6.544,-7.665,0.3446,49.059956,16.563021,42.4,2.1,rough
anonymous,1777118271076,-0.865,-8.195,-5.175,0.0796,49.059956,16.563021,42.4,2.1,rough
anonymous,1777118271092,-1.864,-7.381,-8.984,1.9657,49.059956,16.563021,42.4,2.1,rough
anonymous,1777118271109,1.038,-6.069,-9.013,1.1055,49.059956,16.563021,42.4,2.1,rough
anonymous,1777118271125,2.088,-6.534,-9.712,2.0803,49.059956,16.563021,42.4,2.1,rough
anonymous,1777118271142,-0.741,-7.599,-5.453,0.4272,49.059956,16.563021,42.4,2.1,rough
anonymous,1777118271159,-0.442,-7.356,-8.130,1.1626,49.059956,16.563021,42.4,2.1,rough
anonymous,1777118271176,-0.018,-7.339,-9.428,2.1380,49.059956,16.563021,42.4,2.1,rough
anonymous,1777118271192,1.444,-5.492,-8.638,0.5276,49.059956,16.563021,42.4,2.1,rough
anonymous,1777118271209,2.543,-5.937,-8.024,0.4905,49.059956,16.563021,42.4,2.1,rough
anonymous,1777118271226,-0.517,-8.277,-3.925,0.6352,49.059956,16.563021,42.4,2.1,rough
anonymous,1777118271242,-0.977,-7.575,1.750,1.9742,49.059956,16.563021,42.4,2.1,rough
anonymous,1777118271259,0.008,-6.463,-9.969,2.0705,49.059956,16.563021,42.4,2.1,rough
anonymous,1777118271275,3.965,-6.447,-9.152,2.0664,49.059956,16.563021,42.4,2.1,rough
anonymous,1777118271292,-0.543,-9.203,-8.025,2.4126,49.059956,16.563021,42.4,2.1,rough
anonymous,1777118271309,2.966,-8.019,-2.873,0.7902,49.059956,16.563021,42.4,2.1,rough
anonymous,1777118271326,-1.195,-4.622,-9.710,1.0104,49.059956,16.563021,42.4,2.1,rough
anonymous,1777118271342,1.249,-2.878,-12.894,3.4602,49.059956,16.563021,42.4,2.1,rough
anonymous,1777118271359,-1.069,-5.056,-14.830,5.8948,49.059956,16.563021,42.4,2.1,rough
anonymous,1777118271376,-4.085,-6.896,-3.678,0.9917,49.059956,16.563021,42.4,2.1,rough
anonymous,1777118271392,-3.590,-12.631,0.587,3.3342,49.059956,16.563021,42.4,2.1,rough
anonymous,1777118271409,12.305,-5.454,-8.454,6.0842,49.059956,16.563021,42.4,2.1,rough
anonymous,1777118271425,2.190,-5.315,-12.487,3.9367,49.059956,16.563021,42.4,2.1,rough
anonymous,1777118271442,0.166,-5.777,-9.925,1.6756,49.059956,16.563021,42.4,2.1,rough
anonymous,1777118271459,-5.636,-7.552,-6.546,1.6637,49.059956,16.563021,42.4,2.1,rough
anonymous,1777118271476,-5.809,-8.689,-3.118,1.0969,49.059956,16.563021,42.4,2.1,rough
anonymous,1777118271492,9.060,-5.847,-9.180,4.3515,49.059956,16.563021,42.4,2.1,rough
anonymous,1777118271509,-2.136,-5.670,-6.101,1.2117,49.059956,16.563021,42.4,2.1,rough
anonymous,1777118271526,-2.034,-10.888,-4.006,1.9688,49.059956,16.563021,42.4,2.1,rough
anonymous,1777118271542,-1.276,-7.921,-3.226,1.1629,49.059956,16.563021,42.4,2.1,rough
anonymous,1777118271559,3.684,-1.842,-2.240,5.1214,49.059956,16.563021,42.4,2.1,rough
anonymous,1777118271576,4.270,-6.741,-8.075,1.5427,49.059956,16.563021,42.4,2.1,rough
anonymous,1777118271592,-1.773,-7.511,-9.322,2.2915,49.059956,16.563021,42.4,2.1,rough
anonymous,1777118271609,-2.333,-8.107,-4.383,0.3036,49.059956,16.563021,42.4,2.1,rough
anonymous,1777118271626,-0.755,-6.232,-6.708,0.6225,49.059956,16.563021,42.4,2.1,rough
anonymous,1777118271643,4.398,-5.887,-9.875,2.4989,49.059956,16.563021,42.4,2.1,rough
anonymous,1777118271659,-1.022,-3.876,-5.775,2.7803,49.059956,16.563021,42.4,2.1,rough
anonymous,1777118271676,-0.570,-7.254,-9.262,1.9680,49.059956,16.563021,42.4,2.1,rough
anonymous,1777118271692,-1.927,-4.187,-6.609,1.7524,49.059956,16.563021,42.4,2.1,rough
anonymous,1777118271709,-0.947,-9.855,-8.474,3.2216,49.059956,16.563021,42.4,2.1,rough
anonymous,1777118271726,4.452,-10.752,-2.716,2.1397,49.059956,16.563021,42.4,2.1,rough
anonymous,1777118271743,-1.944,-10.378,-3.692,1.3750,49.059956,16.563021,42.4,2.1,rough
anonymous,1777118271759,2.985,-4.369,-12.139,3.4321,49.059956,16.563021,42.4,2.1,rough
anonymous,1777118271776,0.856,-4.988,-12.075,3.2828,49.059956,16.563021,42.4,2.1,rough
anonymous,1777118271793,-3.753,-7.435,-13.007,5.6351,49.059956,16.563021,42.4,2.1,rough
anonymous,1777118271810,-1.442,-8.965,-1.879,0.5371,49.059956,16.563021,42.4,2.1,rough
anonymous,1777118271826,-1.556,-8.921,-2.208,0.4887,49.059956,16.563021,42.4,2.1,rough
anonymous,1777118271842,6.722,-5.690,-6.700,1.2563,49.059956,16.563021,42.4,2.1,rough
anonymous,1777118271859,-2.072,-6.215,-10.354,2.4423,49.059956,16.563021,42.4,2.1,rough
anonymous,1777118271876,-2.410,-7.391,-2.183,1.7352,49.059956,16.563021,42.4,2.1,rough
anonymous,1777118271893,-1.775,-8.169,-5.769,0.3473,49.059956,16.563021,42.4,2.1,rough
anonymous,1777118271910,7.239,-5.717,-9.000,3.0772,49.059956,16.563021,42.4,2.1,rough
anonymous,1777118271926,6.349,-5.020,-8.620,2.0150,49.059956,16.563021,42.4,2.1,rough
anonymous,1777118271943,-2.633,-7.378,-2.545,1.5731,49.059956,16.563021,42.4,2.1,rough
anonymous,1777118271960,-2.069,-7.894,-8.413,1.9108,49.059956,16.563021,42.4,2.1,rough
anonymous,1777118271976,-2.347,-6.233,-7.556,0.2619,49.059956,16.563021,42.4,2.1,rough
anonymous,1777118271993,4.905,-4.742,-7.046,0.0028,49.059956,16.563021,42.4,2.1,rough
anonymous,1777118272010,-1.082,-8.939,-4.782,0.3855,49.059956,16.563021,42.4,2.1,rough
anonymous,1777118272026,0.889,-9.260,0.516,0.4928,49.059956,16.563021,42.4,2.1,rough
anonymous,1777118272043,-1.285,-5.471,-7.613,0.3473,49.059956,16.563021,42.4,2.1,rough
anonymous,1777118272059,0.501,-5.149,-9.962,1.4146,49.059960,16.562833,47.2,2.0,rough
anonymous,1777118272075,2.118,-6.904,-11.206,3.5214,49.059960,16.562833,47.2,2.0,rough
anonymous,1777118272093,0.211,-6.945,-6.988,0.0443,49.059960,16.562833,47.2,2.0,rough
anonymous,1777118272109,0.994,-6.253,-8.024,0.4117,49.059960,16.562833,47.2,2.0,rough
anonymous,1777118272126,1.322,-6.702,-9.625,1.9928,49.059960,16.562833,47.2,2.0,rough
anonymous,1777118272143,0.506,-4.212,-8.255,0.5287,49.059960,16.562833,47.2,2.0,rough
anonymous,1777118272160,0.793,-7.451,-11.878,4.2341,49.059960,16.562833,47.2,2.0,rough
anonymous,1777118272176,-0.795,-5.226,-5.904,1.8857,49.059960,16.562833,47.2,2.0,rough
anonymous,1777118272192,-0.756,-12.271,-5.423,3.6272,49.059960,16.562833,47.2,2.0,rough
anonymous,1777118272210,4.369,-7.790,-6.422,1.1905,49.059960,16.562833,47.2,2.0,rough
anonymous,1777118272225,-0.199,-6.467,-6.258,0.8088,49.059960,16.562833,47.2,2.0,rough
anonymous,1777118272243,-1.347,-10.450,-2.699,1.0669,49.059960,16.562833,47.2,2.0,rough
anonymous,1777118272259,-0.720,-6.440,-8.899,1.1989,49.059960,16.562833,47.2,2.0,rough
anonymous,1777118272276,3.521,-5.855,-13.075,4.9427,49.059960,16.562833,47.2,2.0,rough
anonymous,1777118272292,0.416,-4.947,-7.676,0.6683,49.059960,16.562833,47.2,2.0,rough
anonymous,1777118272309,-0.408,-7.216,-8.102,1.0471,49.059960,16.562833,47.2,2.0,rough
anonymous,1777118272326,-1.255,-7.278,-6.859,0.2693,49.059960,16.562833,47.2,2.0,rough
anonymous,1777118272343,3.746,-5.256,-13.871,5.4891,49.059960,16.562833,47.2,2.0,rough
anonymous,1777118272360,0.242,-6.316,-8.132,0.4895,49.059960,16.562833,47.2,2.0,rough
anonymous,1777118272376,-3.640,-9.231,-9.093,3.6493,49.059960,16.562833,47.2,2.0,rough
anonymous,1777118272393,-3.137,-10.372,-9.972,4.9157,49.059960,16.562833,47.2,2.0,rough
anonymous,1777118272410,6.533,-4.400,-10.315,3.1689,49.059960,16.562833,47.2,2.0,rough
anonymous,1777118272425,3.412,-5.856,-6.408,0.4831,49.059960,16.562833,47.2,2.0,rough
anonymous,1777118272443,-4.084,-4.538,-1.231,3.5820,49.059960,16.562833,47.2,2.0,rough
anonymous,1777118272460,-3.674,-9.448,-7.762,2.9578,49.059960,16.562833,47.2,2.0,rough
anonymous,1777118272476,-2.184,-4.268,-0.781,4.9522,49.059960,16.562833,47.2,2.0,rough
anonymous,1777118272493,5.948,-3.267,-11.346,3.4104,49.059960,16.562833,47.2,2.0,rough
anonymous,1777118272510,-1.578,-5.766,-10.834,2.5643,49.059960,16.562833,47.2,2.0,rough
anonymous,1777118272526,-0.302,-9.128,-13.081,6.1442,49.059960,16.562833,47.2,2.0,rough
anonymous,1777118272542,-0.713,-7.200,-5.689,0.6065,49.059960,16.562833,47.2,2.0,rough
anonymous,1777118272560,-3.298,-6.873,-4.568,0.9228,49.059960,16.562833,47.2,2.0,rough
anonymous,1777118272576,-0.081,-4.592,-8.338,0.2910,49.059960,16.562833,47.2,2.0,rough
anonymous,1777118272593,-3.413,-5.851,-9.330,1.7191,49.059960,16.562833,47.2,2.0,rough
anonymous,1777118272610,-5.106,-6.456,-7.953,1.6356,49.059960,16.562833,47.2,2.0,rough
anonymous,1777118272626,3.329,-9.542,-10.057,4.4477,49.059960,16.562833,47.2,2.0,rough
anonymous,1777118272643,-1.243,-7.103,-3.706,1.7028,49.059960,16.562833,47.2,2.0,rough
anonymous,1777118272660,4.998,-6.627,-8.392,1.9937,49.059960,16.562833,47.2,2.0,rough
anonymous,1777118272676,-1.805,-5.436,-6.100,1.4426,49.059960,16.562833,47.2,2.0,rough
anonymous,1777118272693,-3.647,-6.514,-7.610,0.8500,49.059960,16.562833,47.2,2.0,rough
anonymous,1777118272709,-3.351,-7.786,-11.921,4.8176,49.059960,16.562833,47.2,2.0,rough
anonymous,1777118272726,-0.254,-8.197,-11.763,4.5292,49.059960,16.562833,47.2,2.0,rough
anonymous,1777118272743,4.193,-7.494,-7.232,1.4173,49.059960,16.562833,47.2,2.0,rough
anonymous,1777118272759,0.778,-9.902,-9.586,3.9942,49.059960,16.562833,47.2,2.0,rough
anonymous,1777118272776,0.117,-5.608,-4.027,2.9049,49.059960,16.562833,47.2,2.0,rough
anonymous,1777118272793,-3.085,-5.109,-6.143,1.2451,49.059960,16.562833,47.2,2.0,rough
anonymous,1777118272810,-4.976,-7.663,-12.459,5.6404,49.059960,16.562833,47.2,2.0,rough
anonymous,1777118272826,0.175,-7.241,-9.061,1.7905,49.059960,16.562833,47.2,2.0,rough
anonymous,1777118272843,0.801,-9.256,-1.448,0.4073,49.059960,16.562833,47.2,2.0,rough
anonymous,1777118272860,2.018,-11.212,0.009,1.5821,49.059960,16.562833,47.2,2.0,rough
anonymous,1777118272876,0.451,-3.036,-6.789,2.3597,49.059960,16.562833,47.2,2.0,rough
anonymous,1777118272893,-3.731,-6.723,-11.815,4.2862,49.059960,16.562833,47.2,2.0,rough
anonymous,1777118272910,-2.326,-5.263,-3.693,2.9728,49.059960,16.562833,47.2,2.0,rough
anonymous,1777118272927,-5.322,-9.016,-12.282,6.3285,49.059960,16.562833,47.2,2.0,rough
anonymous,1777118272943,4.010,-5.902,-12.710,4.7660,49.059960,16.562833,47.2,2.0,rough
anonymous,1777118272959,8.261,-5.985,-13.317,6.9658,49.059960,16.562833,47.2,2.0,rough
anonymous,1777118272976,-5.896,-6.832,-7.789,2.1108,49.059960,16.562833,47.2,2.0,rough
anonymous,1777118272993,-0.614,-8.412,-4.676,0.1660,49.059960,16.562833,47.2,2.0,rough
anonymous,1777118273010,-2.580,-5.282,-7.527,0.2593,49.059960,16.562833,47.2,2.0,rough
anonymous,1777118273026,-1.409,-8.422,-8.729,2.4010,49.059960,16.562833,47.2,2.0,rough
anonymous,1777118273043,-0.233,-8.859,-3.156,0.4027,49.059960,16.562833,47.2,2.0,rough
anonymous,1777118273060,-2.473,-7.028,-2.950,1.7973,49.059982,16.562623,53.1,2.0,rough
anonymous,1777118273076,0.089,-3.858,-7.822,1.0877,49.059982,16.562623,53.1,2.0,rough
anonymous,1777118273093,0.473,-7.034,-8.280,1.0648,49.059982,16.562623,53.1,2.0,rough
anonymous,1777118273110,-2.111,-5.037,-9.128,0.8270,49.059982,16.562623,53.1,2.0,rough
anonymous,1777118273126,-0.633,-7.277,-11.209,3.5695,49.059982,16.562623,53.1,2.0,rough
anonymous,1777118273143,-0.596,-5.548,-5.913,1.6801,49.059982,16.562623,53.1,2.0,rough
anonymous,1777118273160,-0.837,-5.577,-13.578,4.8924,49.059982,16.562623,53.1,2.0,rough
anonymous,1777118273176,-1.242,-8.284,-12.060,4.8734,49.059982,16.562623,53.1,2.0,rough
anonymous,1777118273193,-0.251,-3.905,-6.604,2.1336,49.059982,16.562623,53.1,2.0,rough
anonymous,1777118273209,-3.483,-9.663,-0.618,0.4799,49.059982,16.562623,53.1,2.0,rough
anonymous,1777118273228,-0.529,-6.949,-9.086,1.6409,49.059982,16.562623,53.1,2.0,rough
anonymous,1777118273243,3.415,-5.475,-12.365,4.1380,49.059982,16.562623,53.1,2.0,rough
anonymous,1777118273260,-4.644,-8.247,-9.460,3.5719,49.059982,16.562623,53.1,2.0,rough
anonymous,1777118273277,-2.804,-8.769,-5.331,0.8281,49.059982,16.562623,53.1,2.0,rough
anonymous,1777118273293,-0.180,-6.773,-10.205,2.4396,49.059982,16.562623,53.1,2.0,rough
anonymous,1777118273310,3.188,-5.101,-10.047,1.9003,49.059982,16.562623,53.1,2.0,rough
anonymous,1777118273326,-2.800,-9.779,1.746,0.5102,49.059982,16.562623,53.1,2.0,rough
anonymous,1777118273343,-2.179,-6.411,-9.420,1.7915,49.059982,16.562623,53.1,2.0,rough
anonymous,1777118273360,-0.092,-7.691,-11.658,4.1565,49.059982,16.562623,53.1,2.0,rough
anonymous,1777118273376,1.013,-6.268,-9.770,1.8413,49.059982,16.562623,53.1,2.0,rough
anonymous,1777118273393,0.043,-4.774,-5.644,2.4177,49.059982,16.562623,53.1,2.0,rough
anonymous,1777118273410,-1.659,-9.109,3.456,0.0730,49.059982,16.562623,53.1,2.0,rough
anonymous,1777118273426,0.275,-5.900,-9.814,1.6446,49.059982,16.562623,53.1,2.0,rough
anonymous,1777118273443,1.917,-5.920,-12.018,3.7238,49.059982,16.562623,53.1,2.0,rough
anonymous,1777118273460,1.002,-5.738,-4.153,2.6559,49.059982,16.562623,53.1,2.0,rough
anonymous,1777118273476,-2.854,-9.310,-6.209,1.7386,49.059982,16.562623,53.1,2.0,rough
anonymous,1777118273493,0.558,-5.115,-2.322,4.1647,49.059982,16.562623,53.1,2.0,rough
anonymous,1777118273510,2.754,-2.745,-9.331,0.2992,49.059982,16.562623,53.1,2.0,rough
anonymous,1777118273526,-0.597,-6.676,-10.829,2.9249,49.059982,16.562623,53.1,2.0,rough
anonymous,1777118273543,-0.602,-7.467,-14.554,6.5591,49.059982,16.562623,53.1,2.0,rough
anonymous,1777118273560,-2.649,-5.512,-5.449,1.6187,49.059982,16.562623,53.1,2.0,rough
anonymous,1777118273577,6.200,-9.016,-2.234,1.3580,49.059982,16.562623,53.1,2.0,rough
anonymous,1777118273593,4.989,-3.158,-13.517,4.9401,49.059982,16.562623,53.1,2.0,rough
anonymous,1777118273610,-3.487,-5.831,-12.079,4.0487,49.059982,16.562623,53.1,2.0,rough
anonymous,1777118273626,-0.886,-7.500,-9.807,2.5684,49.059982,16.562623,53.1,2.0,rough
anonymous,1777118273643,-0.619,-9.472,-11.890,5.4040,49.059982,16.562623,53.1,2.0,rough
anonymous,1777118273660,1.498,-7.195,-4.008,1.4392,49.059982,16.562623,53.1,2.0,rough
anonymous,1777118273677,6.171,-9.484,-0.825,1.5347,49.059982,16.562623,53.1,2.0,rough
anonymous,1777118273693,-3.675,-9.229,0.957,0.1700,49.059982,16.562623,53.1,2.0,rough
anonymous,1777118273710,-1.460,-5.326,-9.676,1.3314,49.059982,16.562623,53.1,2.0,rough
anonymous,1777118273726,0.826,-6.597,-16.667,8.1344,49.059982,16.562623,53.1,2.0,rough
anonymous,1777118273743,0.379,-4.738,-2.396,4.4871,49.059982,16.562623,53.1,2.0,rough
anonymous,1777118273760,3.034,-8.228,-7.047,1.4402,49.059982,16.562623,53.1,2.0,rough
anonymous,1777118273777,3.165,-7.362,-3.798,0.9419,49.059982,16.562623,53.1,2.0,rough
anonymous,1777118273793,-2.062,-3.664,-4.894,3.3580,49.059982,16.562623,53.1,2.0,rough
anonymous,1777118273810,1.559,-6.350,-10.934,2.9304,49.059982,16.562623,53.1,2.0,rough
anonymous,1777118273826,-0.515,-6.317,-8.395,0.7088,49.059982,16.562623,53.1,2.0,rough
anonymous,1777118273843,2.948,-10.741,-3.404,1.8364,49.059982,16.562623,53.1,2.0,rough
anonymous,1777118273860,1.139,-8.606,-0.324,1.1226,49.059982,16.562623,53.1,2.0,rough
anonymous,1777118273876,0.167,-7.465,2.450,1.9513,49.059982,16.562623,53.1,2.0,rough
anonymous,1777118273893,-0.982,-6.915,-22.976,14.2039,49.059982,16.562623,53.1,2.0,rough
anonymous,1777118273910,0.806,-6.462,-12.637,4.4062,49.059982,16.562623,53.1,2.0,rough
anonymous,1777118273926,-0.578,-6.157,-11.460,3.2125,49.059982,16.562623,53.1,2.0,rough
anonymous,1777118273943,3.303,-9.290,-8.028,2.9048,49.059982,16.562623,53.1,2.0,rough
anonymous,1777118273960,0.215,-3.713,-12.860,3.5767,49.059982,16.562623,53.1,2.0,rough
anonymous,1777118273976,-1.099,-3.780,-4.053,4.1600,49.059982,16.562623,53.1,2.0,rough
anonymous,1777118273993,-0.400,-7.609,-10.531,3.1888,49.059982,16.562623,53.1,2.0,rough
anonymous,1777118274009,-3.457,-9.409,-2.981,0.6480,49.059982,16.562623,53.1,2.0,rough
anonymous,1777118274026,9.408,-8.704,-2.865,3.3236,49.059982,16.562623,53.1,2.0,rough
anonymous,1777118274043,-0.292,-4.484,-4.690,3.3150,49.059982,16.562623,53.1,2.0,rough
anonymous,1777118274059,-2.764,-5.719,-28.264,19.1592,49.060021,16.562414,55.4,2.0,rough
anonymous,1777118274076,-0.103,-3.229,-15.182,5.7117,49.060021,16.562414,55.4,2.0,rough
anonymous,1777118274093,-0.072,-3.882,-10.853,1.7162,49.060021,16.562414,55.4,2.0,rough
anonymous,1777118274110,0.697,-7.486,2.835,1.7749,49.060021,16.562414,55.4,2.0,rough
anonymous,1777118274126,2.149,-5.491,-5.631,1.6562,49.060021,16.562414,55.4,2.0,rough
anonymous,1777118274143,2.781,-5.259,-23.639,14.5659,49.060021,16.562414,55.4,2.0,rough
anonymous,1777118274160,0.021,-4.749,-3.929,3.6462,49.060021,16.562414,55.4,2.0,rough
anonymous,1777118274176,-4.120,-12.629,-2.116,3.6418,49.060021,16.562414,55.4,2.0,rough
anonymous,1777118274193,8.283,-4.967,-4.298,0.7610,49.060021,16.562414,55.4,2.0,rough
anonymous,1777118274210,7.288,-1.174,-7.388,0.6341,49.060021,16.562414,55.4,2.0,rough
anonymous,1777118274226,-3.802,-4.136,-3.466,3.2089,49.060021,16.562414,55.4,2.0,rough
anonymous,1777118274243,-1.804,-7.918,-15.182,7.4075,49.060021,16.562414,55.4,2.0,rough
anonymous,1777118274259,-2.634,-8.524,-11.686,4.8919,49.060021,16.562414,55.4,2.0,rough
anonymous,1777118274276,16.092,-5.409,-5.649,8.0817,49.060021,16.562414,55.4,2.0,rough
anonymous,1777118274293,-4.964,-6.062,-3.096,1.3851,49.060021,16.562414,55.4,2.0,rough
anonymous,1777118274310,-3.885,-5.602,-13.102,4.9588,49.060021,16.562414,55.4,2.0,rough
anonymous,1777118274326,-3.201,-4.884,-3.392,3.0570,49.060021,16.562414,55.4,2.0,rough
anonymous,1777118274343,0.067,-10.676,-1.390,0.9568,49.060021,16.562414,55.4,2.0,rough
anonymous,1777118274360,4.887,-8.144,0.796,0.2789,49.060021,16.562414,55.4,2.0,rough
anonymous,1777118274376,0.760,-5.132,-7.990,0.2836,49.060021,16.562414,55.4,2.0,rough
anonymous,1777118274393,-0.667,-3.616,-17.091,7.6722,49.060021,16.562414,55.4,2.0,rough
anonymous,1777118274410,-5.393,-2.583,-22.686,13.6512,49.060021,16.562414,55.4,2.0,rough
anonymous,1777118274426,-0.328,-4.148,-7.246,1.4546,49.060021,16.562414,55.4,2.0,rough
anonymous,1777118274443,2.639,-8.890,-2.244,0.2694,49.060021,16.562414,55.4,2.0,rough
anonymous,1777118274459,2.716,-6.030,-8.746,1.1547,49.060021,16.562414,55.4,2.0,rough
anonymous,1777118274476,-1.030,-6.436,-7.869,0.4078,49.060021,16.562414,55.4,2.0,rough
anonymous,1777118274493,-1.847,-9.625,-0.417,0.0007,49.060021,16.562414,55.4,2.0,rough
anonymous,1777118274509,0.413,-10.069,-8.453,3.3437,49.060021,16.562414,55.4,2.0,rough
anonymous,1777118274527,5.686,-4.025,-5.599,0.8725,49.060021,16.562414,55.4,2.0,rough
anonymous,1777118274543,-2.236,-5.323,-11.083,2.6868,49.060021,16.562414,55.4,2.0,rough
anonymous,1777118274560,-3.010,-6.308,-19.184,10.6078,49.060021,16.562414,55.4,2.0,rough
anonymous,1777118274577,-4.796,-5.959,-5.010,0.6660,49.060021,16.562414,55.4,2.0,rough
anonymous,1777118274593,0.217,-7.238,-2.764,2.0596,49.060021,16.562414,55.4,2.0,rough
anonymous,1777118274610,2.710,-6.543,-6.546,0.1665,49.060021,16.562414,55.4,2.0,rough
anonymous,1777118274626,0.213,-4.939,-4.418,3.1796,49.060021,16.562414,55.4,2.0,rough
anonymous,1777118274643,0.084,-7.220,-7.552,0.6384,49.060021,16.562414,55.4,2.0,rough
anonymous,1777118274660,1.630,-7.800,-1.951,1.6060,49.060021,16.562414,55.4,2.0,rough
anonymous,1777118274676,-0.089,-5.496,-6.305,1.4452,49.060021,16.562414,55.4,2.0,rough
anonymous,1777118274693,3.729,-5.437,-14.481,6.1017,49.060021,16.562414,55.4,2.0,rough
anonymous,1777118274710,-1.172,-4.696,-7.148,1.1775,49.060021,16.562414,55.4,2.0,rough
anonymous,1777118274726,-2.044,-5.533,-8.556,0.5817,49.060021,16.562414,55.4,2.0,rough
anonymous,1777118274743,0.574,-5.122,-12.228,3.4598,49.060021,16.562414,55.4,2.0,rough
anonymous,1777118274759,1.526,-5.680,-10.955,2.6241,49.060021,16.562414,55.4,2.0,rough
anonymous,1777118274776,0.360,-6.849,1.733,2.7362,49.060021,16.562414,55.4,2.0,rough
anonymous,1777118274793,-0.767,-8.951,-4.211,0.1114,49.060021,16.562414,55.4,2.0,rough
anonymous,1777118274810,0.283,-8.010,-6.077,0.2483,49.060021,16.562414,55.4,2.0,rough
anonymous,1777118274826,1.157,-6.676,-7.037,0.0410,49.060021,16.562414,55.4,2.0,rough
anonymous,1777118274843,-0.090,-4.369,-4.503,3.5351,49.060021,16.562414,55.4,2.0,rough
anonymous,1777118274860,1.509,-7.982,-11.128,3.9674,49.060021,16.562414,55.4,2.0,rough
anonymous,1777118274876,-2.081,-6.076,-10.277,2.3087,49.060021,16.562414,55.4,2.0,rough
anonymous,1777118274893,-1.414,-5.249,-6.067,1.6639,49.060021,16.562414,55.4,2.0,rough
anonymous,1777118274910,-0.097,-6.810,-7.951,0.6594,49.060021,16.562414,55.4,2.0,rough
anonymous,1777118274926,0.014,-7.518,-8.625,1.6316,49.060021,16.562414,55.4,2.0,rough
anonymous,1777118274943,0.943,-7.237,-10.572,3.0361,49.060021,16.562414,55.4,2.0,rough
anonymous,1777118274960,2.762,-7.574,-0.282,1.7436,49.060021,16.562414,55.4,2.0,rough
anonymous,1777118274976,-0.585,-5.458,-6.704,1.1455,49.060021,16.562414,55.4,2.0,rough
anonymous,1777118274993,-1.791,-6.518,-6.505,0.4289,49.060021,16.562414,55.4,2.0,rough
anonymous,1777118275010,-0.632,-6.070,-15.604,6.9447,49.060021,16.562414,55.4,2.0,rough
anonymous,1777118275027,0.077,-3.275,-9.526,0.2637,49.060021,16.562414,55.4,2.0,rough
anonymous,1777118275043,-0.498,-7.078,-9.467,2.0205,49.060021,16.562414,55.4,2.0,rough
anonymous,1777118275059,-0.455,-5.800,-9.554,1.3754,49.060046,16.562174,59.7,2.0,rough
anonymous,1777118275076,0.676,-7.006,-6.241,0.4027,49.060046,16.562174,59.7,2.0,rough
anonymous,1777118275093,1.261,-9.210,2.364,0.2183,49.060046,16.562174,59.7,2.0,rough
anonymous,1777118275110,-0.000,-5.242,-3.534,3.4877,49.060046,16.562174,59.7,2.0,rough
anonymous,1777118275126,2.222,-4.312,-12.304,3.4158,49.060046,16.562174,59.7,2.0,rough
anonymous,1777118275143,0.138,-4.250,-11.066,2.0453,49.060046,16.562174,59.7,2.0,rough
anonymous,1777118275160,-1.458,-5.658,-14.112,5.4635,49.060046,16.562174,59.7,2.0,rough
anonymous,1777118275176,-0.915,-4.442,-6.472,1.9073,49.060046,16.562174,59.7,2.0,rough
anonymous,1777118275193,-3.102,-6.258,-5.543,0.8933,49.060046,16.562174,59.7,2.0,rough
anonymous,1777118275210,0.487,-4.987,-6.544,1.5678,49.060046,16.562174,59.7,2.0,rough
anonymous,1777118275226,1.533,-8.067,2.592,1.1993,49.060046,16.562174,59.7,2.0,rough
anonymous,1777118275243,0.056,-6.825,1.753,2.7635,49.060046,16.562174,59.7,2.0,rough
anonymous,1777118275259,2.958,-4.968,-14.871,6.1454,49.060046,16.562174,59.7,2.0,rough
anonymous,1777118275276,0.990,-3.516,-14.392,5.0380,49.060046,16.562174,59.7,2.0,rough
anonymous,1777118275293,-3.335,-3.633,-15.554,6.5075,49.060046,16.562174,59.7,2.0,rough
anonymous,1777118275310,-2.443,-4.927,3.069,3.5124,49.060046,16.562174,59.7,2.0,rough
anonymous,1777118275327,-1.352,-5.760,-4.250,2.5253,49.060046,16.562174,59.7,2.0,rough
anonymous,1777118275343,2.736,-4.881,-5.747,1.7889,49.060046,16.562174,59.7,2.0,rough
anonymous,1777118275360,0.822,-4.730,-11.081,2.2659,49.060046,16.562174,59.7,2.0,rough
anonymous,1777118275376,-1.552,-6.365,-8.977,1.3034,49.060046,16.562174,59.7,2.0,rough
anonymous,1777118275393,-0.063,-5.957,-11.646,3.2712,49.060046,16.562174,59.7,2.0,rough
anonymous,1777118275410,2.496,0.069,-7.509,1.8968,49.060046,16.562174,59.7,2.0,rough
anonymous,1777118275426,-0.104,-6.091,-10.829,2.6149,49.060046,16.562174,59.7,2.0,rough
anonymous,1777118275443,-1.338,-5.241,-4.806,2.5744,49.060046,16.562174,59.7,2.0,rough
anonymous,1777118275460,-2.769,-8.458,-11.525,4.7512,49.060046,16.562174,59.7,2.0,rough
anonymous,1777118275477,-1.803,-7.305,4.832,0.8674,49.060046,16.562174,59.7,2.0,rough
anonymous,1777118275493,4.632,-4.882,-12.950,4.7842,49.060046,16.562174,59.7,2.0,rough
anonymous,1777118275510,-0.368,-4.731,-13.496,4.4954,49.060046,16.562174,59.7,2.0,rough
anonymous,1777118275526,-0.772,-4.106,-10.088,1.1091,49.060046,16.562174,59.7,2.0,rough
anonymous,1777118275543,-1.627,-3.723,-12.103,2.9568,49.060046,16.562174,59.7,2.0,rough
anonymous,1777118275560,-4.052,-6.201,-11.824,4.1423,49.060046,16.562174,59.7,2.0,rough
anonymous,1777118275576,1.203,-2.625,-6.370,2.8161,49.060046,16.562174,59.7,2.0,rough
anonymous,1777118275593,0.368,-7.843,-8.354,1.6544,49.060046,16.562174,59.7,2.0,rough
anonymous,1777118275610,-0.139,-7.581,-4.087,1.1965,49.060046,16.562174,59.7,2.0,rough
anonymous,1777118275626,0.929,-6.290,-9.682,1.7728,49.060046,16.562174,59.7,2.0,rough
anonymous,1777118275643,-1.321,-4.605,-5.948,2.1724,49.060046,16.562174,59.7,2.0,rough
anonymous,1777118275660,-0.643,-4.831,-10.652,1.9035,49.060046,16.562174,59.7,2.0,rough
anonymous,1777118275676,-0.187,-4.845,-7.103,1.2103,49.060046,16.562174,59.7,2.0,rough
anonymous,1777118275693,0.250,-5.889,-5.957,1.4298,49.060046,16.562174,59.7,2.0,rough
anonymous,1777118275710,1.212,-6.644,-0.829,3.0060,49.060046,16.562174,59.7,2.0,rough
anonymous,1777118275726,-0.805,-2.750,-7.469,1.8100,49.060046,16.562174,59.7,2.0,rough
anonymous,1777118275743,-0.546,-0.816,-12.369,2.5980,49.060046,16.562174,59.7,2.0,rough
anonymous,1777118275760,1.157,-1.372,-16.656,6.9425,49.060046,16.562174,59.7,2.0,rough
anonymous,1777118275776,0.830,-2.417,-16.525,6.9110,49.060046,16.562174,59.7,2.0,rough
anonymous,1777118275793,1.200,-4.127,-8.766,0.0470,49.060046,16.562174,59.7,2.0,rough
anonymous,1777118275810,1.160,-2.634,-7.387,1.8824,49.060046,16.562174,59.7,2.0,rough
anonymous,1777118275826,-1.013,-5.587,-6.050,1.5132,49.060046,16.562174,59.7,2.0,rough
anonymous,1777118275843,-0.396,-5.168,-6.022,1.8642,49.060046,16.562174,59.7,2.0,rough
anonymous,1777118275860,1.636,-4.104,-9.707,0.8550,49.060046,16.562174,59.7,2.0,rough
anonymous,1777118275877,0.025,-4.532,-9.667,0.8666,49.060046,16.562174,59.7,2.0,rough
anonymous,1777118275893,-0.181,-5.090,-12.033,3.2566,49.060046,16.562174,59.7,2.0,rough
anonymous,1777118275909,0.973,-4.057,-10.037,1.0593,49.060046,16.562174,59.7,2.0,rough
anonymous,1777118275926,-2.224,-3.384,-5.975,2.5923,49.060046,16.562174,59.7,2.0,rough
anonymous,1777118275943,-0.387,-2.954,-8.013,1.2615,49.060046,16.562174,59.7,2.0,rough
anonymous,1777118275960,0.187,-3.546,-9.728,0.5461,49.060046,16.562174,59.7,2.0,rough
anonymous,1777118275976,0.530,-2.553,-10.245,0.7619,49.060046,16.562174,59.7,2.0,rough
anonymous,1777118275994,1.011,-5.000,-9.891,1.3188,49.060046,16.562174,59.7,2.0,rough
anonymous,1777118276010,-0.637,-4.496,-4.211,3.6164,49.060046,16.562174,59.7,2.0,rough
anonymous,1777118276027,0.120,-4.804,-5.018,2.8621,49.060046,16.562174,59.7,2.0,rough
anonymous,1777118276043,0.620,-5.042,-7.302,0.9152,49.060072,16.561925,63.0,2.0,rough
anonymous,1777118276060,-0.285,-2.421,-8.813,0.6663,49.060072,16.561925,63.0,2.0,rough
anonymous,1777118276076,-0.462,-2.365,-17.059,7.4185,49.060072,16.561925,63.0,2.0,rough
anonymous,1777118276093,-0.265,-1.314,-7.989,1.7093,49.060072,16.561925,63.0,2.0,rough
anonymous,1777118276110,-0.695,-4.262,-8.867,0.0527,49.060072,16.561925,63.0,2.0,rough
anonymous,1777118276126,-0.836,-4.508,-6.794,1.6137,49.060072,16.561925,63.0,2.0,rough
anonymous,1777118276143,-0.388,-4.449,-8.793,0.0520,49.060072,16.561925,63.0,2.0,rough
anonymous,1777118276160,0.164,-5.597,-12.461,3.8513,49.060072,16.561925,63.0,2.0,rough
anonymous,1777118276176,0.868,-4.277,-9.453,0.6022,49.060072,16.561925,63.0,2.0,rough
anonymous,1777118276193,-0.221,-2.558,-10.853,1.3429,49.060072,16.561925,63.0,2.0,rough
anonymous,1777118276210,-1.273,-2.208,-5.197,4.0217,49.060072,16.561925,63.0,2.0,rough
anonymous,1777118276226,-1.984,-4.243,-11.761,2.8495,49.060072,16.561925,63.0,2.0,rough
anonymous,1777118276243,0.222,-2.720,-7.117,2.1878,49.060072,16.561925,63.0,2.0,rough
anonymous,1777118276260,0.759,-2.997,-12.234,2.8087,49.060072,16.561925,63.0,2.0,rough
anonymous,1777118276276,0.542,-0.361,-3.361,6.3862,49.060072,16.561925,63.0,2.0,rough
anonymous,1777118276293,-1.442,-5.201,-10.354,1.8666,49.060072,16.561925,63.0,2.0,rough
anonymous,1777118276310,-0.398,-3.370,-4.493,4.1796,49.060072,16.561925,63.0,2.0,rough
anonymous,1777118276326,-2.560,-6.166,-13.442,5.1985,49.060072,16.561925,63.0,2.0,rough
anonymous,1777118276343,0.101,-1.199,-6.944,2.7627,49.060072,16.561925,63.0,2.0,rough
anonymous,1777118276359,0.828,-4.669,-13.069,4.0926,49.060072,16.561925,63.0,2.0,rough
anonymous,1777118276376,0.530,-2.806,-5.254,3.8299,49.060072,16.561925,63.0,2.0,rough
anonymous,1777118276393,-0.365,-7.178,-12.025,4.1994,49.060072,16.561925,63.0,2.0,rough
anonymous,1777118276410,-0.630,-4.740,-4.490,3.2508,49.060072,16.561925,63.0,2.0,rough
anonymous,1777118276426,0.977,-3.796,-9.015,0.0204,49.060072,16.561925,63.0,2.0,rough
anonymous,1777118276443,1.821,-3.359,-11.624,2.4261,49.060072,16.561925,63.0,2.0,rough
anonymous,1777118276460,-0.524,-2.731,-9.617,0.2010,49.060072,16.561925,63.0,2.0,rough
anonymous,1777118276476,-1.130,-1.896,-11.196,1.6016,49.060072,16.561925,63.0,2.0,rough
anonymous,1777118276493,0.044,-2.555,-3.826,5.2086,49.060072,16.561925,63.0,2.0,rough
anonymous,1777118276510,0.530,-3.505,-7.826,1.2190,49.060072,16.561925,63.0,2.0,rough
anonymous,1777118276526,0.162,-4.871,-11.089,2.3028,49.060072,16.561925,63.0,2.0,rough
anonymous,1777118276543,-0.091,-4.848,-9.766,1.0934,49.060072,16.561925,63.0,2.0,rough
anonymous,1777118276560,-1.493,-4.913,-10.991,2.3212,49.060072,16.561925,63.0,2.0,rough
anonymous,1777118276576,0.089,-4.602,-8.093,0.4995,49.060072,16.561925,63.0,2.0,rough
anonymous,1777118276593,1.713,-3.319,-5.273,3.3480,49.060072,16.561925,63.0,2.0,rough
anonymous,1777118276610,-0.721,-5.490,-7.992,0.0868,49.060072,16.561925,63.0,2.0,rough
anonymous,1777118276627,-0.982,-4.451,-8.695,0.0074,49.060072,16.561925,63.0,2.0,rough
anonymous,1777118276643,0.215,-5.335,-13.073,4.3113,49.060072,16.561925,63.0,2.0,rough
anonymous,1777118276660,0.039,-3.736,-9.821,0.6973,49.060072,16.561925,63.0,2.0,rough
anonymous,1777118276676,-1.396,-2.980,-10.812,1.4916,49.060072,16.561925,63.0,2.0,rough
anonymous,1777118276693,-1.508,-3.829,-7.085,1.6168,49.060072,16.561925,63.0,2.0,rough
anonymous,1777118276710,-0.560,-5.615,-12.963,4.3276,49.060072,16.561925,63.0,2.0,rough
anonymous,1777118276726,1.229,-5.679,-10.722,2.3851,49.060072,16.561925,63.0,2.0,rough
anonymous,1777118276743,-0.994,-6.160,-3.446,2.6818,49.060072,16.561925,63.0,2.0,rough
anonymous,1777118276760,1.006,-6.147,-4.637,2.0452,49.060072,16.561925,63.0,2.0,rough
anonymous,1777118276776,0.603,-5.422,-8.695,0.4552,49.060072,16.561925,63.0,2.0,rough
anonymous,1777118276793,0.808,-1.384,-13.301,3.5874,49.060072,16.561925,63.0,2.0,rough
anonymous,1777118276810,-5.181,-4.096,-14.736,6.3386,49.060072,16.561925,63.0,2.0,rough
anonymous,1777118276827,-2.100,-7.743,-3.029,1.2342,49.060072,16.561925,63.0,2.0,rough
anonymous,1777118276843,4.419,-8.395,-5.267,1.0407,49.060072,16.561925,63.0,2.0,rough
anonymous,1777118276860,0.279,-3.246,-1.218,6.3313,49.060072,16.561925,63.0,2.0,rough
anonymous,1777118276876,-2.852,-4.876,-7.022,0.7977,49.060072,16.561925,63.0,2.0,rough
anonymous,1777118276893,-3.318,-3.690,-7.987,0.4074,49.060072,16.561925,63.0,2.0,rough
anonymous,1777118276910,-4.269,-7.932,-12.980,5.9893,49.060072,16.561925,63.0,2.0,rough
anonymous,1777118276926,3.363,-6.118,-17.953,9.4527,49.060072,16.561925,63.0,2.0,rough
anonymous,1777118276943,3.090,-6.434,-7.287,0.3906,49.060072,16.561925,63.0,2.0,rough
anonymous,1777118276960,-0.653,-7.704,-3.800,1.1946,49.060072,16.561925,63.0,2.0,rough
anonymous,1777118276976,0.329,-7.638,0.306,2.1587,49.060072,16.561925,63.0,2.0,rough
anonymous,1777118276993,-2.819,-5.714,-7.577,0.0901,49.060072,16.561925,63.0,2.0,rough
anonymous,1777118277010,0.849,-3.978,-9.386,0.4189,49.060072,16.561925,63.0,2.0,rough
anonymous,1777118277026,1.495,-5.060,-5.476,2.2059,49.060072,16.561925,63.0,2.0,rough
anonymous,1777118277044,1.437,-8.974,0.600,0.7018,49.060093,16.561690,62.3,2.0,rough
anonymous,1777118277060,4.022,-3.629,-4.229,2.9379,49.060093,16.561690,62.3,2.0,rough
anonymous,1777118277076,0.192,-4.451,-22.901,13.5200,49.060093,16.561690,62.3,2.0,rough
anonymous,1777118277093,-0.382,-2.530,-2.427,6.2833,49.060093,16.561690,62.3,2.0,rough
anonymous,1777118277110,-1.827,-8.365,-2.365,0.9273,49.060093,16.561690,62.3,2.0,rough
anonymous,1777118277126,-3.202,-8.542,5.009,0.5970,49.060093,16.561690,62.3,2.0,rough
anonymous,1777118277143,8.537,-2.209,-7.954,2.0648,49.060093,16.561690,62.3,2.0,rough
anonymous,1777118277160,-0.140,-0.549,-14.969,5.1696,49.060093,16.561690,62.3,2.0,rough
anonymous,1777118277176,-3.679,-3.013,-11.081,2.2480,49.060093,16.561690,62.3,2.0,rough
anonymous,1777118277193,-3.405,-7.639,-13.012,5.6575,49.060093,16.561690,62.3,2.0,rough
anonymous,1777118277210,-2.508,-5.842,1.998,3.1457,49.060093,16.561690,62.3,2.0,rough
anonymous,1777118277227,8.266,-4.097,-5.338,0.8487,49.060093,16.561690,62.3,2.0,rough
anonymous,1777118277243,-3.061,-3.434,-4.953,3.0508,49.060093,16.561690,62.3,2.0,rough
anonymous,1777118277260,-2.759,-7.100,0.610,2.1687,49.060093,16.561690,62.3,2.0,rough
anonymous,1777118277276,-5.025,-9.122,-2.849,0.9870,49.060093,16.561690,62.3,2.0,rough
anonymous,1777118277293,7.923,-4.572,-10.317,3.9780,49.060093,16.561690,62.3,2.0,rough
anonymous,1777118277310,6.956,-5.949,-7.194,1.8318,49.060093,16.561690,62.3,2.0,rough
anonymous,1777118277326,-1.806,-3.919,-9.041,0.2082,49.060093,16.561690,62.3,2.0,rough
anonymous,1777118277343,-0.796,-1.348,-11.992,2.2840,49.060093,16.561690,62.3,2.0,rough
anonymous,1777118277360,-4.060,-1.450,-11.451,2.4253,49.060093,16.561690,62.3,2.0,rough
anonymous,1777118277376,0.359,-4.190,-7.711,1.0265,49.060093,16.561690,62.3,2.0,rough
anonymous,1777118277393,1.175,-8.234,-0.171,1.4910,49.060093,16.561690,62.3,2.0,rough
anonymous,1777118277410,1.285,-6.032,2.593,3.1200,49.060093,16.561690,62.3,2.0,rough
anonymous,1777118277426,0.097,-1.186,-7.526,2.1905,49.060093,16.561690,62.3,2.0,rough
anonymous,1777118277443,-3.544,-0.654,-10.631,1.4147,49.060093,16.561690,62.3,2.0,rough
anonymous,1777118277459,-2.805,-5.133,-7.646,0.1833,49.060093,16.561690,62.3,2.0,rough
anonymous,1777118277476,-1.659,-8.021,-5.603,0.1139,49.060093,16.561690,62.3,2.0,rough
anonymous,1777118277493,7.042,-3.350,-6.105,0.0932,49.060093,16.561690,62.3,2.0,rough
anonymous,1777118277509,4.325,-1.173,-10.635,1.7302,49.060093,16.561690,62.3,2.0,rough
anonymous,1777118277526,-3.084,-5.569,-16.214,7.6088,49.060093,16.561690,62.3,2.0,rough
anonymous,1777118277543,-4.820,-6.577,-16.300,8.4152,49.060093,16.561690,62.3,2.0,rough
anonymous,1777118277560,-6.630,-8.955,-3.220,1.7883,49.060093,16.561690,62.3,2.0,rough
anonymous,1777118277576,10.537,-6.908,-15.411,10.0958,49.060093,16.561690,62.3,2.0,rough
anonymous,1777118277593,4.248,-7.281,-9.264,2.7149,49.060093,16.561690,62.3,2.0,rough
anonymous,1777118277610,-2.208,-5.134,-7.680,0.3124,49.060093,16.561690,62.3,2.0,rough
anonymous,1777118277626,-4.292,-8.778,-6.607,1.9851,49.060093,16.561690,62.3,2.0,rough
anonymous,1777118277643,-4.273,-4.581,-6.158,1.0251,49.060093,16.561690,62.3,2.0,rough
anonymous,1777118277660,4.211,-5.889,-18.109,9.6924,49.060093,16.561690,62.3,2.0,rough
anonymous,1777118277676,-2.038,-7.810,-3.642,0.9551,49.060093,16.561690,62.3,2.0,rough
anonymous,1777118277693,-4.998,-9.749,0.652,1.1647,49.060093,16.561690,62.3,2.0,rough
anonymous,1777118277710,1.759,-7.772,-15.651,7.7529,49.060093,16.561690,62.3,2.0,rough
anonymous,1777118277726,-0.058,-4.501,-7.153,1.3583,49.060093,16.561690,62.3,2.0,rough
anonymous,1777118277743,-1.681,-4.498,-2.130,4.5570,49.060093,16.561690,62.3,2.0,rough
anonymous,1777118277760,-1.691,-8.160,-0.685,1.4485,49.060093,16.561690,62.3,2.0,rough
anonymous,1777118277776,-1.325,-4.603,-15.718,6.6219,49.060093,16.561690,62.3,2.0,rough
anonymous,1777118277793,5.913,-1.962,-29.315,20.1592,49.060093,16.561690,62.3,2.0,rough
anonymous,1777118277810,-4.495,-3.331,-10.312,1.9213,49.060093,16.561690,62.3,2.0,rough
anonymous,1777118277826,-1.286,-6.964,-9.440,1.9912,49.060093,16.561690,62.3,2.0,rough
anonymous,1777118277843,0.230,-6.430,-6.108,0.9385,49.060093,16.561690,62.3,2.0,rough
anonymous,1777118277860,4.998,-4.153,-8.089,0.5656,49.060093,16.561690,62.3,2.0,rough
anonymous,1777118277877,-2.190,-6.458,-4.693,1.5320,49.060093,16.561690,62.3,2.0,rough
anonymous,1777118277893,-4.083,-8.508,0.598,0.3540,49.060093,16.561690,62.3,2.0,rough
anonymous,1777118277910,-5.622,-8.741,-7.206,2.8367,49.060093,16.561690,62.3,2.0,rough
anonymous,1777118277926,7.723,-4.297,-3.953,0.1285,49.060093,16.561690,62.3,2.0,rough
anonymous,1777118277943,6.293,-3.767,-3.723,1.5844,49.060093,16.561690,62.3,2.0,rough
anonymous,1777118277960,-2.073,-5.577,-6.292,1.1504,49.060093,16.561690,62.3,2.0,rough
anonymous,1777118277976,-3.254,-4.610,-7.949,0.0613,49.060093,16.561690,62.3,2.0,rough
anonymous,1777118277993,-4.597,-5.774,-11.108,3.5265,49.060093,16.561690,62.3,2.0,rough
anonymous,1777118278010,0.994,-6.564,-10.989,3.0288,49.060093,16.561690,62.3,2.0,rough
anonymous,1777118278027,3.356,-3.732,-12.376,3.5454,49.060093,16.561690,62.3,2.0,rough
anonymous,1777118278043,0.116,-5.760,-8.721,0.6419,49.060093,16.561690,62.3,2.0,rough
anonymous,1777118278060,-0.420,-8.591,1.544,1.0712,49.060112,16.561495,56.7,2.0,rough
anonymous,1777118278076,-2.859,-4.920,-3.150,3.3057,49.060112,16.561495,56.7,2.0,rough
anonymous,1777118278093,-2.135,-4.654,-4.478,3.0076,49.060112,16.561495,56.7,2.0,rough
anonymous,1777118278110,0.759,-5.669,-11.927,3.4179,49.060112,16.561495,56.7,2.0,rough
anonymous,1777118278127,-0.433,-5.667,-9.427,1.1974,49.060112,16.561495,56.7,2.0,rough
anonymous,1777118278143,-2.641,-7.145,-10.631,3.2685,49.060112,16.561495,56.7,2.0,rough
anonymous,1777118278159,0.189,-5.811,-2.207,3.5908,49.060112,16.561495,56.7,2.0,rough
anonymous,1777118278176,0.635,-2.768,-10.560,1.1251,49.060112,16.561495,56.7,2.0,rough
anonymous,1777118278193,2.110,-5.502,-14.282,5.6401,49.060112,16.561495,56.7,2.0,rough
anonymous,1777118278209,-1.840,-5.278,-4.679,2.5202,49.060112,16.561495,56.7,2.0,rough
anonymous,1777118278226,-4.553,-8.533,4.889,1.0267,49.060112,16.561495,56.7,2.0,rough
anonymous,1777118278243,-1.894,-5.205,0.598,4.2390,49.060112,16.561495,56.7,2.0,rough
anonymous,1777118278259,8.783,-2.954,-19.263,11.5659,49.060112,16.561495,56.7,2.0,rough
anonymous,1777118278276,-0.096,-2.587,-11.420,1.8999,49.060112,16.561495,56.7,2.0,rough
anonymous,1777118278293,-3.417,-4.970,-5.468,1.6688,49.060112,16.561495,56.7,2.0,rough
anonymous,1777118278310,-1.915,-7.544,-12.622,5.0184,49.060112,16.561495,56.7,2.0,rough
anonymous,1777118278326,-1.586,-2.482,-5.599,3.4833,49.060112,16.561495,56.7,2.0,rough
anonymous,1777118278343,5.901,-2.222,-12.976,4.6171,49.060112,16.561495,56.7,2.0,rough
anonymous,1777118278358,-4.034,-5.425,-3.860,2.0254,49.060112,16.561495,56.7,2.0,rough
anonymous,1777118278376,-6.293,-9.944,2.332,2.1867,49.060112,16.561495,56.7,2.0,rough
anonymous,1777118278393,-1.647,-7.225,-6.580,0.0997,49.060112,16.561495,56.7,2.0,rough
anonymous,1777118278410,5.967,-4.370,-8.210,1.2396,49.060112,16.561495,56.7,2.0,rough
anonymous,1777118278426,-0.809,-4.206,1.731,5.1906,49.060112,16.561495,56.7,2.0,rough
anonymous,1777118278443,-1.824,-9.044,-4.012,0.2506,49.060112,16.561495,56.7,2.0,rough
anonymous,1777118278460,-1.433,-4.488,-6.425,1.8428,49.060112,16.561495,56.7,2.0,rough
anonymous,1777118278477,0.167,-3.994,-11.920,2.7620,49.060112,16.561495,56.7,2.0,rough
anonymous,1777118278493,0.084,-5.745,-9.704,1.4669,49.060112,16.561495,56.7,2.0,rough
anonymous,1777118278510,-2.341,-6.808,-11.403,3.6752,49.060112,16.561495,56.7,2.0,rough
anonymous,1777118278526,-2.135,-4.417,-7.814,0.5832,49.060112,16.561495,56.7,2.0,rough
anonymous,1777118278543,-0.444,-6.785,-8.668,1.2069,49.060112,16.561495,56.7,2.0,rough
anonymous,1777118278559,-0.150,-6.076,-5.378,1.6944,49.060112,16.561495,56.7,2.0,rough
anonymous,1777118278577,-0.021,-6.604,-10.762,2.8167,49.060112,16.561495,56.7,2.0,rough
anonymous,1777118278593,0.409,-6.027,-9.455,1.4100,49.060112,16.561495,56.7,2.0,rough
anonymous,1777118278610,-2.130,-5.345,-7.975,0.0245,49.060112,16.561495,56.7,2.0,rough
anonymous,1777118278626,-0.628,-7.908,-12.412,4.9204,49.060112,16.561495,56.7,2.0,rough
anonymous,1777118278642,1.292,-5.296,-7.442,0.5852,49.060112,16.561495,56.7,2.0,rough
anonymous,1777118278659,1.019,-5.370,-5.222,2.2507,49.060112,16.561495,56.7,2.0,rough
anonymous,1777118278676,-1.296,-4.626,-4.156,3.4572,49.060112,16.561495,56.7,2.0,rough
anonymous,1777118278693,-1.298,-7.775,-6.861,0.6404,49.060112,16.561495,56.7,2.0,rough
anonymous,1777118278709,0.580,-5.587,-7.859,0.1498,49.060112,16.561495,56.7,2.0,rough
anonymous,1777118278726,2.542,-5.357,-6.186,1.2409,49.060112,16.561495,56.7,2.0,rough
anonymous,1777118278743,-0.202,-4.735,-2.242,4.5676,49.060112,16.561495,56.7,2.0,rough
anonymous,1777118278759,-0.137,-5.066,-7.061,1.1185,49.060112,16.561495,56.7,2.0,rough
anonymous,1777118278776,1.009,-4.296,-6.976,1.5551,49.060112,16.561495,56.7,2.0,rough
anonymous,1777118278793,2.427,-4.068,-12.563,3.6167,49.060112,16.561495,56.7,2.0,rough
anonymous,1777118278810,0.808,-3.606,-8.690,0.3673,49.060112,16.561495,56.7,2.0,rough
anonymous,1777118278826,-1.597,-4.526,-12.788,3.8493,49.060112,16.561495,56.7,2.0,rough
anonymous,1777118278843,0.022,-2.969,-7.794,1.4700,49.060112,16.561495,56.7,2.0,rough
anonymous,1777118278860,1.055,-3.924,-10.310,1.2715,49.060112,16.561495,56.7,2.0,rough
anonymous,1777118278876,-1.346,-4.255,2.107,4.8749,49.060112,16.561495,56.7,2.0,rough
anonymous,1777118278893,-0.887,-8.094,-6.161,0.4002,49.060112,16.561495,56.7,2.0,rough
anonymous,1777118278910,3.457,-6.227,-5.373,0.8887,49.060112,16.561495,56.7,2.0,rough
anonymous,1777118278926,1.445,-5.256,-16.412,7.4840,49.060112,16.561495,56.7,2.0,rough
anonymous,1777118278943,0.554,-2.449,-6.104,3.2096,49.060112,16.561495,56.7,2.0,rough
anonymous,1777118278960,-0.224,-7.880,-9.158,2.2732,49.060112,16.561495,56.7,2.0,rough
anonymous,1777118278976,-3.097,-5.158,-8.501,0.6045,49.060112,16.561495,56.7,2.0,rough
anonymous,1777118278993,8.315,-2.680,-6.774,1.2445,49.060112,16.561495,56.7,2.0,rough
anonymous,1777118279010,2.500,-5.809,-12.674,4.3545,49.060112,16.561495,56.7,2.0,rough
anonymous,1777118279026,-1.483,-7.230,-7.175,0.4834,49.060112,16.561495,56.7,2.0,rough
anonymous,1777118279044,1.334,-9.041,-5.305,0.7572,49.060127,16.561294,54.9,2.0,rough
anonymous,1777118279061,3.570,-4.714,-7.608,0.1741,49.060127,16.561294,54.9,2.0,rough
anonymous,1777118279076,1.964,-3.623,-12.130,3.0011,49.060127,16.561294,54.9,2.0,rough
anonymous,1777118279093,-0.631,-2.400,-11.086,1.5503,49.060127,16.561294,54.9,2.0,rough
anonymous,1777118279110,-0.826,-4.988,-8.453,0.0398,49.060127,16.561294,54.9,2.0,rough
anonymous,1777118279126,-0.959,-8.880,1.846,0.6897,49.060127,16.561294,54.9,2.0,rough
anonymous,1777118279143,6.792,-4.739,-5.562,0.1666,49.060127,16.561294,54.9,2.0,rough
anonymous,1777118279159,2.521,-4.575,-10.580,1.9896,49.060127,16.561294,54.9,2.0,rough
anonymous,1777118279177,-0.269,-4.608,-18.380,9.1405,49.060127,16.561294,54.9,2.0,rough
anonymous,1777118279193,-1.191,-5.144,-1.781,4.2378,49.060127,16.561294,54.9,2.0,rough
anonymous,1777118279209,-3.137,-8.316,-1.733,0.7548,49.060127,16.561294,54.9,2.0,rough
anonymous,1777118279226,8.269,-5.335,-6.928,2.2250,49.060127,16.561294,54.9,2.0,rough
anonymous,1777118279243,-0.607,-2.882,-12.030,2.5749,49.060127,16.561294,54.9,2.0,rough
anonymous,1777118279260,-0.743,-3.487,-12.791,3.4684,49.060127,16.561294,54.9,2.0,rough
anonymous,1777118279277,-2.239,-5.205,7.095,0.7303,49.060127,16.561294,54.9,2.0,rough
anonymous,1777118279292,-0.003,-5.708,-15.199,6.4255,49.060127,16.561294,54.9,2.0,rough
anonymous,1777118279309,7.189,-3.037,-12.812,5.1914,49.060127,16.561294,54.9,2.0,rough
anonymous,1777118279327,0.016,-5.235,-12.995,4.1997,49.060127,16.561294,54.9,2.0,rough
anonymous,1777118279343,-3.796,-7.318,8.569,2.0809,49.060127,16.561294,54.9,2.0,rough
anonymous,1777118279360,-1.651,-2.585,-6.259,2.8398,49.060127,16.561294,54.9,2.0,rough
anonymous,1777118279376,-0.552,0.569,-3.751,5.9765,49.060127,16.561294,54.9,2.0,rough
anonymous,1777118279393,1.726,-0.636,-9.286,0.3435,49.060127,16.561294,54.9,2.0,rough
anonymous,1777118279410,-0.686,-0.103,-18.429,8.6321,49.060127,16.561294,54.9,2.0,rough
anonymous,1777118279426,0.054,-2.095,-3.436,5.7854,49.060127,16.561294,54.9,2.0,rough
anonymous,1777118279445,2.293,-5.433,-17.593,8.7450,49.060127,16.561294,54.9,2.0,rough
anonymous,1777118279459,2.666,-1.766,-7.614,1.5513,49.060127,16.561294,54.9,2.0,rough
anonymous,1777118279476,0.717,-4.445,-11.855,2.8712,49.060127,16.561294,54.9,2.0,rough
anonymous,1777118279493,-1.309,-1.816,2.038,6.7824,49.060127,16.561294,54.9,2.0,rough
anonymous,1777118279510,-1.128,-5.794,-7.054,0.6119,49.060127,16.561294,54.9,2.0,rough
anonymous,1777118279526,-0.564,-4.387,-4.382,3.5834,49.060127,16.561294,54.9,2.0,rough
anonymous,1777118279543,3.477,-5.493,-16.530,7.9526,49.060127,16.561294,54.9,2.0,rough
anonymous,1777118279560,-1.163,0.488,-1.990,7.4535,49.060127,16.561294,54.9,2.0,rough
anonymous,1777118279575,-2.266,-2.988,-13.707,4.4002,49.060127,16.561294,54.9,2.0,rough
anonymous,1777118279592,-0.439,-1.345,-1.248,7.9230,49.060127,16.561294,54.9,2.0,rough
anonymous,1777118279609,0.814,-5.392,-13.753,4.9848,49.060127,16.561294,54.9,2.0,rough
anonymous,1777118279626,1.344,0.016,-1.130,8.0537,49.060127,16.561294,54.9,2.0,rough
anonymous,1777118279643,0.273,-6.375,-6.798,0.4864,49.060127,16.561294,54.9,2.0,rough
anonymous,1777118279659,-2.405,-7.719,-9.307,2.5183,49.060127,16.561294,54.9,2.0,rough
anonymous,1777118279676,1.898,-2.679,-8.892,0.3310,49.060127,16.561294,54.9,2.0,rough
anonymous,1777118279693,1.042,-1.382,-13.304,3.6064,49.060127,16.561294,54.9,2.0,rough
anonymous,1777118279710,-1.589,0.234,-16.696,6.9629,49.060127,16.561294,54.9,2.0,rough
anonymous,1777118279726,-1.667,-3.038,-12.634,3.2907,49.060127,16.561294,54.9,2.0,rough
anonymous,1777118279743,-1.716,-3.080,-16.412,6.9763,49.060127,16.561294,54.9,2.0,rough
anonymous,1777118279760,1.668,-3.028,-7.862,1.2215,49.060127,16.561294,54.9,2.0,rough
anonymous,1777118279776,-0.082,-3.754,-3.435,4.7210,49.060127,16.561294,54.9,2.0,rough
anonymous,1777118279792,-0.345,-5.146,-6.988,1.1246,49.060127,16.561294,54.9,2.0,rough
anonymous,1777118279810,-0.169,-4.484,-9.359,0.5687,49.060127,16.561294,54.9,2.0,rough
anonymous,1777118279827,-0.094,-3.471,-7.820,1.2541,49.060127,16.561294,54.9,2.0,rough
anonymous,1777118279843,1.133,-2.730,-8.271,1.0264,49.060127,16.561294,54.9,2.0,rough
anonymous,1777118279860,-0.396,-2.874,-10.145,0.7414,49.060127,16.561294,54.9,2.0,rough
anonymous,1777118279875,0.450,-3.425,-6.579,2.3793,49.060127,16.561294,54.9,2.0,rough
anonymous,1777118279892,-0.722,-4.658,-7.838,0.6640,49.060127,16.561294,54.9,2.0,rough
anonymous,1777118279910,0.348,-2.598,-9.256,0.1900,49.060127,16.561294,54.9,2.0,rough
anonymous,1777118279926,0.105,-2.557,-6.939,2.4138,49.060127,16.561294,54.9,2.0,rough
anonymous,1777118279943,1.044,-2.409,-5.832,3.4143,49.060127,16.561294,54.9,2.0,rough
anonymous,1777118279960,-0.516,-5.080,-15.100,6.1304,49.060127,16.561294,54.9,2.0,rough
anonymous,1777118279976,-0.156,-2.897,-9.405,0.0320,49.060127,16.561294,54.9,2.0,rough
anonymous,1777118279993,-0.868,-4.036,-15.097,5.8411,49.060127,16.561294,54.9,2.0,rough
anonymous,1777118280010,1.544,-1.702,-6.535,2.8831,49.060127,16.561294,54.9,2.0,rough
anonymous,1777118280027,1.427,-6.324,-15.235,6.7473,49.060127,16.561294,54.9,2.0,rough
anonymous,1777118280043,-0.202,-3.383,-3.267,5.1028,49.060144,16.561090,54.5,2.0,rough
anonymous,1777118280060,-0.795,-5.753,-6.593,1.0237,49.060144,16.561090,54.5,2.0,rough
anonymous,1777118280076,0.123,-5.971,-2.396,3.3754,49.060144,16.561090,54.5,2.0,rough
anonymous,1777118280093,1.717,-6.187,-10.711,2.6785,49.060144,16.561090,54.5,2.0,rough
anonymous,1777118280109,-1.872,-4.899,-6.341,1.5813,49.060144,16.561090,54.5,2.0,rough
anonymous,1777118280126,-0.104,-5.162,-9.051,0.6104,49.060144,16.561090,54.5,2.0,rough
anonymous,1777118280143,-0.068,-6.361,-2.389,3.0146,49.060144,16.561090,54.5,2.0,rough
anonymous,1777118280160,0.379,-2.220,-7.686,1.8005,49.060144,16.561090,54.5,2.0,rough
anonymous,1777118280176,3.316,0.335,-13.894,4.4778,49.060144,16.561090,54.5,2.0,rough
anonymous,1777118280192,-2.974,-1.624,-11.016,1.7157,49.060144,16.561090,54.5,2.0,rough
anonymous,1777118280209,-2.549,-1.793,0.266,6.6817,49.060144,16.561090,54.5,2.0,rough
anonymous,1777118280226,-0.907,-5.969,-13.976,5.4142,49.060144,16.561090,54.5,2.0,rough
anonymous,1777118280243,-1.378,-3.859,-7.387,1.3623,49.060144,16.561090,54.5,2.0,rough
anonymous,1777118280260,3.646,-3.767,-8.731,0.3744,49.060144,16.561090,54.5,2.0,rough
anonymous,1777118280275,0.065,-1.212,-4.307,5.3350,49.060144,16.561090,54.5,2.0,rough
anonymous,1777118280292,-2.833,-5.636,-12.938,4.5837,49.060144,16.561090,54.5,2.0,rough
anonymous,1777118280310,-2.059,-3.731,-3.831,4.0796,49.060144,16.561090,54.5,2.0,rough
anonymous,1777118280326,-1.458,-2.120,-9.510,0.0417,49.060144,16.561090,54.5,2.0,rough
anonymous,1777118280343,4.384,-2.285,-11.172,2.4068,49.060144,16.561090,54.5,2.0,rough
anonymous,1777118280359,-1.766,-1.536,-10.020,0.4797,49.060144,16.561090,54.5,2.0,rough
anonymous,1777118280376,-2.881,-5.213,-9.206,1.1546,49.060144,16.561090,54.5,2.0,rough
anonymous,1777118280392,-2.866,-5.953,-5.769,1.0388,49.060144,16.561090,54.5,2.0,rough
anonymous,1777118280409,6.252,-3.582,-12.690,4.7831,49.060144,16.561090,54.5,2.0,rough
anonymous,1777118280426,4.164,-1.743,-10.756,1.8551,49.060144,16.561090,54.5,2.0,rough
anonymous,1777118280443,-1.570,-2.860,-15.950,6.4699,49.060144,16.561090,54.5,2.0,rough
anonymous,1777118280459,-2.460,-4.306,-6.617,1.5409,49.060144,16.561090,54.5,2.0,rough
anonymous,1777118280476,-2.591,-5.110,-14.711,5.9776,49.060144,16.561090,54.5,2.0,rough
anonymous,1777118280493,0.857,-5.164,-11.029,2.3978,49.060144,16.561090,54.5,2.0,rough
anonymous,1777118280510,4.219,-2.544,-2.009,4.4894,49.060144,16.561090,54.5,2.0,rough
anonymous,1777118280526,-2.242,-6.413,-11.288,3.3646,49.060144,16.561090,54.5,2.0,rough
anonymous,1777118280543,0.007,-4.594,-8.144,0.4600,49.060144,16.561090,54.5,2.0,rough
anonymous,1777118280560,0.325,-6.492,-12.296,4.0984,49.060144,16.561090,54.5,2.0,rough
anonymous,1777118280576,-1.358,-3.071,-6.603,2.4024,49.060144,16.561090,54.5,2.0,rough
anonymous,1777118280593,0.522,-4.456,-5.109,3.0105,49.060144,16.561090,54.5,2.0,rough
anonymous,1777118280610,0.672,-7.331,-5.495,0.6232,49.060144,16.561090,54.5,2.0,rough
anonymous,1777118280625,0.011,-5.201,-9.331,0.8730,49.060144,16.561090,54.5,2.0,rough
anonymous,1777118280642,0.745,-3.069,-8.272,0.9555,49.060144,16.561090,54.5,2.0,rough
anonymous,1777118280659,-0.707,-3.179,-10.741,1.4135,49.060144,16.561090,54.5,2.0,rough
anonymous,1777118280676,-1.308,-4.616,-10.115,1.3847,49.060144,16.561090,54.5,2.0,rough
anonymous,1777118280693,0.226,-3.477,-11.855,2.5468,49.060144,16.561090,54.5,2.0,rough
anonymous,1777118280709,3.377,-1.128,-14.401,5.0248,49.060144,16.561090,54.5,2.0,rough
anonymous,1777118280725,-0.569,-2.545,-4.398,4.6967,49.060144,16.561090,54.5,2.0,rough
anonymous,1777118280743,-3.738,-5.706,1.832,2.7471,49.060144,16.561090,54.5,2.0,rough
anonymous,1777118280760,-3.533,-6.381,-6.447,0.0756,49.060144,16.561090,54.5,2.0,rough
anonymous,1777118280776,3.773,-2.404,-10.548,1.6472,49.060144,16.561090,54.5,2.0,rough
anonymous,1777118280793,0.861,-3.074,-6.794,2.3031,49.060144,16.561090,54.5,2.0,rough
anonymous,1777118280809,-3.371,-2.575,-11.237,2.2008,49.060144,16.561090,54.5,2.0,rough
anonymous,1777118280825,-1.522,-4.580,0.120,4.9822,49.060144,16.561090,54.5,2.0,rough
anonymous,1777118280843,-1.373,-3.678,-7.691,1.1754,49.060144,16.561090,54.5,2.0,rough
anonymous,1777118280859,2.416,-3.487,-9.703,0.7793,49.060144,16.561090,54.5,2.0,rough
anonymous,1777118280876,1.698,-0.616,-6.582,2.9844,49.060144,16.561090,54.5,2.0,rough
anonymous,1777118280893,-2.220,-3.302,-14.299,5.0322,49.060144,16.561090,54.5,2.0,rough
anonymous,1777118280909,-1.350,-2.359,-4.421,4.6205,49.060144,16.561090,54.5,2.0,rough
anonymous,1777118280926,-1.711,-5.855,-11.131,2.8825,49.060144,16.561090,54.5,2.0,rough
anonymous,1777118280943,3.795,-4.212,-9.978,1.6658,49.060144,16.561090,54.5,2.0,rough
anonymous,1777118280959,5.650,-3.099,-13.647,5.2825,49.060144,16.561090,54.5,2.0,rough
anonymous,1777118280976,-0.859,-4.562,-7.581,0.9206,49.060144,16.561090,54.5,2.0,rough
anonymous,1777118280993,-1.666,-6.308,0.644,3.2539,49.060144,16.561090,54.5,2.0,rough
anonymous,1777118281009,-1.241,-3.455,-7.636,1.3371,49.060144,16.561090,54.5,2.0,rough
anonymous,1777118281027,0.374,-4.219,-13.090,3.9484,49.060144,16.561090,54.5,2.0,rough
anonymous,1777118281043,2.070,-1.838,-6.571,2.6796,49.060144,16.561090,54.5,2.0,rough
anonymous,1777118281059,1.034,-3.572,-13.584,4.2741,49.060165,16.560906,51.4,2.0,rough
anonymous,1777118281075,-1.149,-4.261,-1.947,4.9862,49.060165,16.560906,51.4,2.0,rough
anonymous,1777118281093,-1.494,-5.342,-6.848,0.9972,49.060165,16.560906,51.4,2.0,rough
anonymous,1777118281110,3.641,-3.462,-10.040,1.4166,49.060165,16.560906,51.4,2.0,rough
anonymous,1777118281126,0.673,-1.632,-6.174,3.3883,49.060165,16.560906,51.4,2.0,rough
anonymous,1777118281143,0.086,-1.373,-12.333,2.5993,49.060165,16.560906,51.4,2.0,rough
anonymous,1777118281160,0.170,-3.273,-3.097,5.3009,49.060165,16.560906,51.4,2.0,rough
anonymous,1777118281176,-1.558,-5.037,-11.991,3.2889,49.060165,16.560906,51.4,2.0,rough
anonymous,1777118281193,0.066,-5.652,-6.889,0.8990,49.060165,16.560906,51.4,2.0,rough
anonymous,1777118281210,4.551,-1.867,-4.425,3.1937,49.060165,16.560906,51.4,2.0,rough
anonymous,1777118281226,0.234,-4.080,-7.100,1.6175,49.060165,16.560906,51.4,2.0,rough
anonymous,1777118281243,-1.057,-3.006,2.648,5.6670,49.060165,16.560906,51.4,2.0,rough
anonymous,1777118281260,-0.447,-5.145,-16.479,7.4588,49.060165,16.560906,51.4,2.0,rough
anonymous,1777118281276,1.993,-1.218,-11.370,1.7979,49.060165,16.560906,51.4,2.0,rough
anonymous,1777118281293,3.260,-3.409,-14.221,5.1725,49.060165,16.560906,51.4,2.0,rough
anonymous,1777118281309,0.298,-6.161,-7.370,0.1992,49.060165,16.560906,51.4,2.0,rough
anonymous,1777118281326,-3.061,-5.250,-9.664,1.6062,49.060165,16.560906,51.4,2.0,rough
anonymous,1777118281343,0.048,-5.442,-19.859,10.7816,49.060165,16.560906,51.4,2.0,rough
anonymous,1777118281359,3.254,0.027,-10.881,1.5467,49.060165,16.560906,51.4,2.0,rough
anonymous,1777118281376,-4.798,0.463,9.451,0.7989,49.060165,16.560906,51.4,2.0,rough
anonymous,1777118281393,0.240,-4.346,-15.417,6.2096,49.060165,16.560906,51.4,2.0,rough
anonymous,1777118281410,-1.526,-5.289,-7.758,0.2972,49.060165,16.560906,51.4,2.0,rough
anonymous,1777118281426,4.018,-4.334,-11.558,3.1711,49.060165,16.560906,51.4,2.0,rough
anonymous,1777118281443,-0.092,-1.566,1.708,7.4912,49.060165,16.560906,51.4,2.0,rough
anonymous,1777118281460,-1.727,-7.279,-11.408,3.8320,49.060165,16.560906,51.4,2.0,rough
anonymous,1777118281476,-7.825,-9.271,-11.702,7.0457,49.060165,16.560906,51.4,2.0,rough
anonymous,1777118281493,1.474,-7.169,-23.849,15.1366,49.060165,16.560906,51.4,2.0,rough
anonymous,1777118281510,4.415,4.312,-2.148,3.2750,49.060165,16.560906,51.4,2.0,rough
anonymous,1777118281526,-12.580,-0.801,-20.278,14.0669,49.060165,16.560906,51.4,2.0,rough
anonymous,1777118281543,-8.705,-7.650,-4.168,2.5058,49.060165,16.560906,51.4,2.0,rough
anonymous,1777118281560,-4.596,-8.735,0.836,0.0954,49.060165,16.560906,51.4,2.0,rough
anonymous,1777118281576,6.340,-0.065,-3.455,2.5900,49.060165,16.560906,51.4,2.0,rough
anonymous,1777118281593,-9.566,-4.148,-9.876,4.5512,49.060165,16.560906,51.4,2.0,rough
anonymous,1777118281609,-9.905,-3.952,-19.915,12.7804,49.060165,16.560906,51.4,2.0,rough
anonymous,1777118281626,-1.477,-8.804,-15.166,7.7881,49.060165,16.560906,51.4,2.0,rough
anonymous,1777118281643,12.197,-4.323,0.122,3.1313,49.060165,16.560906,51.4,2.0,rough
anonymous,1777118281660,-5.111,-7.557,-3.302,0.1082,49.060165,16.560906,51.4,2.0,rough
anonymous,1777118281676,-7.312,-8.963,-7.567,4.0123,49.060165,16.560906,51.4,2.0,rough
anonymous,1777118281693,-5.124,-0.502,-12.470,3.6814,49.060165,16.560906,51.4,2.0,rough
anonymous,1777118281709,6.912,0.849,-20.792,12.1171,49.060165,16.560906,51.4,2.0,rough
anonymous,1777118281726,2.501,-2.262,-1.909,5.9345,49.060165,16.560906,51.4,2.0,rough
anonymous,1777118281743,-9.010,-8.962,15.563,10.2825,49.060165,16.560906,51.4,2.0,rough
anonymous,1777118281759,-2.793,-9.321,-7.213,2.3030,49.060165,16.560906,51.4,2.0,rough
anonymous,1777118281776,1.420,-1.871,-14.817,5.1921,49.060165,16.560906,51.4,2.0,rough
anonymous,1777118281794,0.825,-2.128,-17.941,8.2756,49.060165,16.560906,51.4,2.0,rough
anonymous,1777118281809,-7.746,0.593,-16.758,8.6608,49.060165,16.560906,51.4,2.0,rough
anonymous,1777118281826,-2.202,-3.849,-1.919,4.9788,49.060165,16.560906,51.4,2.0,rough
anonymous,1777118281843,-1.820,-17.814,-7.112,9.4572,49.060165,16.560906,51.4,2.0,rough
anonymous,1777118281860,8.140,-2.814,-8.694,2.4284,49.060165,16.560906,51.4,2.0,rough
anonymous,1777118281876,3.800,2.447,-7.184,1.3229,49.060165,16.560906,51.4,2.0,rough
anonymous,1777118281892,-10.006,5.657,-6.383,3.3377,49.060165,16.560906,51.4,2.0,rough
anonymous,1777118281910,2.781,-5.483,-6.286,1.0175,49.060165,16.560906,51.4,2.0,rough
anonymous,1777118281926,3.601,-8.504,-9.285,3.2856,49.060165,16.560906,51.4,2.0,rough
anonymous,1777118281943,5.307,-10.461,-0.106,1.9206,49.060165,16.560906,51.4,2.0,rough
anonymous,1777118281960,-1.078,-2.105,-16.859,7.2137,49.060165,16.560906,51.4,2.0,rough
anonymous,1777118281976,-7.825,3.284,-11.018,4.0968,49.060165,16.560906,51.4,2.0,rough
anonymous,1777118281993,3.917,1.975,-18.933,9.6250,49.060165,16.560906,51.4,2.0,rough
anonymous,1777118282009,1.900,-3.679,-10.363,1.3495,49.060165,16.560906,51.4,2.0,rough
anonymous,1777118282026,-3.657,-5.493,-0.147,3.2091,49.060165,16.560906,51.4,2.0,rough
anonymous,1777118282043,-2.320,-10.447,2.103,1.0958,49.060165,16.560906,51.4,2.0,rough
anonymous,1777118282060,3.287,-5.447,-5.561,1.3603,49.060177,16.560747,46.1,2.0,rough
anonymous,1777118282076,4.387,-2.913,-11.092,2.4691,49.060177,16.560747,46.1,2.0,rough
anonymous,1777118282093,0.964,-3.143,-11.185,1.8480,49.060177,16.560747,46.1,2.0,rough
anonymous,1777118282110,-1.857,2.866,-4.560,4.1131,49.060177,16.560747,46.1,2.0,rough
anonymous,1777118282126,-5.795,-0.226,-10.292,2.0040,49.060177,16.560747,46.1,2.0,rough
anonymous,1777118282143,0.760,-3.157,-10.780,1.4487,49.060177,16.560747,46.1,2.0,rough
anonymous,1777118282159,9.485,-7.437,-5.320,3.3649,49.060177,16.560747,46.1,2.0,rough
anonymous,1777118282176,5.579,-7.069,-5.215,0.5961,49.060177,16.560747,46.1,2.0,rough
anonymous,1777118282193,-0.838,-6.756,-15.984,7.5636,49.060177,16.560747,46.1,2.0,rough
anonymous,1777118282209,-1.581,-1.467,-1.455,7.2084,49.060177,16.560747,46.1,2.0,rough
anonymous,1777118282226,-0.663,-7.842,-15.589,7.6532,49.060177,16.560747,46.1,2.0,rough
anonymous,1777118282243,2.161,-3.408,-5.565,2.9361,49.060177,16.560747,46.1,2.0,rough
anonymous,1777118282259,3.274,-6.677,-11.258,3.6825,49.060177,16.560747,46.1,2.0,rough
anonymous,1777118282276,0.148,-8.974,-0.010,0.8347,49.060177,16.560747,46.1,2.0,rough
anonymous,1777118282293,1.548,-5.854,-4.527,2.2500,49.060177,16.560747,46.1,2.0,rough
anonymous,1777118282310,-2.702,-4.357,-5.482,2.3045,49.060177,16.560747,46.1,2.0,rough
anonymous,1777118282326,0.392,-6.731,-6.117,0.7059,49.060177,16.560747,46.1,2.0,rough
anonymous,1777118282343,0.956,-4.669,-6.570,1.6933,49.060177,16.560747,46.1,2.0,rough
anonymous,1777118282359,1.133,-5.271,-16.662,7.7029,49.060177,16.560747,46.1,2.0,rough
anonymous,1777118282376,1.562,-3.698,-9.405,0.4156,49.060177,16.560747,46.1,2.0,rough
anonymous,1777118282392,-1.474,-10.031,-11.437,5.4744,49.060177,16.560747,46.1,2.0,rough
anonymous,1777118282409,-3.199,-5.254,8.857,0.9732,49.060177,16.560747,46.1,2.0,rough
anonymous,1777118282426,4.511,-5.035,-9.749,2.0530,49.060177,16.560747,46.1,2.0,rough
anonymous,1777118282442,1.500,-2.410,-9.058,0.3171,49.060177,16.560747,46.1,2.0,rough
anonymous,1777118282459,-3.089,-1.252,-17.715,8.2154,49.060177,16.560747,46.1,2.0,rough
anonymous,1777118282476,-3.969,-4.104,6.028,1.5072,49.060177,16.560747,46.1,2.0,rough
anonymous,1777118282492,-2.382,-11.586,-9.092,5.1090,49.060177,16.560747,46.1,2.0,rough
anonymous,1777118282509,2.519,-10.158,-4.005,1.3958,49.060177,16.560747,46.1,2.0,rough
anonymous,1777118282525,6.273,-1.833,-9.502,1.7225,49.060177,16.560747,46.1,2.0,rough
anonymous,1777118282542,-9.077,7.859,-7.430,4.3094,49.060177,16.560747,46.1,2.0,rough
anonymous,1777118282559,-10.871,-2.173,-11.783,6.3686,49.060177,16.560747,46.1,2.0,rough
anonymous,1777118282576,-0.795,-10.583,-12.678,6.7235,49.060177,16.560747,46.1,2.0,rough
anonymous,1777118282592,8.300,-10.407,-3.792,4.0313,49.060177,16.560747,46.1,2.0,rough
anonymous,1777118282609,4.199,-3.338,-11.108,2.5251,49.060177,16.560747,46.1,2.0,rough
anonymous,1777118282626,-3.482,1.651,-22.601,13.1167,49.060177,16.560747,46.1,2.0,rough
anonymous,1777118282642,-1.025,-4.015,-15.043,5.7933,49.060177,16.560747,46.1,2.0,rough
anonymous,1777118282659,2.226,-13.135,5.745,4.6984,49.060177,16.560747,46.1,2.0,rough
anonymous,1777118282676,8.390,-11.296,-12.832,9.2334,49.060177,16.560747,46.1,2.0,rough
anonymous,1777118282692,-0.331,-2.884,-7.095,2.1442,49.060177,16.560747,46.1,2.0,rough
anonymous,1777118282709,-7.499,-1.216,-21.358,12.8587,49.060177,16.560747,46.1,2.0,rough
anonymous,1777118282726,-0.525,-2.668,0.839,6.9647,49.060177,16.560747,46.1,2.0,rough
anonymous,1777118282742,4.746,-2.179,-12.068,3.3392,49.060177,16.560747,46.1,2.0,rough
anonymous,1777118282759,0.324,-3.648,-1.073,5.9934,49.060177,16.560747,46.1,2.0,rough
anonymous,1777118282775,3.146,-4.600,-16.737,7.8305,49.060177,16.560747,46.1,2.0,rough
anonymous,1777118282792,-0.695,1.071,-22.417,12.6431,49.060177,16.560747,46.1,2.0,rough
anonymous,1777118282810,-1.979,-2.657,-12.122,2.7565,49.060177,16.560747,46.1,2.0,rough
anonymous,1777118282826,2.669,-0.985,-5.681,3.4562,49.060177,16.560747,46.1,2.0,rough
anonymous,1777118282842,1.760,-10.891,-3.425,1.7415,49.060177,16.560747,46.1,2.0,rough
anonymous,1777118282859,2.165,-5.759,-1.197,3.5421,49.060177,16.560747,46.1,2.0,rough
anonymous,1777118282876,-1.020,-0.681,-15.358,5.5967,49.060177,16.560747,46.1,2.0,rough
anonymous,1777118282893,-4.602,0.349,-23.695,14.3299,49.060177,16.560747,46.1,2.0,rough
anonymous,1777118282909,-1.130,-3.847,-22.473,13.0183,49.060177,16.560747,46.1,2.0,rough
anonymous,1777118282925,-0.653,-9.162,-3.450,0.0020,49.060177,16.560747,46.1,2.0,rough
anonymous,1777118282943,-0.400,-9.685,6.439,1.8268,49.060177,16.560747,46.1,2.0,rough
anonymous,1777118282960,2.479,-5.428,-4.485,2.3450,49.060177,16.560747,46.1,2.0,rough
anonymous,1777118282976,0.111,-1.939,-30.594,20.8453,49.060177,16.560747,46.1,2.0,rough
anonymous,1777118282993,-0.059,3.229,-6.634,2.4318,49.060177,16.560747,46.1,2.0,rough
anonymous,1777118283009,-0.167,-0.592,-10.809,1.0169,49.060177,16.560747,46.1,2.0,rough
anonymous,1777118283026,-2.488,-7.143,3.511,1.4705,49.060177,16.560747,46.1,2.0,rough
anonymous,1777118283043,-0.115,-13.317,-9.246,6.4022,49.060177,16.560747,46.1,2.0,rough
anonymous,1777118283059,6.175,-6.589,-12.241,5.4011,49.060176,16.560596,42.4,2.2,rough
anonymous,1777118283076,3.984,2.117,-18.003,8.7496,49.060176,16.560596,42.4,2.2,rough
anonymous,1777118283093,-3.771,2.579,-21.583,12.2510,49.060176,16.560596,42.4,2.2,rough
anonymous,1777118283110,-4.949,-5.383,-12.360,4.5508,49.060176,16.560596,42.4,2.2,rough
anonymous,1777118283126,-3.129,-10.602,3.588,1.8119,49.060176,16.560596,42.4,2.2,rough
anonymous,1777118283143,10.285,-11.025,-6.355,6.5520,49.060176,16.560596,42.4,2.2,rough
anonymous,1777118283160,-1.168,-0.728,-6.682,2.9878,49.060176,16.560596,42.4,2.2,rough
anonymous,1777118283176,-5.576,-1.668,-16.142,7.3490,49.060176,16.560596,42.4,2.2,rough
anonymous,1777118283193,-4.028,-5.039,8.968,1.2368,49.060176,16.560596,42.4,2.2,rough
anonymous,1777118283209,-1.585,-9.758,9.294,3.7591,49.060176,16.560596,42.4,2.2,rough
anonymous,1777118283226,7.672,-1.665,-6.543,0.4097,49.060176,16.560596,42.4,2.2,rough
anonymous,1777118283243,-1.647,-5.755,-15.066,6.4019,49.060176,16.560596,42.4,2.2,rough
anonymous,1777118283260,-2.167,-1.820,-6.797,2.4477,49.060176,16.560596,42.4,2.2,rough
anonymous,1777118283276,-4.994,-4.349,-21.035,12.2432,49.060176,16.560596,42.4,2.2,rough
anonymous,1777118283293,-5.084,-5.154,-10.605,3.0304,49.060176,16.560596,42.4,2.2,rough
anonymous,1777118283310,1.693,-7.848,-10.794,3.6422,49.060176,16.560596,42.4,2.2,rough
anonymous,1777118283326,1.659,-7.117,-9.553,2.2175,49.060176,16.560596,42.4,2.2,rough
anonymous,1777118283343,-0.565,-5.455,-13.515,4.7759,49.060176,16.560596,42.4,2.2,rough
anonymous,1777118283359,-0.302,-4.399,-9.676,0.8228,49.060176,16.560596,42.4,2.2,rough
anonymous,1777118283376,-5.175,-7.892,2.038,0.1556,49.060176,16.560596,42.4,2.2,rough
anonymous,1777118283393,-4.725,-7.624,-7.095,1.6264,49.060176,16.560596,42.4,2.2,rough
anonymous,1777118283410,0.936,-4.906,-6.164,1.8763,49.060176,16.560596,42.4,2.2,rough
anonymous,1777118283426,-0.459,-3.933,-10.085,1.0244,49.060176,16.560596,42.4,2.2,rough
anonymous,1777118283443,-1.116,-6.347,-9.297,1.5021,49.060176,16.560596,42.4,2.2,rough
anonymous,1777118283460,-0.214,-5.578,-3.817,3.0480,49.060176,16.560596,42.4,2.2,rough
anonymous,1777118283476,-0.411,-4.552,1.734,4.9222,49.060176,16.560596,42.4,2.2,rough
anonymous,1777118283493,-1.601,-6.907,-12.902,4.9120,49.060176,16.560596,42.4,2.2,rough
anonymous,1777118283509,-0.251,-3.935,-12.037,2.8564,49.060176,16.560596,42.4,2.2,rough
anonymous,1777118283526,-0.069,-2.020,-8.248,1.3177,49.060176,16.560596,42.4,2.2,rough
anonymous,1777118283543,-1.939,-5.302,-6.916,0.8828,49.060176,16.560596,42.4,2.2,rough
anonymous,1777118283560,-1.849,-9.148,-10.219,4.0292,49.060176,16.560596,42.4,2.2,rough
anonymous,1777118283575,-0.662,-7.782,-8.814,1.9670,49.060176,16.560596,42.4,2.2,rough
anonymous,1777118283593,2.524,-4.344,-6.689,1.4442,49.060176,16.560596,42.4,2.2,rough
anonymous,1777118283610,-0.646,-7.206,-11.947,4.1566,49.060176,16.560596,42.4,2.2,rough
anonymous,1777118283626,-4.322,-8.052,-7.837,2.2288,49.060176,16.560596,42.4,2.2,rough
anonymous,1777118283643,-4.509,-9.317,-8.529,3.6024,49.060176,16.560596,42.4,2.2,rough
anonymous,1777118283659,4.579,-2.958,-13.515,4.7633,49.060176,16.560596,42.4,2.2,rough
anonymous,1777118283676,2.811,-1.707,-4.797,3.9940,49.060176,16.560596,42.4,2.2,rough
anonymous,1777118283693,-1.949,-8.254,-15.745,8.0743,49.060176,16.560596,42.4,2.2,rough
anonymous,1777118283709,-4.601,-7.239,-2.128,0.9730,49.060176,16.560596,42.4,2.2,rough
anonymous,1777118283726,-2.063,-6.827,-13.280,5.2641,49.060176,16.560596,42.4,2.2,rough
anonymous,1777118283743,2.324,-0.820,-5.475,3.8059,49.060176,16.560596,42.4,2.2,rough
anonymous,1777118283759,0.680,-4.913,-10.747,2.0262,49.060176,16.560596,42.4,2.2,rough
anonymous,1777118283776,-1.833,-4.555,-1.191,4.7577,49.060176,16.560596,42.4,2.2,rough
anonymous,1777118283793,-3.406,-7.771,-16.613,8.8442,49.060176,16.560596,42.4,2.2,rough
anonymous,1777118283812,-0.666,-3.389,-5.559,3.2656,49.060176,16.560596,42.4,2.2,rough
anonymous,1777118283827,-1.626,-7.509,-1.128,2.0450,49.060176,16.560596,42.4,2.2,rough
anonymous,1777118283843,0.223,-7.186,-16.044,7.7708,49.060176,16.560596,42.4,2.2,rough
anonymous,1777118283859,2.587,-3.470,-10.471,1.5202,49.060176,16.560596,42.4,2.2,rough
anonymous,1777118283876,0.841,-4.549,-10.654,1.8050,49.060176,16.560596,42.4,2.2,rough
anonymous,1777118283893,-3.285,-7.231,-13.827,6.1353,49.060176,16.560596,42.4,2.2,rough
anonymous,1777118283908,-2.874,-6.898,-12.753,4.9714,49.060176,16.560596,42.4,2.2,rough
anonymous,1777118283926,-1.026,-6.134,-15.513,6.9030,49.060176,16.560596,42.4,2.2,rough
anonymous,1777118283943,7.378,-3.677,-24.625,16.1581,49.060176,16.560596,42.4,2.2,rough
anonymous,1777118283960,-3.574,-0.748,-12.168,2.8938,49.060176,16.560596,42.4,2.2,rough
anonymous,1777118283976,-4.101,-6.642,7.438,0.9724,49.060176,16.560596,42.4,2.2,rough
anonymous,1777118283992,-3.716,-10.548,-11.672,6.3551,49.060176,16.560596,42.4,2.2,rough
anonymous,1777118284009,-3.716,-10.481,-16.775,10.3160,49.060176,16.560596,42.4,2.2,rough
anonymous,1777118284026,6.561,-5.129,-4.845,0.1751,49.060176,16.560596,42.4,2.2,rough
anonymous,1777118284044,-3.898,-5.477,8.214,0.8043,49.060179,16.560449,40.5,2.1,rough
anonymous,1777118284060,-5.252,-11.581,12.077,7.7275,49.060179,16.560449,40.5,2.1,rough
anonymous,1777118284076,-2.090,-9.530,11.477,5.2534,49.060179,16.560449,40.5,2.1,rough
anonymous,1777118284093,21.443,3.338,-41.815,37.3008,49.060179,16.560449,40.5,2.1,rough
anonymous,1777118284109,4.074,-1.707,-41.480,31.9050,49.060179,16.560449,40.5,2.1,rough
anonymous,1777118284126,-8.971,-3.919,-15.478,8.5044,49.060179,16.560449,40.5,2.1,rough
anonymous,1777118284143,-6.605,-17.158,14.030,13.3171,49.060179,16.560449,40.5,2.1,rough
anonymous,1777118284159,17.902,-11.233,-3.301,11.5811,49.060179,16.560449,40.5,2.1,rough
anonymous,1777118284176,-0.882,3.741,-20.907,11.4473,49.060179,16.560449,40.5,2.1,rough
anonymous,1777118284193,-12.229,6.656,-25.976,19.6622,49.060179,16.560449,40.5,2.1,rough
anonymous,1777118284210,3.840,13.929,-5.193,5.5431,49.060179,16.560449,40.5,2.1,rough
anonymous,1777118284226,-5.761,-21.863,31.247,28.7590,49.060179,16.560449,40.5,2.1,rough
anonymous,1777118284243,-1.960,-21.212,23.454,21.8739,49.060179,16.560449,40.5,2.1,rough
anonymous,1777118284260,18.401,-13.966,-18.045,19.5036,49.060179,16.560449,40.5,2.1,rough
anonymous,1777118284276,-7.448,6.535,-25.784,17.8124,49.060179,16.560449,40.5,2.1,rough
anonymous,1777118284293,-7.383,-3.330,-18.002,9.9296,49.060179,16.560449,40.5,2.1,rough
anonymous,1777118284309,6.871,-3.528,11.780,4.2764,49.060179,16.560449,40.5,2.1,rough
anonymous,1777118284326,3.831,-14.383,12.260,9.4732,49.060179,16.560449,40.5,2.1,rough
anonymous,1777118284343,1.043,-1.278,-8.203,1.4431,49.060179,16.560449,40.5,2.1,rough
anonymous,1777118284360,-8.476,1.184,-26.246,17.7962,49.060179,16.560449,40.5,2.1,rough
anonymous,1777118284376,-0.722,-3.603,-11.709,2.4624,49.060179,16.560449,40.5,2.1,rough
anonymous,1777118284393,0.577,-12.624,1.559,2.9229,49.060179,16.560449,40.5,2.1,rough
anonymous,1777118284410,5.547,-8.228,-6.676,2.1505,49.060179,16.560449,40.5,2.1,rough
anonymous,1777118284426,-1.624,-7.170,-11.100,3.5039,49.060179,16.560449,40.5,2.1,rough
anonymous,1777118284443,-2.967,-0.977,-14.508,5.0306,49.060179,16.560449,40.5,2.1,rough
anonymous,1777118284459,-0.737,-0.473,-3.584,6.1207,49.060179,16.560449,40.5,2.1,rough
anonymous,1777118284476,0.549,-2.651,-11.005,1.5235,49.060179,16.560449,40.5,2.1,rough
anonymous,1777118284493,-1.083,-10.400,10.533,5.0318,49.060179,16.560449,40.5,2.1,rough
anonymous,1777118284510,2.073,-12.304,0.260,2.6696,49.060179,16.560449,40.5,2.1,rough
anonymous,1777118284526,1.129,-3.199,-6.590,2.3980,49.060179,16.560449,40.5,2.1,rough
anonymous,1777118284543,-0.096,-3.072,-17.551,8.0077,49.060179,16.560449,40.5,2.1,rough
anonymous,1777118284560,-1.419,-3.235,-7.022,1.9489,49.060179,16.560449,40.5,2.1,rough
anonymous,1777118284576,-0.944,-3.123,-9.234,0.0161,49.060179,16.560449,40.5,2.1,rough
anonymous,1777118284593,-2.777,-6.964,-10.855,3.3824,49.060179,16.560449,40.5,2.1,rough
anonymous,1777118284610,1.153,-4.397,-3.309,4.1877,49.060179,16.560449,40.5,2.1,rough
anonymous,1777118284626,1.958,-6.192,-11.708,3.5789,49.060179,16.560449,40.5,2.1,rough
anonymous,1777118284643,1.074,-3.154,-9.568,0.3215,49.060179,16.560449,40.5,2.1,rough
anonymous,1777118284660,0.514,-5.503,-14.702,5.8969,49.060179,16.560449,40.5,2.1,rough
anonymous,1777118284676,-3.655,-6.726,2.198,1.8462,49.060179,16.560449,40.5,2.1,rough
anonymous,1777118284693,-2.310,-5.572,-8.431,0.5563,49.060179,16.560449,40.5,2.1,rough
anonymous,1777118284710,5.230,-6.602,-0.519,1.3710,49.060179,16.560449,40.5,2.1,rough
anonymous,1777118284726,0.539,-3.340,-2.250,5.7471,49.060179,16.560449,40.5,2.1,rough
anonymous,1777118284743,-2.074,-5.064,-11.869,3.2595,49.060179,16.560449,40.5,2.1,rough
anonymous,1777118284759,-0.490,-4.757,-10.792,1.9942,49.060179,16.560449,40.5,2.1,rough
anonymous,1777118284775,-1.536,-6.282,-9.175,1.4154,49.060179,16.560449,40.5,2.1,rough
anonymous,1777118284793,-0.860,-4.658,-5.943,2.2104,49.060179,16.560449,40.5,2.1,rough
anonymous,1777118284810,4.220,-5.154,-12.708,4.5384,49.060179,16.560449,40.5,2.1,rough
anonymous,1777118284826,-0.337,-6.086,-11.188,2.9307,49.060179,16.560449,40.5,2.1,rough
anonymous,1777118284843,4.453,-3.896,-11.251,2.9021,49.060179,16.560449,40.5,2.1,rough
anonymous,1777118284860,-1.989,-5.701,-10.907,2.6566,49.060179,16.560449,40.5,2.1,rough
anonymous,1777118284876,-1.611,-8.777,-6.127,1.0142,49.060179,16.560449,40.5,2.1,rough
anonymous,1777118284893,-0.755,-12.744,-8.624,5.5959,49.060179,16.560449,40.5,2.1,rough
anonymous,1777118284910,8.734,-6.084,-4.051,1.5785,49.060179,16.560449,40.5,2.1,rough
anonymous,1777118284926,-1.701,-3.469,-2.635,5.1333,49.060179,16.560449,40.5,2.1,rough
anonymous,1777118284943,-3.551,-8.038,-5.432,0.5204,49.060179,16.560449,40.5,2.1,rough
anonymous,1777118284960,-2.778,-7.779,-7.651,1.4490,49.060179,16.560449,40.5,2.1,rough
anonymous,1777118284976,6.501,-1.381,-16.211,7.7108,49.060179,16.560449,40.5,2.1,rough
anonymous,1777118284993,6.623,-5.111,-15.787,8.0564,49.060179,16.560449,40.5,2.1,rough
anonymous,1777118285010,-3.257,-5.585,-3.095,2.6421,49.060179,16.560449,40.5,2.1,rough
anonymous,1777118285026,-2.851,-9.582,-8.552,3.3458,49.060179,16.560449,40.5,2.1,rough
anonymous,1777118285042,2.604,-4.549,-8.372,0.0675,49.060179,16.560449,40.5,2.1,rough
anonymous,1777118285060,2.741,-6.686,-10.621,3.0356,49.060168,16.560290,41.7,2.1,rough
anonymous,1777118285076,-0.613,-5.645,-13.277,4.6305,49.060168,16.560290,41.7,2.1,rough
anonymous,1777118285093,-2.554,-4.614,-13.763,4.9291,49.060168,16.560290,41.7,2.1,rough
anonymous,1777118285109,-3.549,-7.134,-4.109,0.8448,49.060168,16.560290,41.7,2.1,rough
anonymous,1777118285126,7.397,-5.716,-5.285,0.9291,49.060168,16.560290,41.7,2.1,rough
anonymous,1777118285143,1.450,-3.204,-4.786,3.8702,49.060168,16.560290,41.7,2.1,rough
anonymous,1777118285159,-0.160,-5.105,-11.498,2.7708,49.060168,16.560290,41.7,2.1,rough
anonymous,1777118285176,1.153,-3.968,-9.272,0.3410,49.060168,16.560290,41.7,2.1,rough
anonymous,1777118285193,-1.275,-4.709,-6.167,1.9470,49.060168,16.560290,41.7,2.1,rough
anonymous,1777118285210,0.122,-5.975,-8.520,0.5971,49.060168,16.560290,41.7,2.1,rough
anonymous,1777118285226,2.749,-6.956,-12.829,5.0395,49.060168,16.560290,41.7,2.1,rough
anonymous,1777118285243,0.500,-4.389,-8.490,0.2395,49.060168,16.560290,41.7,2.1,rough
anonymous,1777118285258,-1.491,-5.095,-4.995,2.5206,49.060168,16.560290,41.7,2.1,rough
anonymous,1777118285276,-1.374,-5.490,-0.453,4.1329,49.060168,16.560290,41.7,2.1,rough
anonymous,1777118285293,-2.031,-6.190,-12.477,4.2653,49.060168,16.560290,41.7,2.1,rough
anonymous,1777118285309,4.624,-1.928,-13.586,4.6703,49.060168,16.560290,41.7,2.1,rough
anonymous,1777118285326,1.596,-1.538,-10.213,0.6404,49.060168,16.560290,41.7,2.1,rough
anonymous,1777118285343,-2.193,-6.665,-1.992,2.5163,49.060168,16.560290,41.7,2.1,rough
anonymous,1777118285360,-3.452,-9.869,-5.133,1.8372,49.060168,16.560290,41.7,2.1,rough
anonymous,1777118285376,4.752,-7.810,-9.250,3.1955,49.060168,16.560290,41.7,2.1,rough
anonymous,1777118285393,0.451,-2.202,-3.817,5.3804,49.060168,16.560290,41.7,2.1,rough
anonymous,1777118285410,-4.085,-5.564,-14.271,6.0428,49.060168,16.560290,41.7,2.1,rough
anonymous,1777118285426,-4.186,-6.016,5.818,0.4523,49.060168,16.560290,41.7,2.1,rough
anonymous,1777118285443,-2.709,-6.283,-8.724,1.2769,49.060168,16.560290,41.7,2.1,rough
anonymous,1777118285460,7.094,-6.281,-12.861,6.1646,49.060168,16.560290,41.7,2.1,rough
anonymous,1777118285476,6.010,-4.229,-3.430,1.7008,49.060168,16.560290,41.7,2.1,rough
anonymous,1777118285493,-2.528,-5.287,-7.356,0.4049,49.060168,16.560290,41.7,2.1,rough
anonymous,1777118285510,-1.982,-3.598,-17.993,8.6458,49.060168,16.560290,41.7,2.1,rough
anonymous,1777118285526,-3.267,-5.848,-9.036,1.4378,49.060168,16.560290,41.7,2.1,rough
anonymous,1777118285543,-1.058,-3.507,-6.128,2.6708,49.060168,16.560290,41.7,2.1,rough
anonymous,1777118285560,1.279,-7.475,-5.453,0.4699,49.060168,16.560290,41.7,2.1,rough
anonymous,1777118285575,1.361,-8.647,-4.708,0.1296,49.060168,16.560290,41.7,2.1,rough
anonymous,1777118285593,0.046,-4.642,-5.886,2.3138,49.060168,16.560290,41.7,2.1,rough
anonymous,1777118285610,1.019,-3.414,-5.568,3.1998,49.060168,16.560290,41.7,2.1,rough
anonymous,1777118285626,-2.369,-3.412,-8.599,0.2602,49.060168,16.560290,41.7,2.1,rough
anonymous,1777118285642,-2.835,-7.993,-18.156,10.2294,49.060168,16.560290,41.7,2.1,rough
anonymous,1777118285660,0.449,-3.432,-4.816,3.8793,49.060168,16.560290,41.7,2.1,rough
anonymous,1777118285676,-0.187,-5.452,-1.164,4.2323,49.060168,16.560290,41.7,2.1,rough
anonymous,1777118285693,1.260,-6.957,-7.116,0.2211,49.060168,16.560290,41.7,2.1,rough
anonymous,1777118285710,-1.160,-6.190,-12.968,4.6064,49.060168,16.560290,41.7,2.1,rough
anonymous,1777118285726,-1.151,-4.219,-19.547,10.2202,49.060168,16.560290,41.7,2.1,rough
anonymous,1777118285743,-2.957,0.952,3.644,5.0210,49.060168,16.560290,41.7,2.1,rough
anonymous,1777118285760,0.417,-7.785,-11.658,4.2150,49.060168,16.560290,41.7,2.1,rough
anonymous,1777118285776,-3.038,-11.139,-5.471,2.9664,49.060168,16.560290,41.7,2.1,rough
anonymous,1777118285793,6.932,-2.948,-9.782,2.5361,49.060168,16.560290,41.7,2.1,rough
anonymous,1777118285809,2.739,-2.823,-3.168,4.7599,49.060168,16.560290,41.7,2.1,rough
anonymous,1777118285828,-2.687,-7.985,-11.287,4.2745,49.060168,16.560290,41.7,2.1,rough
anonymous,1777118285843,-8.115,-9.733,-15.446,10.1691,49.060168,16.560290,41.7,2.1,rough
anonymous,1777118285860,-2.635,-5.524,-10.567,2.4018,49.060168,16.560290,41.7,2.1,rough
anonymous,1777118285876,9.327,0.143,4.319,0.4692,49.060168,16.560290,41.7,2.1,rough
anonymous,1777118285893,-5.156,-6.128,-6.033,0.2160,49.060168,16.560290,41.7,2.1,rough
anonymous,1777118285909,-4.182,-9.371,-2.727,0.8078,49.060168,16.560290,41.7,2.1,rough
anonymous,1777118285926,-3.584,-4.546,-15.388,6.6305,49.060168,16.560290,41.7,2.1,rough
anonymous,1777118285943,1.684,-0.913,-2.685,6.5113,49.060168,16.560290,41.7,2.1,rough
anonymous,1777118285960,2.095,-3.068,0.547,6.0549,49.060168,16.560290,41.7,2.1,rough
anonymous,1777118285976,-1.779,-6.607,-10.795,2.9709,49.060168,16.560290,41.7,2.1,rough
anonymous,1777118285993,-0.329,-5.531,-14.812,6.0048,49.060168,16.560290,41.7,2.1,rough
anonymous,1777118286010,0.907,-2.839,-7.612,1.6357,49.060168,16.560290,41.7,2.1,rough
anonymous,1777118286025,-0.930,-4.265,-4.016,3.8784,49.060168,16.560290,41.7,2.1,rough
anonymous,1777118286046,0.585,-9.204,-15.761,8.4515,49.060163,16.560126,42.6,2.0,rough
anonymous,1777118286060,-3.200,-9.414,2.325,0.4008,49.060163,16.560126,42.6,2.0,rough
anonymous,1777118286076,7.502,0.201,-15.379,7.3024,49.060163,16.560126,42.6,2.0,rough
anonymous,1777118286093,-3.761,-2.519,-21.594,12.2538,49.060163,16.560126,42.6,2.0,rough
anonymous,1777118286109,-4.328,-6.219,0.820,2.1890,49.060163,16.560126,42.6,2.0,rough
anonymous,1777118286126,-2.138,-7.336,-11.797,4.2458,49.060163,16.560126,42.6,2.0,rough
anonymous,1777118286143,5.657,-5.044,-21.749,13.2217,49.060163,16.560126,42.6,2.0,rough
anonymous,1777118286160,4.129,-4.829,-10.002,2.0396,49.060163,16.560126,42.6,2.0,rough
anonymous,1777118286176,-2.547,-4.658,-6.521,1.4010,49.060163,16.560126,42.6,2.0,rough
anonymous,1777118286193,-2.348,-4.756,-1.454,4.3100,49.060163,16.560126,42.6,2.0,rough
anonymous,1777118286210,-4.484,-7.910,-28.615,20.2147,49.060163,16.560126,42.6,2.0,rough
anonymous,1777118286226,-0.573,-4.493,-5.622,2.5905,49.060163,16.560126,42.6,2.0,rough
anonymous,1777118286243,6.203,-4.299,-11.257,3.7429,49.060163,16.560126,42.6,2.0,rough
anonymous,1777118286260,-1.003,-7.070,-3.680,1.7765,49.060163,16.560126,42.6,2.0,rough
anonymous,1777118286276,-2.584,-10.361,-6.510,2.6964,49.060163,16.560126,42.6,2.0,rough
anonymous,1777118286293,-1.467,-2.003,-2.528,6.2666,49.060163,16.560126,42.6,2.0,rough
anonymous,1777118286309,1.087,-2.226,-23.036,13.3592,49.060163,16.560126,42.6,2.0,rough
anonymous,1777118286326,-2.438,-2.927,-1.768,5.6100,49.060163,16.560126,42.6,2.0,rough
anonymous,1777118286343,-0.650,-10.464,-21.026,13.6847,49.060163,16.560126,42.6,2.0,rough
anonymous,1777118286360,1.986,-3.047,-5.953,2.8340,49.060163,16.560126,42.6,2.0,rough
anonymous,1777118286376,2.298,-8.504,-7.448,1.7253,49.060163,16.560126,42.6,2.0,rough
anonymous,1777118286393,-2.623,-4.427,-0.192,4.6606,49.060163,16.560126,42.6,2.0,rough
anonymous,1777118286409,-3.793,-2.548,-25.624,16.2187,49.060163,16.560126,42.6,2.0,rough
anonymous,1777118286426,-2.909,-4.668,-2.334,3.8350,49.060163,16.560126,42.6,2.0,rough
anonymous,1777118286443,-0.984,-6.248,-4.444,2.0800,49.060163,16.560126,42.6,2.0,rough
anonymous,1777118286459,3.117,-8.055,-1.101,1.1028,49.060163,16.560126,42.6,2.0,rough
anonymous,1777118286476,-0.841,-2.984,-9.808,0.4765,49.060163,16.560126,42.6,2.0,rough
anonymous,1777118286493,-0.468,-2.090,-17.479,7.7994,49.060163,16.560126,42.6,2.0,rough
anonymous,1777118286510,-2.612,-2.561,-9.912,0.7557,49.060163,16.560126,42.6,2.0,rough
anonymous,1777118286526,-1.712,-3.255,-3.630,4.6426,49.060163,16.560126,42.6,2.0,rough
anonymous,1777118286543,-1.478,-8.088,-11.907,4.6604,49.060163,16.560126,42.6,2.0,rough
anonymous,1777118286563,5.550,-5.606,-6.270,0.2667,49.060163,16.560126,42.6,2.0,rough
anonymous,1777118286576,-1.035,-3.061,-8.950,0.2942,49.060163,16.560126,42.6,2.0,rough
anonymous,1777118286593,-0.283,-3.692,-6.513,2.3179,49.060163,16.560126,42.6,2.0,rough
anonymous,1777118286610,-2.525,-2.496,-13.685,4.3278,49.060163,16.560126,42.6,2.0,rough
anonymous,1777118286626,-5.959,-7.003,-12.908,6.0381,49.060163,16.560126,42.6,2.0,rough
anonymous,1777118286643,-1.247,-6.683,-15.561,7.1709,49.060163,16.560126,42.6,2.0,rough
anonymous,1777118286660,3.818,-5.556,-7.749,0.4613,49.060163,16.560126,42.6,2.0,rough
anonymous,1777118286676,1.150,-2.103,-3.437,5.6198,49.060163,16.560126,42.6,2.0,rough
anonymous,1777118286693,1.079,-5.406,-13.133,4.4330,49.060163,16.560126,42.6,2.0,rough
anonymous,1777118286710,-1.143,-4.160,-12.740,3.6403,49.060163,16.560126,42.6,2.0,rough
anonymous,1777118286726,-4.055,-5.792,-9.623,2.1313,49.060163,16.560126,42.6,2.0,rough
anonymous,1777118286743,-2.267,-3.766,-3.849,3.9669,49.060163,16.560126,42.6,2.0,rough
anonymous,1777118286760,-1.566,-12.022,-9.476,5.5771,49.060163,16.560126,42.6,2.0,rough
anonymous,1777118286776,10.353,-4.295,-13.860,8.0150,49.060163,16.560126,42.6,2.0,rough
anonymous,1777118286793,11.198,4.584,-15.759,10.0584,49.060163,16.560126,42.6,2.0,rough
anonymous,1777118286810,-6.333,-2.724,-7.204,0.1610,49.060163,16.560126,42.6,2.0,rough
anonymous,1777118286826,-2.854,-3.876,-2.132,4.5458,49.060163,16.560126,42.6,2.0,rough
anonymous,1777118286843,-3.460,-13.072,-14.234,9.8227,49.060163,16.560126,42.6,2.0,rough
anonymous,1777118286859,10.792,-4.945,-8.630,4.8660,49.060163,16.560126,42.6,2.0,rough
anonymous,1777118286876,1.538,-7.088,-9.024,1.7671,49.060163,16.560126,42.6,2.0,rough
anonymous,1777118286893,-1.195,-5.579,-14.030,5.3362,49.060163,16.560126,42.6,2.0,rough
anonymous,1777118286910,-2.191,-1.273,-5.500,3.7543,49.060163,16.560126,42.6,2.0,rough
anonymous,1777118286926,-2.754,-4.948,-11.460,2.9725,49.060163,16.560126,42.6,2.0,rough
anonymous,1777118286943,-0.666,0.648,0.556,8.7271,49.060163,16.560126,42.6,2.0,rough
anonymous,1777118286960,3.169,-3.399,-18.778,9.5344,49.060163,16.560126,42.6,2.0,rough
anonymous,1777118286976,0.257,-0.162,-0.598,9.1391,49.060163,16.560126,42.6,2.0,rough
anonymous,1777118286993,-2.675,-6.303,-7.221,0.1411,49.060163,16.560126,42.6,2.0,rough
anonymous,1777118287010,1.765,-4.913,-10.214,1.6609,49.060163,16.560126,42.6,2.0,rough
anonymous,1777118287026,2.294,-10.482,-10.443,5.1631,49.060163,16.560126,42.6,2.0,rough
anonymous,1777118287044,3.318,-0.410,-0.324,6.4511,49.060163,16.560126,42.6,2.0,rough
anonymous,1777118287060,0.483,-0.133,-15.132,5.3298,49.060147,16.559948,44.8,2.0,rough
anonymous,1777118287076,-6.640,-0.732,4.875,1.5398,49.060147,16.559948,44.8,2.0,rough
anonymous,1777118287093,-3.297,-6.408,-6.558,0.0658,49.060147,16.559948,44.8,2.0,rough
anonymous,1777118287110,0.520,-7.763,1.390,1.9060,49.060147,16.559948,44.8,2.0,rough
anonymous,1777118287126,9.013,0.054,3.024,0.3032,49.060147,16.559948,44.8,2.0,rough
anonymous,1777118287143,-1.673,-3.957,-23.997,14.5686,49.060147,16.559948,44.8,2.0,rough
anonymous,1777118287160,-4.859,-0.185,-14.881,5.8457,49.060147,16.559948,44.8,2.0,rough
anonymous,1777118287178,0.491,-0.331,-12.600,2.8038,49.060147,16.559948,44.8,2.0,rough
anonymous,1777118287193,-0.040,-4.544,2.402,4.6699,49.060147,16.559948,44.8,2.0,rough
anonymous,1777118287210,2.407,-6.939,-11.145,3.5373,49.060147,16.559948,44.8,2.0,rough
anonymous,1777118287226,1.028,-6.065,-4.191,2.3665,49.060147,16.559948,44.8,2.0,rough
anonymous,1777118287243,3.521,2.878,-26.601,17.1773,49.060147,16.559948,44.8,2.0,rough
anonymous,1777118287259,-6.252,-1.063,-4.936,1.7741,49.060147,16.559948,44.8,2.0,rough
anonymous,1777118287276,-4.546,-2.519,-12.696,3.9091,49.060147,16.559948,44.8,2.0,rough
anonymous,1777118287292,0.335,-13.429,-6.413,5.0757,49.060147,16.559948,44.8,2.0,rough
anonymous,1777118287310,7.718,-7.144,-11.693,5.9170,49.060147,16.559948,44.8,2.0,rough
anonymous,1777118287326,1.494,-5.068,-10.015,1.5133,49.060147,16.559948,44.8,2.0,rough
anonymous,1777118287343,-5.513,0.590,-17.823,8.8556,49.060147,16.559948,44.8,2.0,rough
anonymous,1777118287360,2.520,-1.589,-9.329,0.0169,49.060147,16.559948,44.8,2.0,rough
anonymous,1777118287376,1.386,-6.819,-16.605,8.1937,49.060147,16.559948,44.8,2.0,rough
anonymous,1777118287393,-1.742,-4.595,-7.446,0.8887,49.060147,16.559948,44.8,2.0,rough
anonymous,1777118287409,3.123,-4.014,-4.967,2.7009,49.060147,16.559948,44.8,2.0,rough
anonymous,1777118287426,-0.740,1.533,4.582,4.9216,49.060147,16.559948,44.8,2.0,rough
anonymous,1777118287443,-5.059,-4.219,-21.568,12.7420,49.060147,16.559948,44.8,2.0,rough
anonymous,1777118287460,-1.524,-4.197,-5.058,3.0630,49.060147,16.559948,44.8,2.0,rough
anonymous,1777118287476,1.582,-2.141,-5.250,3.9237,49.060147,16.559948,44.8,2.0,rough
anonymous,1777118287493,1.885,-6.205,-11.205,3.1369,49.060147,16.559948,44.8,2.0,rough
anonymous,1777118287509,-1.510,-1.547,-0.022,7.6476,49.060147,16.559948,44.8,2.0,rough
anonymous,1777118287526,-4.607,-10.525,-16.404,10.2174,49.060147,16.559948,44.8,2.0,rough
anonymous,1777118287543,-1.518,-1.845,-9.663,0.1443,49.060147,16.559948,44.8,2.0,rough
anonymous,1777118287560,-1.585,-6.608,-22.234,13.4392,49.060147,16.559948,44.8,2.0,rough
anonymous,1777118287576,0.473,-3.188,-1.723,6.1558,49.060147,16.559948,44.8,2.0,rough
anonymous,1777118287593,5.577,0.152,-13.428,4.7311,49.060147,16.559948,44.8,2.0,rough
anonymous,1777118287610,-0.920,-1.956,-8.926,0.6255,49.060147,16.559948,44.8,2.0,rough
anonymous,1777118287626,-3.302,1.790,-35.065,25.4557,49.060147,16.559948,44.8,2.0,rough
anonymous,1777118287643,2.465,-1.816,-21.888,12.2915,49.060147,16.559948,44.8,2.0,rough
anonymous,1777118287660,-7.106,-10.173,15.893,10.3536,49.060147,16.559948,44.8,2.0,rough
anonymous,1777118287676,-4.661,-26.909,18.659,23.2655,49.060147,16.559948,44.8,2.0,rough
anonymous,1777118287693,9.343,0.533,-0.636,0.4306,49.060147,16.559948,44.8,2.0,rough
anonymous,1777118287710,10.121,15.347,-28.233,23.8810,49.060147,16.559948,44.8,2.0,rough
anonymous,1777118287726,-12.950,11.202,-34.805,28.9786,49.060147,16.559948,44.8,2.0,rough
anonymous,1777118287743,1.786,-5.702,-8.429,0.5218,49.060147,16.559948,44.8,2.0,rough
anonymous,1777118287760,-9.087,-26.247,2.320,18.0628,49.060147,16.559948,44.8,2.0,rough
anonymous,1777118287777,10.494,-21.074,-9.971,15.7568,49.060147,16.559948,44.8,2.0,rough
anonymous,1777118287793,6.000,11.751,-28.843,21.9076,49.060147,16.559948,44.8,2.0,rough
anonymous,1777118287809,-10.810,26.050,-31.938,32.7985,49.060147,16.559948,44.8,2.0,rough
anonymous,1777118287826,7.425,16.522,2.076,8.4228,49.060147,16.559948,44.8,2.0,rough
anonymous,1777118287844,-8.682,-23.157,13.140,18.1951,49.060147,16.559948,44.8,2.0,rough
anonymous,1777118287860,-18.918,-22.328,-4.562,19.8081,49.060147,16.559948,44.8,2.0,rough
anonymous,1777118287876,8.692,-11.211,-17.851,12.9915,49.060147,16.559948,44.8,2.0,rough
anonymous,1777118287893,1.710,1.787,-12.601,3.0315,49.060147,16.559948,44.8,2.0,rough
anonymous,1777118287909,-2.360,-1.933,1.112,6.5629,49.060147,16.559948,44.8,2.0,rough
anonymous,1777118287926,0.095,0.581,1.954,7.7695,49.060147,16.559948,44.8,2.0,rough
anonymous,1777118287944,-3.595,0.066,-51.372,41.6879,49.060147,16.559948,44.8,2.0,rough
anonymous,1777118287960,5.034,-3.784,-26.122,17.0603,49.060147,16.559948,44.8,2.0,rough
anonymous,1777118287976,-2.773,-6.711,16.080,7.8337,49.060147,16.559948,44.8,2.0,rough
anonymous,1777118287992,-7.652,-16.893,-14.622,13.8064,49.060147,16.559948,44.8,2.0,rough
anonymous,1777118288010,3.000,-16.952,-14.982,13.0115,49.060147,16.559948,44.8,2.0,rough
anonymous,1777118288026,7.030,5.827,-4.956,0.5794,49.060147,16.559948,44.8,2.0,rough
anonymous,1777118288043,0.433,10.675,-1.957,1.0519,49.060147,16.559948,44.8,2.0,rough
anonymous,1777118288060,-9.805,13.649,-41.453,34.9201,49.060114,16.559775,46.0,2.0,rough
anonymous,1777118288076,8.534,-5.695,-5.073,1.6358,49.060114,16.559775,46.0,2.0,rough
anonymous,1777118288094,-8.275,-16.316,5.561,9.3114,49.060114,16.559775,46.0,2.0,rough
anonymous,1777118288110,-6.203,-15.754,6.227,8.2299,49.060114,16.559775,46.0,2.0,rough
anonymous,1777118288126,7.137,-5.608,-9.460,3.3005,49.060114,16.559775,46.0,2.0,rough
anonymous,1777118288142,-1.697,-4.949,-26.912,17.6057,49.060114,16.559775,46.0,2.0,rough
anonymous,1777118288160,1.822,8.353,-8.273,2.0868,49.060114,16.559775,46.0,2.0,rough
anonymous,1777118767389,2.174,-5.246,-8.566,0.4679,49.060114,16.559775,46.0,2.0,rough
anonymous,1777118767406,1.265,-5.936,-7.657,0.0392,49.060114,16.559775,46.0,2.0,rough
anonymous,1777118767422,-0.650,-5.646,-8.367,0.3044,49.060114,16.559775,46.0,2.0,rough
anonymous,1777118767439,0.260,-5.656,-8.101,0.0732,49.060114,16.559775,46.0,2.0,rough
anonymous,1777118767456,1.717,-5.537,-8.053,0.1120,49.080922,16.486039,0.3,2.0,rough
anonymous,1777118767472,-0.319,-5.535,-8.062,0.0258,49.080922,16.486039,0.3,2.0,rough
anonymous,1777118767489,1.416,-5.618,-8.092,0.1419,49.080922,16.486039,0.3,2.0,rough
anonymous,1777118767506,1.518,-5.513,-8.155,0.1498,49.080922,16.486039,0.3,2.0,rough
anonymous,1777118767522,-0.069,-5.932,-7.730,0.0660,49.080922,16.486039,0.3,2.0,rough
anonymous,1777118767539,0.494,-5.828,-8.060,0.1486,49.080922,16.486039,0.3,2.0,rough
anonymous,1777118767556,1.177,-5.279,-8.403,0.1838,49.080922,16.486039,0.3,2.0,rough
anonymous,1777118767572,0.817,-5.464,-8.297,0.1580,49.080922,16.486039,0.3,2.0,rough
anonymous,1777118767589,0.445,-5.811,-8.104,0.1715,49.080922,16.486039,0.3,2.0,rough
anonymous,1777118767606,2.728,-5.468,-7.688,0.0109,49.080922,16.486039,0.3,2.0,rough
anonymous,1777118767622,0.796,-5.837,-7.898,0.0431,49.080922,16.486039,0.3,2.0,rough
anonymous,1777118767639,-0.250,-5.744,-8.208,0.2113,49.080922,16.486039,0.3,2.0,rough
anonymous,1777118767656,2.114,-5.506,-7.911,0.0580,49.080922,16.486039,0.3,2.0,rough
anonymous,1777118767672,1.793,-5.590,-7.708,0.1209,49.080922,16.486039,0.3,2.0,rough
anonymous,1777118767689,0.212,-5.884,-8.247,0.3233,49.080922,16.486039,0.3,2.0,rough
anonymous,1777118767706,1.666,-5.433,-8.102,0.0866,49.080922,16.486039,0.3,2.0,rough
anonymous,1777118767722,0.803,-5.570,-8.124,0.0727,49.080922,16.486039,0.3,2.0,rough
anonymous,1777118767738,0.278,-5.633,-8.069,0.0349,49.080922,16.486039,0.3,2.0,rough
anonymous,1777118767756,0.985,-5.796,-7.845,0.0069,49.080922,16.486039,0.3,2.0,rough
anonymous,1777118767772,1.609,-5.603,-7.896,0.0052,49.080922,16.486039,0.3,2.0,rough
anonymous,1777118767789,-1.040,-5.900,-7.691,0.0611,49.080922,16.486039,0.3,2.0,rough
anonymous,1777118767806,2.622,-5.412,-7.911,0.1272,49.080922,16.486039,0.3,2.0,rough
anonymous,1777118767822,1.567,-6.084,-7.361,0.1331,49.080922,16.486039,0.3,2.0,rough
anonymous,1777118767839,-1.737,-5.747,-8.105,0.2767,49.080922,16.486039,0.3,2.0,rough
anonymous,1777118767856,1.401,-5.330,-8.358,0.2014,49.080922,16.486039,0.3,2.0,rough
anonymous,1777118767872,1.846,-5.839,-7.442,0.1719,49.080922,16.486039,0.3,2.0,rough
anonymous,1777118767889,-0.589,-5.631,-8.226,0.1765,49.080922,16.486039,0.3,2.0,rough
anonymous,1777118767905,0.685,-5.520,-8.436,0.2949,49.080922,16.486039,0.3,2.0,rough
anonymous,1777118767922,1.469,-5.955,-7.274,0.2954,49.080922,16.486039,0.3,2.0,rough
anonymous,1777118767939,-0.871,-5.240,-8.668,0.3563,49.080922,16.486039,0.3,2.0,rough
anonymous,1777118767956,-0.555,-5.721,-8.378,0.3503,49.080922,16.486039,0.3,2.0,rough
anonymous,1777118767973,1.445,-5.922,-7.701,0.0109,49.080922,16.486039,0.3,2.0,rough
anonymous,1777118767990,-0.227,-5.457,-8.112,0.0306,49.080922,16.486039,0.3,2.0,rough
anonymous,1777118768006,-0.967,-5.807,-8.225,0.3045,49.080922,16.486039,0.3,2.0,rough
anonymous,1777118768022,3.466,-5.582,-7.561,0.2072,49.080922,16.486039,0.3,2.0,rough
anonymous,1777118768039,-0.843,-5.652,-8.392,0.3424,49.080922,16.486039,0.3,2.0,rough
anonymous,1777118768057,-1.373,-5.744,-8.314,0.3884,49.080921,16.486044,0.2,2.0,rough
anonymous,1777118768072,1.519,-5.537,-8.214,0.2119,49.080921,16.486044,0.2,2.0,rough
anonymous,1777118768089,0.778,-5.657,-7.943,0.0273,49.080921,16.486044,0.2,2.0,rough
anonymous,1777118768106,-0.578,-5.898,-8.020,0.1624,49.080921,16.486044,0.2,2.0,rough
anonymous,1777118768122,2.563,-5.431,-7.839,0.0646,49.080921,16.486044,0.2,2.0,rough
anonymous,1777118768139,0.394,-5.499,-8.397,0.2354,49.080921,16.486044,0.2,2.0,rough
anonymous,1777118768156,-0.952,-5.654,-8.743,0.6452,49.080921,16.486044,0.2,2.0,rough
anonymous,1777118768172,0.999,-5.500,-8.178,0.0957,49.080921,16.486044,0.2,2.0,rough
anonymous,1777118768197,1.625,-5.894,-7.486,0.1440,49.080921,16.486044,0.2,2.0,rough
anonymous,1777118768206,-0.231,-5.727,-8.302,0.2785,49.080921,16.486044,0.2,2.0,rough
anonymous,1777118768222,2.168,-5.151,-8.483,0.3490,49.080921,16.486044,0.2,2.0,rough
anonymous,1777118768239,1.315,-5.943,-7.524,0.1320,49.080921,16.486044,0.2,2.0,rough
anonymous,1777118768255,-0.628,-5.532,-8.899,0.6870,49.080921,16.486044,0.2,2.0,rough
anonymous,1777118768272,-0.141,-5.435,-8.305,0.1161,49.080921,16.486044,0.2,2.0,rough
anonymous,1777118768289,2.396,-6.131,-6.968,0.2249,49.080921,16.486044,0.2,2.0,rough
anonymous,1777118768306,0.413,-5.759,-7.906,0.0204,49.080921,16.486044,0.2,2.0,rough
anonymous,1777118768322,0.979,-5.046,-8.691,0.2874,49.080921,16.486044,0.2,2.0,rough
anonymous,1777118768339,1.382,-6.224,-6.855,0.4487,49.080921,16.486044,0.2,2.0,rough
anonymous,1777118768355,-0.076,-5.543,-8.643,0.4585,49.080921,16.486044,0.2,2.0,rough
anonymous,1777118768372,-0.652,-5.755,-8.071,0.1244,49.080921,16.486044,0.2,2.0,rough
anonymous,1777118768389,1.733,-6.135,-7.108,0.2619,49.080921,16.486044,0.2,2.0,rough
anonymous,1777118768406,1.242,-5.743,-7.851,0.0034,49.080921,16.486044,0.2,2.0,rough
anonymous,1777118768422,-0.315,-5.369,-8.201,0.0029,49.080921,16.486044,0.2,2.0,rough
anonymous,1777118768439,2.075,-6.324,-6.793,0.3003,49.080921,16.486044,0.2,2.0,rough
anonymous,1777118768456,0.916,-5.930,-7.742,0.0149,49.080921,16.486044,0.2,2.0,rough
anonymous,1777118768472,-2.140,-5.614,-8.079,0.2584,49.080921,16.486044,0.2,2.0,rough
anonymous,1777118768489,0.777,-5.358,-8.365,0.1538,49.080921,16.486044,0.2,2.0,rough
anonymous,1777118768506,1.854,-6.232,-6.750,0.4374,49.080921,16.486044,0.2,2.0,rough
anonymous,1777118768522,-0.941,-5.409,-8.506,0.3140,49.080921,16.486044,0.2,2.0,rough
anonymous,1777118768539,1.900,-5.226,-8.380,0.2469,49.080921,16.486044,0.2,2.0,rough
anonymous,1777118768556,1.437,-5.925,-7.438,0.1927,49.080921,16.486044,0.2,2.0,rough
anonymous,1777118768572,-1.069,-5.617,-8.282,0.2536,49.080921,16.486044,0.2,2.0,rough
anonymous,1777118768589,0.725,-5.676,-8.158,0.1545,49.080921,16.486044,0.2,2.0,rough
anonymous,1777118768606,1.698,-5.791,-7.614,0.0941,49.080921,16.486044,0.2,2.0,rough
anonymous,1777118768622,-1.389,-5.861,-7.977,0.1854,49.080921,16.486044,0.2,2.0,rough
anonymous,1777118768639,1.727,-5.205,-8.679,0.4565,49.080921,16.486044,0.2,2.0,rough
anonymous,1777118768656,1.428,-6.159,-7.027,0.3571,49.080921,16.486044,0.2,2.0,rough
anonymous,1777118768672,-1.902,-5.894,-8.272,0.5233,49.080921,16.486044,0.2,2.0,rough
anonymous,1777118768689,-0.311,-5.609,-7.937,0.0861,49.080921,16.486044,0.2,2.0,rough
anonymous,1777118768706,1.716,-6.143,-7.065,0.2921,49.080921,16.486044,0.2,2.0,rough
anonymous,1777118768722,-0.720,-5.826,-8.289,0.3470,49.080921,16.486044,0.2,2.0,rough
anonymous,1777118768739,0.140,-5.418,-8.283,0.0884,49.080921,16.486044,0.2,2.0,rough
anonymous,1777118768756,1.622,-6.026,-7.242,0.2502,49.080921,16.486044,0.2,2.0,rough
anonymous,1777118768772,-0.794,-5.917,-8.133,0.2784,49.080921,16.486044,0.2,2.0,rough
anonymous,1777118768789,-1.293,-5.788,-7.687,0.1013,49.080921,16.486044,0.2,2.0,rough
anonymous,1777118768806,1.278,-5.959,-7.621,0.0518,49.080921,16.486044,0.2,2.0,rough
anonymous,1777118768822,-0.264,-5.902,-8.165,0.2682,49.080921,16.486044,0.2,2.0,rough
anonymous,1777118768839,-1.045,-5.779,-7.559,0.2380,49.080921,16.486044,0.2,2.0,rough
anonymous,1777118768856,2.872,-5.705,-7.760,0.2405,49.080921,16.486044,0.2,2.0,rough
anonymous,1777118768872,-0.671,-5.825,-8.704,0.6850,49.080921,16.486044,0.2,2.0,rough
anonymous,1777118768889,-1.980,-5.686,-7.765,0.0155,49.080921,16.486044,0.2,2.0,rough
anonymous,1777118768905,1.589,-5.513,-8.576,0.5089,49.080921,16.486044,0.2,2.0,rough
anonymous,1777118768922,0.339,-5.959,-7.678,0.0849,49.080921,16.486044,0.2,2.0,rough
anonymous,1777118768939,-0.474,-5.721,-8.044,0.0726,49.080921,16.486044,0.2,2.0,rough
anonymous,1777118768956,2.281,-5.562,-8.007,0.2027,49.080921,16.486044,0.2,2.0,rough
anonymous,1777118768972,-0.212,-5.531,-8.686,0.4892,49.080921,16.486044,0.2,2.0,rough
anonymous,1777118768989,-1.332,-5.685,-8.011,0.1034,49.080921,16.486044,0.2,2.0,rough
anonymous,1777118769006,1.440,-5.605,-8.341,0.3417,49.080921,16.486044,0.2,2.0,rough
anonymous,1777118769022,1.541,-6.134,-7.047,0.3409,49.080921,16.486044,0.2,2.0,rough
anonymous,1777118769038,-1.002,-6.025,-7.851,0.1376,49.080921,16.486044,0.2,2.0,rough
anonymous,1777118769056,3.231,-5.080,-8.877,0.9162,49.080921,16.486044,0.2,2.0,rough
anonymous,1777118769071,1.689,-6.335,-6.737,0.4090,49.080922,16.486039,0.9,2.0,rough
anonymous,1777118769089,-1.070,-5.869,-8.315,0.4234,49.080922,16.486039,0.9,2.0,rough
anonymous,1777118769106,0.954,-4.949,-8.871,0.3925,49.080922,16.486039,0.9,2.0,rough
anonymous,1777118769122,2.701,-6.072,-7.638,0.3145,49.080922,16.486039,0.9,2.0,rough
anonymous,1777118769139,0.098,-5.760,-8.320,0.3093,49.080922,16.486039,0.9,2.0,rough
anonymous,1777118769156,1.863,-5.040,-8.757,0.4645,49.080922,16.486039,0.9,2.0,rough
anonymous,1777118769172,2.374,-5.676,-7.761,0.0939,49.080922,16.486039,0.9,2.0,rough
anonymous,1777118769189,-0.206,-5.571,-8.670,0.4974,49.080922,16.486039,0.9,2.0,rough
anonymous,1777118769206,0.226,-5.409,-8.377,0.1642,49.080922,16.486039,0.9,2.0,rough
anonymous,1777118769222,1.256,-5.611,-8.282,0.2719,49.080922,16.486039,0.9,2.0,rough
anonymous,1777118769239,0.432,-5.650,-7.980,0.0228,49.080922,16.486039,0.9,2.0,rough
anonymous,1777118769256,0.656,-5.276,-8.377,0.1123,49.080922,16.486039,0.9,2.0,rough
anonymous,1777118769274,2.304,-5.111,-8.896,0.7052,49.080922,16.486039,0.9,2.0,rough
anonymous,1777118769289,0.546,-5.975,-7.556,0.1622,49.080922,16.486039,0.9,2.0,rough
anonymous,1777118769306,-1.498,-5.455,-7.924,0.0737,49.080922,16.486039,0.9,2.0,rough
anonymous,1777118769322,-0.402,-5.288,-8.280,0.0229,49.080922,16.486039,0.9,2.0,rough
anonymous,1777118769339,2.079,-5.659,-8.141,0.3201,49.080922,16.486039,0.9,2.0,rough
anonymous,1777118769355,-0.643,-5.540,-8.053,0.0140,49.080922,16.486039,0.9,2.0,rough
anonymous,1777118769372,1.122,-5.226,-8.239,0.0109,49.080922,16.486039,0.9,2.0,rough
anonymous,1777118769389,1.174,-5.908,-7.669,0.0582,49.080922,16.486039,0.9,2.0,rough
anonymous,1777118769406,-1.087,-5.304,-8.311,0.1091,49.080922,16.486039,0.9,2.0,rough
anonymous,1777118769422,-0.114,-5.338,-8.472,0.2046,49.080922,16.486039,0.9,2.0,rough
anonymous,1777118769439,1.684,-5.916,-7.402,0.1856,49.080922,16.486039,0.9,2.0,rough
anonymous,1777118769456,-1.188,-5.525,-8.167,0.1219,49.080922,16.486039,0.9,2.0,rough
anonymous,1777118769472,1.485,-5.176,-8.644,0.3741,49.080922,16.486039,0.9,2.0,rough
anonymous,1777118769489,1.134,-5.962,-7.418,0.2260,49.080922,16.486039,0.9,2.0,rough
anonymous,1777118769506,-1.759,-5.408,-8.350,0.2922,49.080922,16.486039,0.9,2.0,rough
anonymous,1777118769522,-0.327,-5.757,-8.060,0.1006,49.080922,16.486039,0.9,2.0,rough
anonymous,1777118769538,1.691,-5.898,-7.562,0.0725,49.080922,16.486039,0.9,2.0,rough
anonymous,1777118769556,-1.103,-5.630,-8.343,0.3157,49.080922,16.486039,0.9,2.0,rough
anonymous,1777118769572,1.114,-5.261,-8.588,0.3229,49.080922,16.486039,0.9,2.0,rough
anonymous,1777118769591,1.084,-5.991,-7.550,0.1108,49.080922,16.486039,0.9,2.0,rough
anonymous,1777118769606,-1.461,-5.565,-8.270,0.2647,49.080922,16.486039,0.9,2.0,rough
anonymous,1777118769622,-0.365,-5.854,-7.921,0.0459,49.080922,16.486039,0.9,2.0,rough
anonymous,1777118769639,1.120,-5.875,-7.655,0.0961,49.080922,16.486039,0.9,2.0,rough
anonymous,1777118769656,1.091,-5.637,-7.947,0.0060,49.080922,16.486039,0.9,2.0,rough
anonymous,1777118769672,-0.688,-5.441,-8.032,0.0843,49.080922,16.486039,0.9,2.0,rough
anonymous,1777118769689,2.570,-6.029,-7.226,0.0542,49.080922,16.486039,0.9,2.0,rough
anonymous,1777118769705,0.559,-5.884,-7.841,0.0089,49.080922,16.486039,0.9,2.0,rough
anonymous,1777118769722,-2.140,-5.714,-8.094,0.3265,49.080922,16.486039,0.9,2.0,rough
anonymous,1777118769739,2.020,-5.612,-8.044,0.2040,49.080922,16.486039,0.9,2.0,rough
anonymous,1777118769756,1.751,-6.048,-7.277,0.1875,49.080922,16.486039,0.9,2.0,rough
anonymous,1777118769772,-0.789,-5.595,-8.272,0.2076,49.080922,16.486039,0.9,2.0,rough
anonymous,1777118769789,2.178,-5.681,-7.673,0.0171,49.080922,16.486039,0.9,2.0,rough
anonymous,1777118769806,1.164,-5.945,-7.652,0.0509,49.080922,16.486039,0.9,2.0,rough
anonymous,1777118769823,-1.360,-5.681,-8.099,0.1760,49.080922,16.486039,0.9,2.0,rough
anonymous,1777118769839,1.156,-5.684,-7.919,0.0060,49.080922,16.486039,0.9,2.0,rough
anonymous,1777118769856,1.484,-6.080,-6.849,0.5326,49.080922,16.486039,0.9,2.0,rough
anonymous,1777118769872,-0.829,-5.931,-7.578,0.1512,49.080922,16.486039,0.9,2.0,rough
anonymous,1777118769889,1.908,-5.170,-8.799,0.5718,49.080922,16.486039,0.9,2.0,rough
anonymous,1777118769928,-1.423,-5.779,-7.800,0.0014,49.080922,16.486039,0.9,2.0,rough
anonymous,1777118769939,0.041,-5.625,-8.072,0.0288,49.080922,16.486039,0.9,2.0,rough
anonymous,1777118769956,1.117,-5.506,-8.394,0.2908,49.080922,16.486039,0.9,2.0,rough
anonymous,1777118769972,0.693,-6.017,-7.185,0.4124,49.080922,16.486039,0.9,2.0,rough
anonymous,1777118769991,1.839,-5.376,-8.262,0.2170,49.080922,16.486039,0.9,2.0,rough
anonymous,1777118770006,1.822,-5.299,-8.208,0.1285,49.080922,16.486039,0.9,2.0,rough
anonymous,1777118770022,-0.634,-5.432,-8.487,0.2869,49.080922,16.486039,0.9,2.0,rough
anonymous,1777118770039,0.437,-5.718,-8.144,0.1506,49.080922,16.486039,0.9,2.0,rough
anonymous,1777118770056,0.991,-5.797,-7.743,0.0861,49.080921,16.486039,0.6,2.0,rough
anonymous,1777118770072,0.439,-5.513,-8.358,0.2126,49.080921,16.486039,0.6,2.0,rough
anonymous,1777118770089,1.384,-5.252,-8.617,0.3763,49.080921,16.486039,0.6,2.0,rough
anonymous,1777118770106,2.780,-5.578,-7.703,0.0989,49.080921,16.486039,0.6,2.0,rough
anonymous,1777118770122,-0.471,-5.477,-8.849,0.6075,49.080921,16.486039,0.6,2.0,rough
anonymous,1777118770139,-0.552,-5.770,-8.151,0.1918,49.080921,16.486039,0.6,2.0,rough
anonymous,1777118770156,1.710,-5.430,-8.073,0.0682,49.080921,16.486039,0.6,2.0,rough
anonymous,1777118770172,0.458,-5.758,-7.981,0.0423,49.080921,16.486039,0.6,2.0,rough
anonymous,1777118770189,0.630,-5.502,-8.395,0.2471,49.080921,16.486039,0.6,2.0,rough
anonymous,1777118770206,1.970,-5.449,-7.885,0.0256,49.080921,16.486039,0.6,2.0,rough
anonymous,1777118770222,0.425,-5.571,-8.449,0.3190,49.080921,16.486039,0.6,2.0,rough
anonymous,1777118770239,-0.178,-5.849,-8.030,0.1259,49.080921,16.486039,0.6,2.0,rough
anonymous,1777118770256,0.872,-5.734,-8.010,0.0792,49.080921,16.486039,0.6,2.0,rough
anonymous,1777118770272,1.642,-5.532,-7.933,0.0002,49.080921,16.486039,0.6,2.0,rough
anonymous,1777118770289,-0.374,-5.717,-8.313,0.2861,49.080921,16.486039,0.6,2.0,rough
anonymous,1777118770306,2.352,-5.220,-8.797,0.6861,49.080921,16.486039,0.6,2.0,rough
anonymous,1777118770322,0.893,-5.917,-7.532,0.1900,49.080921,16.486039,0.6,2.0,rough
anonymous,1777118770339,-0.981,-5.297,-9.248,0.8927,49.080921,16.486039,0.6,2.0,rough
anonymous,1777118770356,0.156,-5.914,-7.892,0.0532,49.080921,16.486039,0.6,2.0,rough
anonymous,1777118770372,1.854,-6.016,-7.262,0.1994,49.080921,16.486039,0.6,2.0,rough
anonymous,1777118770389,-0.166,-5.787,-8.085,0.1341,49.080921,16.486039,0.6,2.0,rough
anonymous,1777118770406,1.389,-5.408,-8.524,0.3802,49.080921,16.486039,0.6,2.0,rough
anonymous,1777118770422,1.501,-6.062,-7.421,0.1108,49.080921,16.486039,0.6,2.0,rough
anonymous,1777118770439,-0.434,-5.469,-8.721,0.4928,49.080921,16.486039,0.6,2.0,rough
anonymous,1777118770456,0.127,-5.925,-7.957,0.1113,49.080921,16.486039,0.6,2.0,rough
anonymous,1777118770472,1.239,-5.816,-7.567,0.1856,49.080921,16.486039,0.6,2.0,rough
anonymous,1777118770488,1.179,-5.550,-8.241,0.1954,49.080921,16.486039,0.6,2.0,rough
anonymous,1777118770505,0.447,-5.498,-8.335,0.1849,49.080921,16.486039,0.6,2.0,rough
anonymous,1777118770522,1.679,-5.932,-7.471,0.1240,49.080921,16.486039,0.6,2.0,rough
anonymous,1777118770539,0.472,-5.796,-8.103,0.1639,49.080921,16.486039,0.6,2.0,rough
anonymous,1777118770555,-1.996,-5.748,-7.827,0.1042,49.080921,16.486039,0.6,2.0,rough
anonymous,1777118770572,2.624,-5.643,-7.659,0.0590,49.080921,16.486039,0.6,2.0,rough
anonymous,1777118770589,2.177,-5.976,-7.415,0.0412,49.080921,16.486039,0.6,2.0,rough
anonymous,1777118770605,-1.010,-5.692,-8.159,0.1895,49.080921,16.486039,0.6,2.0,rough
anonymous,1777118770622,2.244,-5.199,-8.474,0.3818,49.080921,16.486039,0.6,2.0,rough
anonymous,1777118770639,1.949,-6.156,-7.245,0.1055,49.080921,16.486039,0.6,2.0,rough
anonymous,1777118770655,-1.114,-5.537,-8.424,0.3325,49.080921,16.486039,0.6,2.0,rough
anonymous,1777118770672,1.026,-5.448,-8.412,0.2646,49.080921,16.486039,0.6,2.0,rough
anonymous,1777118770688,1.928,-5.898,-7.398,0.1543,49.080921,16.486039,0.6,2.0,rough
anonymous,1777118770705,-0.813,-5.896,-7.928,0.1034,49.080921,16.486039,0.6,2.0,rough
anonymous,1777118770722,-0.023,-5.368,-8.417,0.1727,49.080921,16.486039,0.6,2.0,rough
anonymous,1777118770739,1.707,-5.914,-7.518,0.0935,49.080921,16.486039,0.6,2.0,rough
anonymous,1777118770755,-1.377,-5.584,-8.367,0.3429,49.080921,16.486039,0.6,2.0,rough
anonymous,1777118770772,-1.545,-5.780,-8.114,0.2713,49.080921,16.486039,0.6,2.0,rough
anonymous,1777118770789,2.511,-5.830,-7.662,0.1402,49.080921,16.486039,0.6,2.0,rough
anonymous,1777118770805,-0.490,-5.646,-8.406,0.3279,49.080921,16.486039,0.6,2.0,rough
anonymous,1777118770822,-1.297,-5.489,-8.240,0.1753,49.080921,16.486039,0.6,2.0,rough
anonymous,1777118770839,2.389,-5.797,-7.598,0.0405,49.080921,16.486039,0.6,2.0,rough
anonymous,1777118770855,-0.539,-5.457,-8.582,0.3737,49.080921,16.486039,0.6,2.0,rough
anonymous,1777118770872,-0.920,-5.454,-8.409,0.2551,49.080921,16.486039,0.6,2.0,rough
anonymous,1777118770889,0.727,-5.903,-7.558,0.1926,49.080921,16.486039,0.6,2.0,rough
anonymous,1777118770905,1.110,-5.585,-8.169,0.1479,49.080921,16.486039,0.6,2.0,rough
anonymous,1777118770922,-1.668,-6.079,-7.822,0.2360,49.080921,16.486039,0.6,2.0,rough
anonymous,1777118770939,3.426,-5.472,-8.059,0.5164,49.080921,16.486039,0.6,2.0,rough
anonymous,1777118770956,0.190,-5.535,-8.623,0.4384,49.080921,16.486039,0.6,2.0,rough
anonymous,1777118770972,-1.719,-5.459,-8.796,0.6839,49.080921,16.486039,0.6,2.0,rough
anonymous,1777118770989,1.412,-5.355,-8.415,0.2642,49.080921,16.486039,0.6,2.0,rough
anonymous,1777118771006,1.371,-6.264,-7.084,0.2547,49.080921,16.486039,0.6,2.0,rough
anonymous,1777118771023,-0.659,-5.568,-8.480,0.3555,49.080921,16.486039,0.6,2.0,rough
anonymous,1777118771039,1.899,-5.430,-8.218,0.2211,49.080921,16.486039,0.6,2.0,rough
anonymous,1777118771055,1.192,-5.789,-8.085,0.2045,49.080921,16.486039,0.6,2.0,rough
anonymous,1777118771072,-0.841,-5.515,-8.499,0.3561,49.080921,16.486041,0.4,2.0,rough
anonymous,1777118771089,0.964,-5.670,-8.285,0.2760,49.080921,16.486041,0.4,2.0,rough
anonymous,1777118771106,1.448,-5.733,-7.679,0.1184,49.080921,16.486041,0.4,2.0,rough
anonymous,1777118771122,0.593,-5.663,-8.345,0.2922,49.080921,16.486041,0.4,2.0,rough
anonymous,1777118771139,1.693,-5.260,-8.752,0.5403,49.080921,16.486041,0.4,2.0,rough
anonymous,1777118771156,1.500,-6.258,-6.789,0.4555,49.080921,16.486041,0.4,2.0,rough
anonymous,1777118771173,0.052,-5.648,-8.420,0.3286,49.080921,16.486041,0.4,2.0,rough
anonymous,1777118771189,0.157,-6.059,-7.970,0.2030,49.080921,16.486041,0.4,2.0,rough
anonymous,1777118771226,-1.039,-5.858,-7.848,0.0378,49.080921,16.486041,0.4,2.0,rough
anonymous,1777118771239,0.570,-6.419,-7.496,0.0752,49.080921,16.486041,0.4,2.0,rough
anonymous,1777118771256,1.857,-5.763,-7.744,0.0203,49.080921,16.486041,0.4,2.0,rough
anonymous,1777118771272,1.046,-5.863,-7.924,0.1027,49.080921,16.486041,0.4,2.0,rough
anonymous,1777118771289,-0.494,-6.077,-7.800,0.0897,49.080921,16.486041,0.4,2.0,rough
anonymous,1777118771306,0.719,-5.662,-8.260,0.2300,49.080921,16.486041,0.4,2.0,rough
anonymous,1777118771322,0.926,-5.580,-8.152,0.1125,49.080921,16.486041,0.4,2.0,rough
anonymous,1777118771339,-0.769,-5.879,-8.118,0.2428,49.080921,16.486041,0.4,2.0,rough
anonymous,1777118771362,1.152,-5.485,-8.017,0.0283,49.080921,16.486041,0.4,2.0,rough
anonymous,1777118774053,0.282,-5.504,-8.164,0.0398,49.080921,16.486040,0.4,2.0,rough
anonymous,1777118774055,0.282,-5.504,-8.164,0.0398,49.080921,16.486040,0.4,2.0,rough
anonymous,1777118774072,1.697,-5.391,-8.309,0.2392,49.080920,16.486040,0.3,2.0,rough
anonymous,1777118774089,1.951,-5.760,-7.961,0.2079,49.080920,16.486040,0.3,2.0,rough
anonymous,1777118774105,-0.704,-5.798,-8.259,0.3058,49.080920,16.486040,0.3,2.0,rough
anonymous,1777118774122,-1.481,-5.246,-8.319,0.1364,49.080920,16.486040,0.3,2.0,rough
anonymous,1777118774139,-0.714,-5.255,-8.181,0.0606,49.080920,16.486040,0.3,2.0,rough
anonymous,1777118774156,1.243,-4.970,-9.389,0.8860,49.080920,16.486040,0.3,2.0,rough
anonymous,1777118774172,1.351,-5.807,-7.110,0.5308,49.080920,16.486040,0.3,2.0,rough
anonymous,1777118774189,2.190,-6.498,-6.823,0.1367,49.080920,16.486040,0.3,2.0,rough
anonymous,1777118774206,-0.592,-5.693,-8.247,0.2286,49.080920,16.486040,0.3,2.0,rough
anonymous,1777118774222,-1.160,-5.006,-8.844,0.4188,49.080920,16.486040,0.3,2.0,rough
anonymous,1777118774239,-0.837,-5.210,-8.726,0.3871,49.080920,16.486040,0.3,2.0,rough
anonymous,1777118774256,1.018,-5.253,-8.386,0.1376,49.080920,16.486040,0.3,2.0,rough
anonymous,1777118774272,1.386,-5.925,-7.039,0.5056,49.080920,16.486040,0.3,2.0,rough
anonymous,1777118774289,2.222,-5.931,-7.694,0.1554,49.080920,16.486040,0.3,2.0,rough
anonymous,1777118774306,-0.829,-5.373,-8.146,0.0168,49.080920,16.486040,0.3,2.0,rough
anonymous,1777118774322,-2.024,-5.197,-9.544,1.2438,49.080920,16.486040,0.3,2.0,rough
anonymous,1777118774339,-0.047,-5.334,-8.122,0.0930,49.080920,16.486040,0.3,2.0,rough
anonymous,1777118774356,1.805,-5.825,-7.466,0.1698,49.080920,16.486040,0.3,2.0,rough
anonymous,1777118774372,0.086,-5.614,-8.106,0.0508,49.080920,16.486040,0.3,2.0,rough
anonymous,1777118774389,1.384,-5.318,-8.373,0.2052,49.080920,16.486040,0.3,2.0,rough
anonymous,1777118774405,-0.041,-5.839,-7.804,0.0635,49.080920,16.486040,0.3,2.0,rough
anonymous,1777118774422,-1.110,-5.216,-8.638,0.3417,49.080920,16.486040,0.3,2.0,rough
anonymous,1777118774439,0.365,-5.298,-8.418,0.1434,49.080920,16.486040,0.3,2.0,rough
anonymous,1777118774456,1.444,-5.833,-7.590,0.1294,49.080920,16.486040,0.3,2.0,rough
anonymous,1777118774472,-0.800,-5.864,-8.110,0.2298,49.080920,16.486040,0.3,2.0,rough
anonymous,1777118774489,1.451,-5.123,-8.118,0.1014,49.080920,16.486040,0.3,2.0,rough
anonymous,1777118774506,1.175,-6.141,-7.361,0.1516,49.080920,16.486040,0.3,2.0,rough
anonymous,1777118774522,-1.162,-5.497,-8.412,0.3062,49.080920,16.486040,0.3,2.0,rough
anonymous,1777118774539,-1.229,-5.129,-8.510,0.2018,49.080920,16.486040,0.3,2.0,rough
anonymous,1777118774556,2.151,-6.061,-7.757,0.2666,49.080920,16.486040,0.3,2.0,rough
anonymous,1777118774572,0.507,-5.728,-7.430,0.4147,49.080920,16.486040,0.3,2.0,rough
anonymous,1777118774589,0.441,-5.310,-8.354,0.0982,49.080920,16.486040,0.3,2.0,rough
anonymous,1777118774606,1.538,-5.970,-7.658,0.0211,49.080920,16.486040,0.3,2.0,rough
anonymous,1777118774622,-0.426,-5.775,-7.976,0.0458,49.080920,16.486040,0.3,2.0,rough
anonymous,1777118774639,-0.871,-5.235,-8.978,0.6191,49.080920,16.486040,0.3,2.0,rough
anonymous,1777118774656,1.209,-5.750,-7.658,0.1577,49.080920,16.486040,0.3,2.0,rough
anonymous,1777118774672,0.915,-5.925,-7.726,0.0309,49.080920,16.486040,0.3,2.0,rough
anonymous,1777118774689,0.521,-5.523,-7.727,0.2975,49.080920,16.486040,0.3,2.0,rough
anonymous,1777118774706,2.083,-6.039,-6.873,0.4269,49.080920,16.486040,0.3,2.0,rough
anonymous,1777118774722,-0.359,-5.990,-7.670,0.0712,49.080920,16.486040,0.3,2.0,rough
anonymous,1777118774759,1.068,-5.499,-8.021,0.0263,49.080920,16.486040,0.3,2.0,rough
anonymous,1777118774772,0.509,-5.548,-8.179,0.0856,49.080920,16.486040,0.3,2.0,rough
anonymous,1777118774789,-0.260,-5.437,-8.309,0.1231,49.080920,16.486040,0.3,2.0,rough
anonymous,1777118774806,0.761,-5.405,-8.198,0.0388,49.080920,16.486040,0.3,2.0,rough
anonymous,1777118774822,0.067,-5.606,-8.509,0.3798,49.080920,16.486040,0.3,2.0,rough
anonymous,1777118774839,-1.356,-4.695,-9.035,0.4621,49.080920,16.486040,0.3,2.0,rough
anonymous,1777118774856,-0.845,-5.337,-8.090,0.0815,49.080920,16.486040,0.3,2.0,rough
anonymous,1777118774872,0.401,-5.265,-8.146,0.1028,49.080920,16.486040,0.3,2.0,rough
anonymous,1777118774891,1.390,-6.013,-7.632,0.0050,49.080920,16.486040,0.3,2.0,rough
anonymous,1777118774906,2.570,-5.855,-6.753,0.5105,49.080920,16.486040,0.3,2.0,rough
anonymous,1777118774922,1.268,-6.204,-7.329,0.1250,49.080920,16.486040,0.3,2.0,rough
anonymous,1777118774942,-2.097,-5.093,-9.038,0.7736,49.080920,16.486040,0.3,2.0,smooth
anonymous,1777118774956,-1.809,-5.499,-7.830,0.0729,49.080920,16.486040,0.3,2.0,smooth
anonymous,1777118774972,2.552,-5.965,-7.891,0.4058,49.080920,16.486040,0.3,2.0,smooth
anonymous,1777118774989,-1.017,-5.677,-7.928,0.0063,49.080920,16.486040,0.3,2.0,smooth
anonymous,1777118775006,0.542,-5.370,-8.367,0.1471,49.080920,16.486040,0.3,2.0,smooth
anonymous,1777118775022,1.418,-6.007,-7.462,0.1266,49.080920,16.486040,0.3,2.0,smooth
anonymous,1777118775038,-1.552,-5.349,-8.654,0.4816,49.080921,16.486037,0.8,2.0,smooth
anonymous,1777118775055,-1.267,-5.107,-8.978,0.5957,49.080921,16.486037,0.8,2.0,smooth
anonymous,1777118775072,1.330,-5.866,-7.666,0.0659,49.080921,16.486037,0.8,2.0,smooth
anonymous,1777118775089,-0.208,-5.666,-8.051,0.0368,49.080921,16.486037,0.8,2.0,smooth
anonymous,1777118775106,-0.658,-5.528,-8.224,0.1211,49.080921,16.486037,0.8,2.0,smooth
anonymous,1777118775122,1.784,-5.713,-7.844,0.0565,49.080921,16.486037,0.8,2.0,smooth
anonymous,1777118775139,-0.652,-5.473,-8.485,0.3079,49.080921,16.486037,0.8,2.0,smooth
anonymous,1777118775156,-2.048,-4.880,-9.105,0.7215,49.080921,16.486037,0.8,2.0,smooth
anonymous,1777118775172,0.839,-5.830,-7.668,0.1415,49.080921,16.486037,0.8,2.0,smooth
anonymous,1777118775189,1.028,-5.813,-7.998,0.1303,49.080921,16.486037,0.8,2.0,smooth
anonymous,1777118775206,-1.441,-5.605,-8.176,0.2067,49.080921,16.486037,0.8,2.0,smooth
anonymous,1777118775222,1.964,-5.022,-8.481,0.2403,49.080921,16.486037,0.8,2.0,smooth
anonymous,1777118775239,0.349,-6.201,-7.540,0.0413,49.080921,16.486037,0.8,2.0,smooth
anonymous,1777118775255,-1.823,-5.000,-9.395,0.9878,49.080921,16.486037,0.8,2.0,smooth
anonymous,1777118775271,-0.191,-5.463,-7.772,0.3087,49.080921,16.486037,0.8,2.0,smooth
anonymous,1777118775289,2.147,-6.193,-7.353,0.0406,49.080921,16.486037,0.8,2.0,smooth
anonymous,1777118775305,-0.628,-5.637,-8.071,0.0551,49.080921,16.486037,0.8,2.0,smooth
anonymous,1777118775322,0.892,-5.000,-8.526,0.1140,49.080921,16.486037,0.8,2.0,smooth
anonymous,1777118775339,1.157,-6.335,-7.343,0.0437,49.080921,16.486037,0.8,2.0,smooth
anonymous,1777118775356,-0.799,-5.382,-8.633,0.3942,49.080921,16.486037,0.8,2.0,smooth
anonymous,1777118775372,-0.481,-5.294,-8.605,0.3046,49.080921,16.486037,0.8,2.0,smooth
anonymous,1777118775388,0.821,-5.866,-7.481,0.2678,49.080921,16.486037,0.8,2.0,smooth
anonymous,1777118775405,0.629,-5.758,-8.178,0.2119,49.080921,16.486037,0.8,2.0,smooth
anonymous,1777118775422,0.434,-5.035,-8.629,0.1899,49.080921,16.486037,0.8,2.0,smooth
anonymous,1777118775439,2.333,-5.379,-8.240,0.3033,49.080921,16.486037,0.8,2.0,smooth
anonymous,1777118775455,-0.047,-5.727,-8.387,0.3457,49.080921,16.486037,0.8,2.0,smooth
anonymous,1777118775471,-1.466,-5.675,-8.045,0.1438,49.080921,16.486037,0.8,2.0,smooth
anonymous,1777118775489,0.110,-5.323,-8.131,0.0907,49.080921,16.486037,0.8,2.0,smooth
anonymous,1777118775506,1.497,-6.224,-7.188,0.1850,49.080921,16.486037,0.8,2.0,smooth
anonymous,1777118775522,-0.681,-5.295,-8.249,0.0159,49.080921,16.486037,0.8,2.0,smooth
anonymous,1777118775539,1.538,-4.904,-8.536,0.1535,49.080921,16.486037,0.8,2.0,smooth
anonymous,1777118775556,0.985,-6.367,-7.247,0.1127,49.080921,16.486037,0.8,2.0,smooth
anonymous,1777118775572,-2.008,-4.711,-9.198,0.7172,49.080921,16.486037,0.8,2.0,smooth
anonymous,1777118775590,-0.547,-4.935,-8.868,0.3532,49.080921,16.486037,0.8,2.0,smooth
anonymous,1777118775608,2.101,-6.414,-6.644,0.3395,49.080921,16.486037,0.8,2.0,smooth
anonymous,1777118775622,-0.845,-5.353,-8.326,0.1240,49.080921,16.486037,0.8,2.0,smooth
anonymous,1777118775640,0.871,-5.056,-8.725,0.3121,49.080921,16.486037,0.8,2.0,smooth
anonymous,1777118775656,1.643,-6.208,-7.164,0.1886,49.080921,16.486037,0.8,2.0,smooth
anonymous,1777118775673,-1.767,-5.062,-8.980,0.6485,49.080921,16.486037,0.8,2.0,smooth
anonymous,1777118775689,-1.121,-5.424,-8.759,0.5535,49.080921,16.486037,0.8,2.0,smooth
anonymous,1777118775706,1.795,-5.680,-7.709,0.0679,49.080921,16.486037,0.8,2.0,smooth
anonymous,1777118775723,-0.802,-6.069,-7.644,0.0163,49.080921,16.486037,0.8,2.0,smooth
anonymous,1777118775740,-0.019,-5.466,-8.717,0.4789,49.080921,16.486037,0.8,2.0,smooth
anonymous,1777118775757,1.882,-5.120,-8.327,0.1449,49.080921,16.486037,0.8,2.0,smooth
anonymous,1777118775772,-1.204,-6.216,-7.775,0.2173,49.080921,16.486037,0.8,2.0,smooth
anonymous,1777118775789,-2.054,-5.476,-8.603,0.5927,49.080921,16.486037,0.8,2.0,smooth
anonymous,1777118775806,1.444,-5.422,-8.261,0.1766,49.080921,16.486037,0.8,2.0,smooth
anonymous,1777118775822,-0.260,-5.788,-7.560,0.2852,49.080921,16.486037,0.8,2.0,smooth
anonymous,1777118775840,-0.010,-5.868,-7.945,0.0672,49.080921,16.486037,0.8,2.0,smooth
anonymous,1777118775856,2.073,-5.319,-8.083,0.0858,49.080921,16.486037,0.8,2.0,smooth
anonymous,1777118775873,-1.152,-5.736,-8.042,0.1349,49.080921,16.486037,0.8,2.0,smooth
anonymous,1777118775889,-1.451,-5.553,-8.589,0.5207,49.080921,16.486037,0.8,2.0,smooth
anonymous,1777118775905,0.786,-5.410,-8.344,0.1655,49.080921,16.486037,0.8,2.0,smooth
anonymous,1777118775922,0.576,-5.844,-7.590,0.2133,49.080921,16.486037,0.8,2.0,smooth
anonymous,1777118775939,-0.711,-5.570,-8.244,0.1648,49.080921,16.486037,0.8,2.0,smooth
anonymous,1777118775956,2.042,-5.477,-8.212,0.2701,49.080921,16.486037,0.8,2.0,smooth
anonymous,1777118775972,-0.391,-5.668,-8.039,0.0342,49.080921,16.486037,0.8,2.0,smooth
anonymous,1777118775989,-1.770,-5.206,-9.312,1.0049,49.080921,16.486037,0.8,2.0,smooth
anonymous,1777118776006,0.348,-5.405,-7.805,0.3102,49.080921,16.486037,0.8,2.0,smooth
anonymous,1777118776022,1.389,-6.008,-7.541,0.0682,49.080921,16.486037,0.8,2.0,smooth
anonymous,1777118776039,-0.620,-5.501,-8.407,0.2563,49.080921,16.486037,0.8,2.0,smooth
anonymous,1777118776056,1.469,-5.284,-8.134,0.0000,49.080921,16.486037,0.8,2.0,smooth
anonymous,1777118776072,1.945,-5.656,-7.861,0.0678,49.080920,16.486034,0.7,2.0,smooth
anonymous,1777118776089,-1.048,-5.361,-9.169,0.8629,49.080920,16.486034,0.7,2.0,smooth
anonymous,1777118776106,-0.243,-5.357,-8.168,0.0390,49.080920,16.486034,0.7,2.0,smooth
anonymous,1777118776122,0.458,-5.817,-7.778,0.0863,49.080920,16.486034,0.7,2.0,smooth
anonymous,1777118776139,0.799,-6.009,-7.813,0.0787,49.080920,16.486034,0.7,2.0,smooth
anonymous,1777118776156,0.998,-5.063,-8.927,0.5010,49.080920,16.486034,0.7,2.0,smooth
anonymous,1777118776172,1.932,-5.198,-8.421,0.2729,49.080920,16.486034,0.7,2.0,smooth
anonymous,1777118776189,-0.579,-6.356,-7.289,0.1212,49.080920,16.486034,0.7,2.0,smooth
anonymous,1777118776206,-0.737,-5.233,-8.426,0.1361,49.080920,16.486034,0.7,2.0,smooth
anonymous,1777118776222,0.372,-5.512,-8.262,0.1285,49.080920,16.486034,0.7,2.0,smooth
anonymous,1777118776238,0.580,-5.715,-7.601,0.2819,49.080920,16.486034,0.7,2.0,smooth
anonymous,1777118776256,-0.039,-5.380,-8.236,0.0277,49.080920,16.486034,0.7,2.0,smooth
anonymous,1777118776272,0.449,-5.270,-8.850,0.5002,49.080920,16.486034,0.7,2.0,smooth
anonymous,1777118776289,0.885,-5.648,-7.983,0.0090,49.080920,16.486034,0.7,2.0,smooth
anonymous,1777118776306,-0.719,-6.217,-7.547,0.0062,49.080920,16.486034,0.7,2.0,smooth
anonymous,1777118776322,0.024,-5.746,-8.060,0.0885,49.080920,16.486034,0.7,2.0,smooth
anonymous,1777118776339,0.310,-5.490,-8.232,0.0898,49.080920,16.486034,0.7,2.0,smooth
anonymous,1777118776356,0.779,-5.491,-8.059,0.0275,49.080920,16.486034,0.7,2.0,smooth
anonymous,1777118776372,0.410,-5.304,-7.932,0.2595,49.080920,16.486034,0.7,2.0,smooth
anonymous,1777118776389,1.511,-5.930,-7.822,0.1217,49.080920,16.486034,0.7,2.0,smooth
anonymous,1777118776406,-1.190,-5.725,-7.368,0.4042,49.080920,16.486034,0.7,2.0,smooth
anonymous,1777118776422,-0.641,-5.432,-8.162,0.0157,49.080920,16.486034,0.7,2.0,smooth
anonymous,1777118776439,0.414,-5.504,-8.475,0.3039,49.080920,16.486034,0.7,2.0,smooth
anonymous,1777118776456,1.250,-5.733,-7.906,0.0355,49.080920,16.486034,0.7,2.0,smooth
anonymous,1777118776472,0.589,-5.649,-7.572,0.3446,49.080920,16.486034,0.7,2.0,smooth
anonymous,1777118776489,1.153,-5.740,-7.950,0.0634,49.080920,16.486034,0.7,2.0,smooth
anonymous,1777118776506,-0.605,-5.450,-7.852,0.2328,49.080920,16.486034,0.7,2.0,smooth
anonymous,1777118776522,-0.625,-5.446,-8.257,0.1011,49.080920,16.486034,0.7,2.0,smooth
anonymous,1777118776539,0.265,-5.339,-8.162,0.0533,49.080920,16.486034,0.7,2.0,smooth
anonymous,1777118776556,0.894,-5.517,-7.978,0.0688,49.080920,16.486034,0.7,2.0,smooth
anonymous,1777118776572,0.674,-5.400,-7.858,0.2515,49.080920,16.486034,0.7,2.0,smooth
anonymous,1777118776589,1.568,-5.135,-8.319,0.0908,49.080920,16.486034,0.7,2.0,smooth
anonymous,1777118776605,0.717,-5.160,-8.046,0.2244,49.080920,16.486034,0.7,2.0,smooth
anonymous,1777118776622,-1.051,-5.407,-8.012,0.0867,49.080920,16.486034,0.7,2.0,smooth
anonymous,1777118776639,-0.393,-5.280,-7.937,0.2694,49.080920,16.486034,0.7,2.0,smooth
anonymous,1777118776655,0.329,-5.052,-8.661,0.2224,49.080920,16.486034,0.7,2.0,smooth
anonymous,1777118776672,0.565,-5.154,-8.338,0.0089,49.080920,16.486034,0.7,2.0,smooth
anonymous,1777118776689,1.580,-5.294,-8.348,0.2012,49.080920,16.486034,0.7,2.0,smooth
anonymous,1777118776705,1.327,-5.560,-8.199,0.1850,49.080920,16.486034,0.7,2.0,smooth
anonymous,1777118776722,-1.012,-5.544,-7.989,0.0336,49.080920,16.486034,0.7,2.0,smooth
anonymous,1777118776739,-0.589,-5.529,-8.453,0.3081,49.080920,16.486034,0.7,2.0,smooth
anonymous,1777118776755,0.012,-5.367,-8.805,0.5018,49.080920,16.486034,0.7,2.0,smooth
anonymous,1777118776772,0.768,-5.391,-8.408,0.2077,49.080920,16.486034,0.7,2.0,smooth
anonymous,1777118776789,2.150,-5.671,-8.218,0.4034,49.080920,16.486034,0.7,2.0,smooth
anonymous,1777118776805,1.361,-5.882,-7.907,0.1386,49.080920,16.486034,0.7,2.0,smooth
anonymous,1777118776822,-0.981,-5.754,-8.305,0.3406,49.080920,16.486034,0.7,2.0,smooth
anonymous,1777118776839,-0.948,-5.472,-8.284,0.1636,49.080920,16.486034,0.7,2.0,smooth
anonymous,1777118776856,-0.425,-5.470,-8.402,0.2252,49.080920,16.486034,0.7,2.0,smooth
anonymous,1777118776872,0.845,-5.418,-8.534,0.3339,49.080920,16.486034,0.7,2.0,smooth
anonymous,1777118776889,1.134,-5.863,-7.575,0.1637,49.080920,16.486034,0.7,2.0,smooth
anonymous,1777118776906,1.507,-6.001,-7.727,0.0889,49.080920,16.486034,0.7,2.0,smooth
anonymous,1777118776922,-1.180,-5.899,-8.422,0.5400,49.080920,16.486034,0.7,2.0,smooth
anonymous,1777118776939,-1.174,-5.291,-8.345,0.1407,49.080920,16.486034,0.7,2.0,smooth
anonymous,1777118776955,-0.881,-5.338,-8.070,0.0939,49.080920,16.486034,0.7,2.0,smooth
anonymous,1777118776972,-0.097,-5.347,-8.911,0.5831,49.080920,16.486034,0.7,2.0,smooth
anonymous,1777118776989,0.294,-5.295,-7.981,0.2277,49.080920,16.486034,0.7,2.0,smooth
anonymous,1777118777005,1.061,-5.609,-7.822,0.1266,49.080920,16.486034,0.7,2.0,smooth
anonymous,1777118777022,-1.334,-6.134,-7.982,0.3448,49.080920,16.486034,0.7,2.0,smooth
anonymous,1777118777039,-1.321,-5.316,-7.892,0.2038,49.080920,16.486034,0.7,2.0,smooth
anonymous,1777118777056,-0.777,-5.469,-8.418,0.2586,49.080922,16.486033,0.9,2.0,smooth
anonymous,1777118777072,-0.606,-5.097,-9.124,0.6588,49.080922,16.486033,0.9,2.0,smooth
anonymous,1777118777089,-0.184,-5.172,-8.112,0.1879,49.080922,16.486033,0.9,2.0,smooth
anonymous,1777118777105,0.493,-5.396,-8.414,0.1981,49.080922,16.486033,0.9,2.0,smooth
anonymous,1777118777122,-0.136,-6.126,-7.328,0.2579,49.080922,16.486033,0.9,2.0,smooth
anonymous,1777118777138,-1.500,-6.042,-7.177,0.3088,49.080922,16.486033,0.9,2.0,smooth
anonymous,1777118777156,-0.625,-5.570,-8.389,0.2793,49.080922,16.486033,0.9,2.0,smooth
anonymous,1777118777172,-0.722,-5.148,-8.814,0.4227,49.080922,16.486033,0.9,2.0,smooth
anonymous,1777118777190,-0.104,-5.156,-8.992,0.5558,49.080922,16.486033,0.9,2.0,smooth
anonymous,1777118777206,0.450,-5.346,-8.611,0.3358,49.080922,16.486033,0.9,2.0,smooth
anonymous,1777118777223,0.363,-6.019,-7.193,0.4235,49.080922,16.486033,0.9,2.0,smooth
anonymous,1777118777240,-0.611,-6.359,-7.272,0.1304,49.080922,16.486033,0.9,2.0,smooth
anonymous,1777118777256,-0.820,-5.593,-8.026,0.0070,49.080922,16.486033,0.9,2.0,smooth
anonymous,1777118777272,-0.338,-5.094,-8.374,0.0027,49.080922,16.486033,0.9,2.0,smooth
anonymous,1777118777290,-0.219,-5.320,-9.123,0.7530,49.080922,16.486033,0.9,2.0,smooth
anonymous,1777118777306,0.564,-5.448,-7.978,0.1334,49.080922,16.486033,0.9,2.0,smooth
anonymous,1777118777323,2.123,-6.085,-7.352,0.0337,49.080922,16.486033,0.9,2.0,smooth
anonymous,1777118777340,-0.659,-6.305,-7.833,0.2667,49.080922,16.486033,0.9,2.0,smooth
anonymous,1777118777355,-0.560,-5.463,-8.290,0.1342,49.080922,16.486033,0.9,2.0,smooth
anonymous,1777118777373,0.234,-5.431,-8.598,0.3629,49.080922,16.486033,0.9,2.0,smooth
anonymous,1777118777389,0.695,-5.323,-8.849,0.5398,49.080922,16.486033,0.9,2.0,smooth
anonymous,1777118777405,1.472,-5.899,-7.656,0.0334,49.080922,16.486033,0.9,2.0,smooth
anonymous,1777118777422,1.815,-6.044,-7.547,0.0279,49.080922,16.486033,0.9,2.0,smooth
anonymous,1777118777438,0.215,-5.904,-8.216,0.3097,49.080922,16.486033,0.9,2.0,smooth
anonymous,1777118777455,-0.612,-5.441,-8.247,0.0895,49.080922,16.486033,0.9,2.0,smooth
anonymous,1777118777471,0.363,-5.638,-8.093,0.0601,49.080922,16.486033,0.9,2.0,smooth
anonymous,1777118777488,1.135,-5.408,-7.736,0.3032,49.080922,16.486033,0.9,2.0,smooth
anonymous,1777118777505,0.750,-5.702,-7.674,0.2206,49.080922,16.486033,0.9,2.0,smooth
anonymous,1777118777521,1.602,-5.434,-8.318,0.2544,49.080922,16.486033,0.9,2.0,smooth
anonymous,1777118777538,0.878,-5.367,-8.092,0.0599,49.080922,16.486033,0.9,2.0,smooth
anonymous,1777118777556,-0.806,-5.890,-7.936,0.1059,49.080922,16.486033,0.9,2.0,smooth
anonymous,1777118777571,0.065,-5.687,-7.736,0.2086,49.080922,16.486033,0.9,2.0,smooth
anonymous,1777118777588,0.866,-5.537,-8.136,0.0695,49.080922,16.486033,0.9,2.0,smooth
anonymous,1777118777605,0.713,-5.753,-8.261,0.2825,49.080922,16.486033,0.9,2.0,smooth
anonymous,1777118777622,1.558,-5.573,-8.396,0.3869,49.080922,16.486033,0.9,2.0,smooth
anonymous,1777118777638,1.896,-5.780,-8.146,0.3565,49.080922,16.486033,0.9,2.0,smooth
anonymous,1777118777655,-0.952,-5.989,-7.804,0.0727,49.080922,16.486033,0.9,2.0,smooth
anonymous,1777118777672,-0.635,-5.694,-8.305,0.2795,49.080922,16.486033,0.9,2.0,smooth
anonymous,1777118777688,-0.104,-5.412,-8.309,0.1064,49.080922,16.486033,0.9,2.0,smooth
anonymous,1777118777705,0.893,-5.372,-8.305,0.1212,49.080922,16.486033,0.9,2.0,smooth
anonymous,1777118777722,0.930,-5.267,-7.939,0.2375,49.080922,16.486033,0.9,2.0,smooth
anonymous,1777118777739,2.100,-5.786,-8.118,0.3774,49.080922,16.486033,0.9,2.0,smooth
anonymous,1777118777755,-0.480,-5.665,-7.738,0.2077,49.080922,16.486033,0.9,2.0,smooth
anonymous,1777118777772,-0.346,-5.523,-8.259,0.1313,49.080922,16.486033,0.9,2.0,smooth
anonymous,1777118777789,0.849,-5.753,-8.447,0.4451,49.080922,16.486033,0.9,2.0,smooth
anonymous,1777118777805,1.452,-5.899,-7.766,0.0500,49.080922,16.486033,0.9,2.0,smooth
anonymous,1777118777822,0.768,-5.788,-7.360,0.4156,49.080922,16.486033,0.9,2.0,smooth
anonymous,1777118777839,1.672,-5.682,-8.072,0.2017,49.080922,16.486033,0.9,2.0,smooth
anonymous,1777118777855,0.191,-5.562,-7.918,0.1316,49.080922,16.486033,0.9,2.0,smooth
anonymous,1777118777872,-0.128,-5.706,-8.272,0.2396,49.080922,16.486033,0.9,2.0,smooth
anonymous,1777118777889,0.125,-6.000,-7.760,0.0001,49.080922,16.486033,0.9,2.0,smooth
anonymous,1777118777905,1.498,-5.945,-8.084,0.3358,49.080922,16.486033,0.9,2.0,smooth
anonymous,1777118777922,0.698,-5.986,-7.879,0.1098,49.080922,16.486033,0.9,2.0,smooth
anonymous,1777118777939,2.462,-5.573,-8.519,0.6633,49.080922,16.486033,0.9,2.0,smooth
anonymous,1777118777955,-0.261,-6.218,-8.043,0.3596,49.080922,16.486033,0.9,2.0,smooth
anonymous,1777118777972,-0.540,-5.989,-7.575,0.1383,49.080922,16.486033,0.9,2.0,smooth
anonymous,1777118777989,0.082,-5.867,-7.740,0.0972,49.080922,16.486033,0.9,2.0,smooth
anonymous,1777118778005,2.163,-5.565,-7.947,0.1302,49.080922,16.486033,0.9,2.0,smooth
anonymous,1777118778022,1.233,-5.629,-8.235,0.2412,49.080922,16.486033,0.9,2.0,smooth
anonymous,1777118778039,1.349,-5.565,-8.477,0.4195,49.080922,16.486033,0.9,2.0,smooth
anonymous,1777118778055,0.348,-5.658,-7.950,0.0464,49.080922,16.486033,0.9,2.0,smooth
anonymous,1777118778072,-0.035,-5.613,-7.861,0.1508,49.080922,16.486035,0.2,2.0,smooth
anonymous,1777118778089,0.076,-5.394,-8.324,0.1093,49.080922,16.486035,0.2,2.0,smooth
anonymous,1777118778105,1.653,-4.878,-8.333,0.0137,49.080922,16.486035,0.2,2.0,smooth
anonymous,1777118778122,1.569,-5.149,-8.279,0.0654,49.080922,16.486035,0.2,2.0,smooth
anonymous,1777118778138,0.407,-4.949,-7.883,0.4932,49.080922,16.486035,0.2,2.0,smooth
anonymous,1777118778155,1.951,-5.027,-8.371,0.1472,49.080922,16.486035,0.2,2.0,smooth
anonymous,1777118778172,-0.425,-5.476,-8.146,0.0151,49.080922,16.486035,0.2,2.0,smooth
anonymous,1777118778189,0.111,-5.260,-8.128,0.1277,49.080922,16.486035,0.2,2.0,smooth
anonymous,1777118778205,2.508,-5.406,-8.548,0.6098,49.080922,16.486035,0.2,2.0,smooth
anonymous,1777118778222,1.240,-5.580,-7.545,0.3443,49.080922,16.486035,0.2,2.0,smooth
anonymous,1777118778239,1.461,-5.411,-8.078,0.0221,49.080922,16.486035,0.2,2.0,smooth
anonymous,1777118778255,2.725,-5.658,-8.331,0.6230,49.080922,16.486035,0.2,2.0,smooth
anonymous,1777118778272,1.211,-5.964,-7.941,0.1950,49.080922,16.486035,0.2,2.0,smooth
anonymous,1777118778289,0.741,-5.539,-8.029,0.0280,49.080922,16.486035,0.2,2.0,smooth
anonymous,1777118778305,0.296,-5.682,-7.988,0.0027,49.080922,16.486035,0.2,2.0,smooth
anonymous,1777118778322,1.770,-5.505,-8.111,0.1509,49.080922,16.486035,0.2,2.0,smooth
anonymous,1777118778339,0.761,-5.236,-7.734,0.4398,49.080922,16.486035,0.2,2.0,smooth
anonymous,1777118778355,2.072,-5.284,-8.566,0.4654,49.080922,16.486035,0.2,2.0,smooth
anonymous,1777118778372,0.779,-5.352,-8.138,0.0392,49.080922,16.486035,0.2,2.0,smooth
anonymous,1777118778389,0.208,-5.473,-8.213,0.0622,49.080922,16.486035,0.2,2.0,smooth
anonymous,1777118778405,0.291,-5.560,-8.260,0.1511,49.080922,16.486035,0.2,2.0,smooth
anonymous,1777118778422,2.288,-5.213,-8.159,0.1385,49.080922,16.486035,0.2,2.0,smooth
anonymous,1777118778439,0.470,-5.601,-8.130,0.0737,49.080922,16.486035,0.2,2.0,smooth
anonymous,1777118778455,1.210,-5.366,-8.276,0.1278,49.080922,16.486035,0.2,2.0,smooth
anonymous,1777118778472,1.852,-5.151,-7.891,0.2063,49.080922,16.486035,0.2,2.0,smooth
anonymous,1777118778489,0.136,-5.826,-8.026,0.1085,49.080922,16.486035,0.2,2.0,smooth
anonymous,1777118778506,0.139,-5.525,-8.293,0.1559,49.080922,16.486035,0.2,2.0,smooth
anonymous,1777118778522,0.681,-5.325,-8.120,0.0758,49.080922,16.486035,0.2,2.0,smooth
anonymous,1777118778539,0.841,-5.616,-8.212,0.1740,49.080922,16.486035,0.2,2.0,smooth
anonymous,1777118778556,0.173,-5.327,-7.824,0.3436,49.080922,16.486035,0.2,2.0,smooth
anonymous,1777118778572,2.369,-5.491,-8.290,0.4117,49.080922,16.486035,0.2,2.0,smooth
anonymous,1777118778589,-0.659,-5.736,-7.760,0.1372,49.080922,16.486035,0.2,2.0,smooth
anonymous,1777118778605,-0.055,-5.405,-8.253,0.0552,49.080922,16.486035,0.2,2.0,smooth
anonymous,1777118778622,0.812,-5.560,-8.253,0.1744,49.080922,16.486035,0.2,2.0,smooth
anonymous,1777118778639,1.480,-5.577,-8.224,0.2358,49.080922,16.486035,0.2,2.0,smooth
anonymous,1777118778655,0.652,-5.479,-7.806,0.2503,49.080922,16.486035,0.2,2.0,smooth
anonymous,1777118778672,2.045,-5.586,-8.431,0.5079,49.080922,16.486035,0.2,2.0,smooth
anonymous,1777118778689,0.275,-5.574,-8.106,0.0313,49.080922,16.486035,0.2,2.0,smooth
anonymous,1777118778705,0.347,-5.586,-7.859,0.1617,49.080922,16.486035,0.2,2.0,smooth
anonymous,1777118778722,0.560,-5.403,-7.849,0.2645,49.080922,16.486035,0.2,2.0,smooth
anonymous,1777118778738,1.421,-5.337,-7.832,0.2265,49.080922,16.486035,0.2,2.0,smooth
anonymous,1777118778755,0.283,-5.592,-8.118,0.0516,49.080922,16.486035,0.2,2.0,smooth
anonymous,1777118778772,2.315,-4.953,-8.263,0.0975,49.080922,16.486035,0.2,2.0,smooth
anonymous,1777118778789,0.507,-5.893,-7.983,0.1251,49.080922,16.486035,0.2,2.0,smooth
anonymous,1777118778806,0.122,-6.022,-7.699,0.0348,49.080922,16.486035,0.2,2.0,smooth
anonymous,1777118778822,-0.312,-6.178,-7.818,0.1590,49.080922,16.486035,0.2,2.0,smooth
anonymous,1777118778838,0.298,-6.068,-8.092,0.3086,49.080922,16.486035,0.2,2.0,smooth
anonymous,1777118778856,2.165,-5.838,-8.179,0.4698,49.080922,16.486035,0.2,2.0,smooth
anonymous,1777118778872,2.756,-5.478,-8.209,0.4371,49.080922,16.486035,0.2,2.0,smooth
anonymous,1777118778891,2.086,-5.624,-7.773,0.0087,49.080922,16.486035,0.2,2.0,smooth
anonymous,1777118778906,0.209,-5.484,-7.818,0.2578,49.080922,16.486035,0.2,2.0,smooth
anonymous,1777118778922,0.273,-5.338,-8.026,0.1673,49.080922,16.486035,0.2,2.0,smooth
anonymous,1777118778939,0.823,-5.332,-8.668,0.3994,49.080922,16.486035,0.2,2.0,smooth
anonymous,1777118778956,1.397,-5.447,-7.919,0.0978,49.080922,16.486035,0.2,2.0,smooth
anonymous,1777118778973,1.435,-5.517,-7.911,0.0589,49.080922,16.486035,0.2,2.0,smooth
anonymous,1777118778989,2.459,-5.452,-8.453,0.5452,49.080922,16.486035,0.2,2.0,smooth
anonymous,1777118779006,0.879,-5.474,-7.916,0.1453,49.080922,16.486035,0.2,2.0,smooth
anonymous,1777118779022,0.570,-5.405,-8.379,0.1770,49.080922,16.486035,0.2,2.0,smooth
anonymous,1777118779039,0.249,-5.544,-7.706,0.3137,49.080922,16.486035,0.2,2.0,smooth
anonymous,1777118779055,1.854,-5.399,-7.971,0.0062,49.080922,16.486035,0.2,2.0,smooth
anonymous,1777118779071,2.003,-4.888,-8.064,0.1696,49.080922,16.486034,0.5,2.0,smooth
anonymous,1777118779088,3.213,-5.117,-8.787,0.8540,49.080922,16.486034,0.5,2.0,smooth
anonymous,1777118779105,0.348,-6.346,-8.728,0.9863,49.080922,16.486034,0.5,2.0,smooth
anonymous,1777118779122,0.371,-5.561,-6.673,1.1162,49.080922,16.486034,0.5,2.0,smooth
anonymous,1777118779138,0.416,-6.250,-7.082,0.3554,49.080922,16.486034,0.5,2.0,smooth
anonymous,1777118779155,3.023,-5.099,-7.630,0.1475,49.080922,16.486034,0.5,2.0,smooth
anonymous,1777118779171,0.946,-4.908,-8.946,0.4374,49.080922,16.486034,0.5,2.0,smooth
anonymous,1777118779188,1.664,-4.803,-8.912,0.4498,49.080922,16.486034,0.5,2.0,smooth
anonymous,1777118779205,1.321,-5.550,-7.821,0.1292,49.080922,16.486034,0.5,2.0,smooth
anonymous,1777118779222,0.917,-6.081,-7.664,0.0163,49.080922,16.486034,0.5,2.0,smooth
anonymous,1777118779238,0.130,-5.869,-8.026,0.1333,49.080922,16.486034,0.5,2.0,smooth
anonymous,1777118779255,2.738,-4.855,-9.071,0.8372,49.080922,16.486034,0.5,2.0,smooth
anonymous,1777118779272,0.867,-5.521,-8.239,0.1457,49.080922,16.486034,0.5,2.0,smooth
anonymous,1777118779288,1.812,-5.570,-7.972,0.0824,49.080922,16.486034,0.5,2.0,smooth
anonymous,1777118779305,1.748,-5.703,-7.736,0.0409,49.080922,16.486034,0.5,2.0,smooth
anonymous,1777118779322,0.296,-5.583,-8.168,0.0880,49.080922,16.486034,0.5,2.0,smooth
anonymous,1777118779339,0.510,-5.156,-8.512,0.1553,49.080922,16.486034,0.5,2.0,smooth
anonymous,1777118779355,3.167,-5.002,-8.508,0.5551,49.080922,16.486034,0.5,2.0,smooth
anonymous,1777118779372,0.669,-5.696,-7.844,0.0931,49.080922,16.486034,0.5,2.0,smooth
anonymous,1777118779388,0.957,-5.240,-7.977,0.2181,49.080922,16.486034,0.5,2.0,smooth
anonymous,1777118779405,2.838,-4.732,-8.792,0.5703,49.080922,16.486034,0.5,2.0,smooth
anonymous,1777118779422,0.559,-4.952,-8.249,0.1726,49.080922,16.486034,0.5,2.0,smooth
anonymous,1777118779439,0.743,-5.000,-8.797,0.3358,49.080922,16.486034,0.5,2.0,smooth
anonymous,1777118779455,0.778,-5.237,-7.869,0.3256,49.080922,16.486034,0.5,2.0,smooth
anonymous,1777118779472,1.938,-4.969,-7.791,0.3688,49.080922,16.486034,0.5,2.0,smooth
anonymous,1777118779488,0.537,-5.161,-7.642,0.5728,49.080922,16.486034,0.5,2.0,smooth
anonymous,1777118779505,2.596,-5.049,-8.016,0.0130,49.080922,16.486034,0.5,2.0,smooth
anonymous,1777118779522,1.300,-5.054,-7.676,0.5283,49.080922,16.486034,0.5,2.0,smooth
anonymous,1777118779539,-0.312,-5.423,-7.810,0.2967,49.080922,16.486034,0.5,2.0,smooth
anonymous,1777118779555,0.212,-5.181,-7.955,0.3137,49.080922,16.486034,0.5,2.0,smooth
anonymous,1777118779572,1.021,-4.880,-8.491,0.0363,49.080922,16.486034,0.5,2.0,smooth
anonymous,1777118779589,0.717,-5.219,-8.229,0.0396,49.080922,16.486034,0.5,2.0,smooth
anonymous,1777118779606,1.029,-5.140,-7.918,0.3142,49.080922,16.486034,0.5,2.0,smooth
anonymous,1777118779622,2.536,-5.175,-8.388,0.3670,49.080922,16.486034,0.5,2.0,smooth
anonymous,1777118779639,-0.652,-5.336,-7.554,0.5385,49.080922,16.486034,0.5,2.0,smooth
anonymous,1777118779656,0.337,-5.402,-8.020,0.1351,49.080922,16.486034,0.5,2.0,smooth
anonymous,1777118779672,0.521,-5.422,-8.041,0.0978,49.080922,16.486034,0.5,2.0,smooth
anonymous,1777118779689,0.722,-5.915,-7.536,0.2027,49.080922,16.486034,0.5,2.0,smooth
anonymous,1777118779706,1.210,-6.183,-6.822,0.5240,49.080922,16.486034,0.5,2.0,smooth
anonymous,1777118779722,1.987,-6.497,-6.956,0.0866,49.080922,16.486034,0.5,2.0,smooth
anonymous,1777118779739,-0.568,-6.932,-6.481,0.3029,49.080922,16.486034,0.5,2.0,smooth
anonymous,1777118779755,-0.514,-6.551,-7.801,0.3898,49.080922,16.486034,0.5,2.0,smooth
anonymous,1777118779772,-0.631,-6.361,-7.696,0.1946,49.080922,16.486034,0.5,2.0,smooth
anonymous,1777118779789,1.303,-6.334,-9.101,1.3551,49.080922,16.486034,0.5,2.0,smooth
anonymous,1777118779806,1.098,-5.934,-8.771,0.8370,49.080922,16.486034,0.5,2.0,smooth
anonymous,1777118779822,2.607,-6.073,-9.646,1.8832,49.080922,16.486034,0.5,2.0,smooth
anonymous,1777118779839,-1.245,-6.580,-9.588,1.8851,49.080922,16.486034,0.5,2.0,smooth
anonymous,1777118779856,-0.957,-6.420,-8.790,1.1167,49.080922,16.486034,0.5,2.0,smooth
anonymous,1777118779872,-0.729,-6.359,-8.292,0.6651,49.080922,16.486034,0.5,2.0,smooth
anonymous,1777118779889,0.678,-6.129,-8.448,0.6490,49.080922,16.486034,0.5,2.0,smooth
anonymous,1777118779906,0.167,-5.356,-8.374,0.1319,49.080922,16.486034,0.5,2.0,smooth
anonymous,1777118779922,-0.008,-5.202,-8.643,0.2776,49.080922,16.486034,0.5,2.0,smooth
anonymous,1777118779939,-0.557,-5.543,-9.497,1.2008,49.080922,16.486034,0.5,2.0,smooth
anonymous,1777118779955,-1.307,-5.106,-8.064,0.1766,49.080922,16.486034,0.5,2.0,smooth
anonymous,1777118779972,-0.577,-5.380,-8.291,0.0908,49.080922,16.486034,0.5,2.0,smooth
anonymous,1777118779989,-0.018,-5.168,-8.257,0.0687,49.080922,16.486034,0.5,2.0,smooth
anonymous,1777118780006,-0.191,-5.162,-7.599,0.6217,49.080922,16.486034,0.5,2.0,smooth
anonymous,1777118780022,0.481,-4.995,-7.661,0.6523,49.080922,16.486034,0.5,2.0,smooth
anonymous,1777118780039,1.063,-4.959,-7.876,0.4424,49.080922,16.486034,0.5,2.0,smooth
anonymous,1777118780056,-1.400,-5.305,-7.752,0.3124,49.080922,16.486034,0.5,2.0,smooth
anonymous,1777118780072,-0.668,-5.090,-7.828,0.4490,49.080921,16.486034,0.5,2.0,smooth
anonymous,1777118780089,0.389,-4.547,-8.241,0.3894,49.080921,16.486034,0.5,2.0,smooth
anonymous,1777118780105,0.319,-4.756,-8.867,0.2572,49.080921,16.486034,0.5,2.0,smooth
anonymous,1777118780122,0.731,-4.528,-7.966,0.6179,49.080921,16.486034,0.5,2.0,smooth
anonymous,1777118780139,1.418,-5.140,-8.053,0.1523,49.080921,16.486034,0.5,2.0,smooth
anonymous,1777118780155,-0.320,-5.450,-8.384,0.1953,49.080921,16.486034,0.5,2.0,smooth
anonymous,1777118780172,-1.183,-4.896,-8.003,0.3537,49.080921,16.486034,0.5,2.0,smooth
anonymous,1777118780189,-0.277,-4.985,-8.230,0.1837,49.080921,16.486034,0.5,2.0,smooth
anonymous,1777118780205,-0.393,-4.733,-9.036,0.3983,49.080921,16.486034,0.5,2.0,smooth
anonymous,1777118780222,-0.786,-5.029,-8.383,0.0030,49.080921,16.486034,0.5,2.0,smooth
anonymous,1777118780239,0.173,-5.370,-8.703,0.4180,49.080921,16.486034,0.5,2.0,smooth
anonymous,1777118780255,-0.372,-5.488,-8.215,0.0767,49.080921,16.486034,0.5,2.0,smooth
anonymous,1777118780272,-2.338,-6.100,-7.665,0.2617,49.080921,16.486034,0.5,2.0,smooth
anonymous,1777118780289,-2.041,-5.940,-7.930,0.3064,49.080921,16.486034,0.5,2.0,smooth
anonymous,1777118780305,-1.675,-5.653,-8.175,0.2691,49.080921,16.486034,0.5,2.0,smooth
anonymous,1777118780322,-0.911,-5.586,-8.222,0.1715,49.080921,16.486034,0.5,2.0,smooth
anonymous,1777118780339,-0.664,-5.432,-7.986,0.1294,49.080921,16.486034,0.5,2.0,smooth
anonymous,1777118780355,-0.311,-5.569,-8.065,0.0042,49.080921,16.486034,0.5,2.0,smooth
anonymous,1777118780372,-1.767,-6.110,-7.627,0.1210,49.080921,16.486034,0.5,2.0,smooth
anonymous,1777118780388,-1.432,-5.875,-7.293,0.3358,49.080921,16.486034,0.5,2.0,smooth
anonymous,1777118780406,-1.055,-5.690,-8.010,0.0719,49.080921,16.486034,0.5,2.0,smooth
anonymous,1777118780423,-0.479,-5.906,-8.567,0.6066,49.080921,16.486034,0.5,2.0,smooth
anonymous,1777118780439,-0.037,-5.871,-7.838,0.0171,49.080921,16.486034,0.5,2.0,smooth
anonymous,1777118780455,0.604,-6.280,-7.288,0.1709,49.080921,16.486034,0.5,2.0,smooth
anonymous,1777118780471,-1.582,-7.006,-6.201,0.3211,49.080921,16.486034,0.5,2.0,smooth
anonymous,1777118780489,-1.599,-6.348,-7.506,0.1491,49.080921,16.486034,0.5,2.0,smooth
anonymous,1777118780505,-1.528,-5.702,-8.134,0.2408,49.080921,16.486034,0.5,2.0,smooth
anonymous,1777118780522,-0.432,-5.509,-8.749,0.5385,49.080921,16.486034,0.5,2.0,smooth
anonymous,1777118780538,-0.541,-5.811,-8.099,0.1728,49.080921,16.486034,0.5,2.0,smooth
anonymous,1777118780556,-0.444,-6.060,-7.470,0.1808,49.080921,16.486034,0.5,2.0,smooth
anonymous,1777118780572,-0.892,-6.338,-8.167,0.5666,49.080921,16.486034,0.5,2.0,smooth
anonymous,1777118780589,-1.674,-5.898,-7.924,0.2087,49.080921,16.486034,0.5,2.0,smooth
anonymous,1777118780606,-1.529,-5.586,-8.318,0.3260,49.080921,16.486034,0.5,2.0,smooth
anonymous,1777118780622,-1.674,-5.520,-8.601,0.5463,49.080921,16.486034,0.5,2.0,smooth
anonymous,1777118780638,-1.646,-5.699,-8.399,0.4720,49.080921,16.486034,0.5,2.0,smooth
anonymous,1777118780655,-0.548,-5.123,-8.088,0.2198,49.080921,16.486034,0.5,2.0,smooth
anonymous,1777118780672,0.534,-4.963,-8.800,0.3066,49.080921,16.486034,0.5,2.0,smooth
anonymous,1777118780689,-1.394,-5.605,-8.364,0.3542,49.080921,16.486034,0.5,2.0,smooth
anonymous,1777118780706,-1.358,-5.746,-7.611,0.1772,49.080921,16.486034,0.5,2.0,smooth
anonymous,1777118780722,-1.322,-5.661,-7.800,0.0815,49.080921,16.486034,0.5,2.0,smooth
anonymous,1777118780739,-0.861,-5.558,-8.689,0.5406,49.080921,16.486034,0.5,2.0,smooth
anonymous,1777118780756,-0.008,-5.114,-8.459,0.0745,49.080921,16.486034,0.5,2.0,smooth
anonymous,1777118780772,0.158,-5.564,-8.070,0.0069,49.080921,16.486034,0.5,2.0,smooth
anonymous,1777118780789,-0.969,-6.245,-7.705,0.1548,49.080921,16.486034,0.5,2.0,smooth
anonymous,1777118780806,-0.835,-5.919,-7.216,0.4399,49.080921,16.486034,0.5,2.0,smooth
anonymous,1777118780822,-0.582,-5.626,-7.523,0.3986,49.080921,16.486034,0.5,2.0,smooth
anonymous,1777118780839,-0.828,-5.718,-8.340,0.3353,49.080921,16.486034,0.5,2.0,smooth
anonymous,1777118780856,-0.102,-5.546,-7.951,0.1156,49.080921,16.486034,0.5,2.0,smooth
anonymous,1777118780872,1.730,-5.866,-8.196,0.4164,49.080921,16.486034,0.5,2.0,smooth
anonymous,1777118780889,0.034,-6.306,-7.790,0.2126,49.080921,16.486034,0.5,2.0,smooth
anonymous,1777118780906,-1.166,-6.043,-7.302,0.2606,49.080921,16.486034,0.5,2.0,smooth
anonymous,1777118780922,-0.323,-5.944,-7.704,0.0742,49.080921,16.486034,0.5,2.0,smooth
anonymous,1777118780938,-0.266,-5.895,-8.256,0.3380,49.080921,16.486034,0.5,2.0,smooth
anonymous,1777118780956,0.331,-5.721,-7.923,0.0316,49.080921,16.486034,0.5,2.0,smooth
anonymous,1777118780972,1.433,-5.939,-7.951,0.2176,49.080921,16.486034,0.5,2.0,smooth
anonymous,1777118780989,0.818,-6.097,-7.539,0.0795,49.080921,16.486034,0.5,2.0,smooth
anonymous,1777118781006,-0.118,-5.921,-7.726,0.0753,49.080921,16.486034,0.5,2.0,smooth
anonymous,1777118781022,-0.068,-5.961,-8.090,0.2394,49.080921,16.486034,0.5,2.0,smooth
anonymous,1777118781038,-0.157,-5.801,-7.621,0.2312,49.080921,16.486034,0.5,2.0,smooth
anonymous,1777118781056,0.664,-6.038,-7.817,0.0898,49.080921,16.486034,0.5,2.0,smooth
anonymous,1777118781073,1.287,-5.828,-7.804,0.0152,49.080919,16.486037,0.3,2.0,smooth
anonymous,1777118781089,1.594,-6.113,-7.411,0.0719,49.080919,16.486037,0.3,2.0,smooth
anonymous,1777118781106,-0.787,-6.694,-6.970,0.1135,49.080919,16.486037,0.3,2.0,smooth
anonymous,1777118781122,-0.565,-6.412,-7.612,0.1586,49.080919,16.486037,0.3,2.0,smooth
anonymous,1777118781139,0.422,-5.823,-8.038,0.1243,49.080919,16.486037,0.3,2.0,smooth
anonymous,1777118781156,0.882,-6.391,-8.119,0.5599,49.080919,16.486037,0.3,2.0,smooth
anonymous,1777118781172,-0.073,-6.094,-7.274,0.3199,49.080919,16.486037,0.3,2.0,smooth
anonymous,1777118781189,1.692,-6.456,-7.715,0.3917,49.080919,16.486037,0.3,2.0,smooth
anonymous,1777118781206,-0.762,-6.327,-7.714,0.1958,49.080919,16.486037,0.3,2.0,smooth
anonymous,1777118781222,-0.195,-5.762,-7.922,0.0119,49.080919,16.486037,0.3,2.0,smooth
anonymous,1777118781239,-0.405,-5.951,-8.217,0.3436,49.080919,16.486037,0.3,2.0,smooth
anonymous,1777118781256,-0.012,-5.873,-8.195,0.2726,49.080919,16.486037,0.3,2.0,smooth
anonymous,1777118781272,0.096,-5.919,-7.847,0.0196,49.080919,16.486037,0.3,2.0,smooth
anonymous,1777118781289,1.066,-5.994,-7.919,0.1784,49.080919,16.486037,0.3,2.0,smooth
anonymous,1777118781306,-0.977,-6.312,-8.120,0.5210,49.080919,16.486037,0.3,2.0,smooth
anonymous,1777118781322,-1.555,-6.020,-7.984,0.3096,49.080919,16.486037,0.3,2.0,smooth
anonymous,1777118781339,-0.952,-5.755,-7.969,0.0661,49.080919,16.486037,0.3,2.0,smooth
anonymous,1777118781356,-0.650,-5.739,-8.533,0.4940,49.080919,16.486037,0.3,2.0,smooth
anonymous,1777118781372,-0.073,-5.717,-7.766,0.1668,49.080919,16.486037,0.3,2.0,smooth
anonymous,1777118781389,0.927,-5.551,-7.805,0.1877,49.080919,16.486037,0.3,2.0,smooth
anonymous,1777118781406,-0.936,-6.166,-8.275,0.5519,49.080919,16.486037,0.3,2.0,smooth
anonymous,1777118781422,-1.686,-5.692,-7.641,0.1340,49.080919,16.486037,0.3,2.0,smooth
anonymous,1777118781439,-0.833,-5.524,-7.956,0.0885,49.080919,16.486037,0.3,2.0,smooth
anonymous,1777118781456,-1.160,-5.625,-8.657,0.5785,49.080919,16.486037,0.3,2.0,smooth
anonymous,1777118781472,-0.475,-5.420,-7.727,0.3594,49.080919,16.486037,0.3,2.0,smooth
anonymous,1777118781489,1.293,-5.431,-8.224,0.1294,49.080919,16.486037,0.3,2.0,smooth
anonymous,1777118781506,-1.222,-6.199,-7.883,0.2924,49.080919,16.486037,0.3,2.0,smooth
anonymous,1777118781522,-1.584,-5.903,-7.396,0.2157,49.080919,16.486037,0.3,2.0,smooth
anonymous,1777118781539,-0.502,-5.442,-7.861,0.2358,49.080919,16.486037,0.3,2.0,smooth
anonymous,1777118781555,-1.546,-5.643,-8.389,0.4178,49.080919,16.486037,0.3,2.0,smooth
anonymous,1777118781572,-0.021,-5.430,-8.130,0.0334,49.080919,16.486037,0.3,2.0,smooth
anonymous,1777118781589,1.649,-5.736,-7.831,0.0361,49.080919,16.486037,0.3,2.0,smooth
anonymous,1777118781606,-0.615,-6.230,-7.580,0.0206,49.080919,16.486037,0.3,2.0,smooth
anonymous,1777118781622,-0.066,-5.794,-7.885,0.0250,49.080919,16.486037,0.3,2.0,smooth
anonymous,1777118781639,-1.451,-5.940,-8.375,0.5600,49.080919,16.486037,0.3,2.0,smooth
anonymous,1777118781656,-1.228,-5.863,-7.561,0.1642,49.080919,16.486037,0.3,2.0,smooth
anonymous,1777118781672,1.591,-5.642,-8.480,0.4990,49.080919,16.486037,0.3,2.0,smooth
anonymous,1777118781689,-0.851,-6.147,-7.163,0.3323,49.080919,16.486037,0.3,2.0,smooth
anonymous,1777118781706,-0.967,-6.113,-7.411,0.1543,49.080919,16.486037,0.3,2.0,smooth
anonymous,1777118781722,-0.041,-5.914,-8.215,0.3125,49.080919,16.486037,0.3,2.0,smooth
anonymous,1777118781739,-1.261,-5.725,-7.407,0.3636,49.080919,16.486037,0.3,2.0,smooth
anonymous,1777118781756,0.923,-5.660,-8.416,0.3739,49.080919,16.486037,0.3,2.0,smooth
anonymous,1777118781772,-0.501,-6.242,-7.385,0.1272,49.080919,16.486037,0.3,2.0,smooth
anonymous,1777118781789,1.445,-6.075,-8.095,0.4132,49.080919,16.486037,0.3,2.0,smooth
anonymous,1777118781806,0.586,-5.988,-8.179,0.3434,49.080919,16.486037,0.3,2.0,smooth
anonymous,1777118781822,-1.451,-5.865,-7.242,0.3785,49.080919,16.486037,0.3,2.0,smooth
anonymous,1777118781839,1.432,-6.126,-8.299,0.6040,49.080919,16.486037,0.3,2.0,smooth
anonymous,1777118781856,-0.466,-5.982,-7.021,0.5748,49.080919,16.486037,0.3,2.0,smooth
anonymous,1777118781872,2.178,-6.183,-8.212,0.6976,49.080919,16.486037,0.3,2.0,smooth
anonymous,1777118781889,-1.510,-6.124,-6.947,0.4272,49.080919,16.486037,0.3,2.0,smooth
anonymous,1777118781906,-0.046,-5.554,-7.361,0.5886,49.080919,16.486037,0.3,2.0,smooth
anonymous,1777118781922,0.706,-6.301,-7.810,0.2498,49.080919,16.486037,0.3,2.0,smooth
anonymous,1777118781939,1.437,-6.239,-7.489,0.0427,49.080919,16.486037,0.3,2.0,smooth
anonymous,1777118781955,0.556,-6.194,-7.997,0.3209,49.080919,16.486037,0.3,2.0,smooth
anonymous,1777118781972,-0.469,-5.757,-7.158,0.6121,49.080919,16.486037,0.3,2.0,smooth
anonymous,1777118781988,0.947,-6.377,-8.260,0.6680,49.080919,16.486037,0.3,2.0,smooth
anonymous,1777118782005,-0.325,-6.773,-7.358,0.1963,49.080919,16.486037,0.3,2.0,smooth
anonymous,1777118782022,0.797,-6.685,-7.454,0.2346,49.080919,16.486037,0.3,2.0,smooth
anonymous,1777118782040,0.249,-5.922,-7.709,0.0856,49.080919,16.486037,0.3,2.0,smooth
anonymous,1777118782055,-0.564,-6.544,-7.774,0.3674,49.080917,16.486039,0.1,2.0,smooth
anonymous,1777118782072,-0.016,-6.708,-8.186,0.7733,49.080917,16.486039,0.1,2.0,smooth
anonymous,1777118782089,-0.155,-7.009,-6.700,0.1130,49.080917,16.486039,0.1,2.0,smooth
anonymous,1777118782106,-0.359,-6.697,-7.597,0.3237,49.080917,16.486039,0.1,2.0,smooth
anonymous,1777118782122,0.059,-5.998,-7.620,0.1124,49.080917,16.486039,0.1,2.0,smooth
anonymous,1777118782139,-0.294,-6.756,-7.875,0.5697,49.080917,16.486039,0.1,2.0,smooth
anonymous,1777118782156,0.566,-6.119,-6.390,0.9449,49.080917,16.486039,0.1,2.0,smooth
anonymous,1777118782172,-0.148,-6.654,-7.265,0.0428,49.080917,16.486039,0.1,2.0,smooth
anonymous,1777118782189,-0.337,-6.599,-6.815,0.3176,49.080917,16.486039,0.1,2.0,smooth
anonymous,1777118782206,-0.629,-6.929,-8.283,1.0077,49.080917,16.486039,0.1,2.0,smooth
anonymous,1777118782222,-0.754,-6.737,-7.633,0.3986,49.080917,16.486039,0.1,2.0,smooth
anonymous,1777118782239,-0.143,-6.470,-8.129,0.5807,49.080917,16.486039,0.1,2.0,smooth
anonymous,1777118782256,-0.181,-6.611,-6.813,0.3151,49.080917,16.486039,0.1,2.0,smooth
anonymous,1777118782272,-0.244,-6.541,-6.053,0.8946,49.080917,16.486039,0.1,2.0,smooth
anonymous,1777118782289,-0.950,-6.884,-6.985,0.0435,49.080917,16.486039,0.1,2.0,smooth
anonymous,1777118782306,-1.087,-6.828,-7.301,0.2454,49.080917,16.486039,0.1,2.0,smooth
anonymous,1777118782322,-1.109,-6.808,-8.627,1.2355,49.080917,16.486039,0.1,2.0,smooth
anonymous,1777118782339,0.052,-6.260,-7.844,0.2259,49.080917,16.486039,0.1,2.0,smooth
anonymous,1777118782356,-1.108,-6.883,-8.308,1.0358,49.080917,16.486039,0.1,2.0,smooth
anonymous,1777118782372,-0.463,-7.095,-7.859,0.7881,49.080917,16.486039,0.1,2.0,smooth
anonymous,1777118782389,-0.859,-7.469,-7.403,0.7413,49.080917,16.486039,0.1,2.0,smooth
anonymous,1777118782406,-0.053,-6.631,-7.820,0.4431,49.080917,16.486039,0.1,2.0,smooth
anonymous,1777118782422,0.364,-7.228,-7.002,0.2595,49.080917,16.486039,0.1,2.0,smooth
anonymous,1777118782439,-0.726,-6.838,-8.200,0.8917,49.080917,16.486039,0.1,2.0,smooth
anonymous,1777118782456,0.053,-7.505,-7.264,0.6354,49.080917,16.486039,0.1,2.0,smooth
anonymous,1777118782472,0.551,-7.137,-5.848,0.5671,49.080917,16.486039,0.1,2.0,smooth
anonymous,1777118782489,-0.121,-7.184,-5.809,0.5706,49.080917,16.486039,0.1,2.0,smooth
anonymous,1777118782506,0.242,-7.478,-6.510,0.1074,49.080917,16.486039,0.1,2.0,smooth
anonymous,1777118782521,0.988,-6.633,-6.273,0.6272,49.080917,16.486039,0.1,2.0,smooth
anonymous,1777118782539,-0.423,-7.660,-4.604,0.8630,49.080917,16.486039,0.1,2.0,smooth
anonymous,1777118782556,1.421,-6.691,-8.478,1.0833,49.080917,16.486039,0.1,2.0,smooth
anonymous,1777118782572,-0.234,-7.448,-7.576,0.8165,49.080917,16.486039,0.1,2.0,smooth
anonymous,1777118782589,0.393,-9.046,-6.013,1.0592,49.080917,16.486039,0.1,2.0,smooth
anonymous,1777118782606,-0.224,-7.824,-4.740,0.6598,49.080917,16.486039,0.1,2.0,smooth
anonymous,1777118782622,0.022,-6.981,-8.023,0.8248,49.080917,16.486039,0.1,2.0,smooth
anonymous,1777118782639,0.534,-8.022,-7.901,1.4620,49.080917,16.486039,0.1,2.0,smooth
anonymous,1777118782656,-0.479,-8.875,-6.532,1.2199,49.080917,16.486039,0.1,2.0,smooth
anonymous,1777118782672,0.657,-8.393,-7.173,1.2495,49.080917,16.486039,0.1,2.0,smooth
anonymous,1777118782689,-0.244,-8.311,-5.668,0.2526,49.080917,16.486039,0.1,2.0,smooth
anonymous,1777118782706,-0.544,-8.715,-8.621,2.4607,49.080917,16.486039,0.1,2.0,smooth
anonymous,1777118782722,0.017,-9.358,-4.956,0.7798,49.080917,16.486039,0.1,2.0,smooth
anonymous,1777118782739,0.897,-8.878,-4.983,0.4099,49.080917,16.486039,0.1,2.0,smooth
anonymous,1777118782756,0.123,-8.721,-6.718,1.1994,49.080917,16.486039,0.1,2.0,smooth
anonymous,1777118782772,0.507,-7.596,-9.678,2.5034,49.080917,16.486039,0.1,2.0,smooth
anonymous,1777118782789,-0.236,-8.430,-3.920,0.5106,49.080917,16.486039,0.1,2.0,smooth
anonymous,1777118782806,-0.456,-8.643,-4.925,0.1479,49.080917,16.486039,0.1,2.0,smooth
anonymous,1777118782822,0.745,-8.870,-6.559,1.2467,49.080917,16.486039,0.1,2.0,smooth
anonymous,1777118782839,0.524,-8.472,-5.772,0.4543,49.080917,16.486039,0.1,2.0,smooth
anonymous,1777118782856,-0.055,-7.719,-5.435,0.3692,49.080917,16.486039,0.1,2.0,smooth
anonymous,1777118782872,-0.691,-8.718,-6.873,1.3128,49.080917,16.486039,0.1,2.0,smooth
anonymous,1777118782889,-0.311,-9.204,-5.210,0.7708,49.080917,16.486039,0.1,2.0,smooth
anonymous,1777118782906,1.176,-8.305,-4.670,0.2100,49.080917,16.486039,0.1,2.0,smooth
anonymous,1777118782925,1.095,-8.111,-7.266,1.1345,49.080917,16.486039,0.1,2.0,smooth
anonymous,1777118782939,-0.127,-8.559,-5.700,0.4744,49.080917,16.486039,0.1,2.0,smooth
anonymous,1777118782956,-0.677,-8.381,-4.934,0.0610,49.080917,16.486039,0.1,2.0,smooth
anonymous,1777118782972,1.200,-9.016,-5.545,0.8423,49.080917,16.486039,0.1,2.0,smooth
anonymous,1777118782988,0.532,-7.767,-5.541,0.2542,49.080917,16.486039,0.1,2.0,smooth
anonymous,1777118783006,0.934,-8.605,-6.694,1.1319,49.080917,16.486039,0.1,2.0,smooth
anonymous,1777118783022,-0.685,-10.283,-5.810,2.0202,49.080917,16.486039,0.1,2.0,smooth
anonymous,1777118783039,0.237,-8.623,-7.109,1.3681,49.080917,16.486039,0.1,2.0,smooth
anonymous,1777118783056,-0.160,-8.871,-4.611,0.1896,49.080917,16.486039,0.1,2.0,smooth
anonymous,1777118783072,-0.623,-9.419,-4.544,0.6665,49.080917,16.486039,0.1,2.0,smooth
anonymous,1777118783089,-0.731,-9.080,-6.354,1.2967,49.080921,16.486034,2.3,2.0,smooth
anonymous,1777118783106,0.345,-7.357,-6.855,0.2513,49.080921,16.486034,2.3,2.0,smooth
anonymous,1777118783122,0.229,-8.054,-10.617,3.5186,49.080921,16.486034,2.3,2.0,smooth
anonymous,1777118783139,-0.128,-8.770,-4.884,0.2290,49.080921,16.486034,2.3,2.0,smooth
anonymous,1777118783156,-1.606,-10.222,-5.720,2.0133,49.080921,16.486034,2.3,2.0,smooth
anonymous,1777118783172,-1.769,-9.969,-3.149,0.7937,49.080921,16.486034,2.3,2.0,smooth
anonymous,1777118783189,-0.070,-9.769,-6.974,2.1928,49.080921,16.486034,2.3,2.0,smooth
anonymous,1777118783206,0.313,-9.424,-5.328,1.0201,49.080921,16.486034,2.3,2.0,smooth
anonymous,1777118783222,0.502,-8.234,-7.329,1.2243,49.080921,16.486034,2.3,2.0,smooth
anonymous,1777118783239,-1.106,-8.398,-8.800,2.4040,49.080921,16.486034,2.3,2.0,smooth
anonymous,1777118783256,-2.010,-11.043,-1.688,1.5405,49.080921,16.486034,2.3,2.0,smooth
anonymous,1777118783272,-3.274,-9.275,-4.022,0.8167,49.080921,16.486034,2.3,2.0,smooth
anonymous,1777118783289,1.909,-8.996,-6.232,1.2993,49.080921,16.486034,2.3,2.0,smooth
anonymous,1777118783306,-0.958,-8.630,-7.941,1.9564,49.080921,16.486034,2.3,2.0,smooth
anonymous,1777118783322,-1.736,-8.365,-7.035,1.2569,49.080921,16.486034,2.3,2.0,smooth
anonymous,1777118783339,-1.467,-9.529,-6.098,1.5980,49.080921,16.486034,2.3,2.0,smooth
anonymous,1777118783356,-3.149,-9.733,-4.027,1.1841,49.080921,16.486034,2.3,2.0,smooth
anonymous,1777118783372,-0.032,-9.826,-4.298,0.9148,49.080921,16.486034,2.3,2.0,smooth
anonymous,1777118783389,3.260,-7.913,-9.260,2.7987,49.080921,16.486034,2.3,2.0,smooth
anonymous,1777118783406,-1.211,-10.165,-3.532,1.0192,49.080921,16.486034,2.3,2.0,smooth
anonymous,1777118783422,-2.634,-8.279,-6.700,1.1610,49.080921,16.486034,2.3,2.0,smooth
anonymous,1777118783439,-1.831,-9.118,-7.364,2.0528,49.080921,16.486034,2.3,2.0,smooth
anonymous,1777118783456,-0.177,-11.343,-2.949,1.9112,49.080921,16.486034,2.3,2.0,smooth
anonymous,1777118783472,-0.360,-9.337,-5.486,1.0257,49.080921,16.486034,2.3,2.0,smooth
anonymous,1777118783489,-0.353,-7.882,-6.266,0.2651,49.080921,16.486034,2.3,2.0,smooth
anonymous,1777118783506,-2.610,-10.242,-2.723,1.1043,49.080921,16.486034,2.3,2.0,smooth
anonymous,1777118783522,-1.174,-9.609,-3.106,0.3568,49.080921,16.486034,2.3,2.0,smooth
anonymous,1777118783539,-0.233,-8.900,-6.623,1.2866,49.080921,16.486034,2.3,2.0,smooth
anonymous,1777118783555,-0.233,-10.022,-1.828,0.3799,49.080921,16.486034,2.3,2.0,smooth
anonymous,1777118783572,-1.542,-10.895,-3.591,1.7644,49.080921,16.486034,2.3,2.0,smooth
anonymous,1777118783588,1.162,-8.013,-5.704,0.0940,49.080921,16.486034,2.3,2.0,smooth
anonymous,1777118783605,-0.122,-9.605,-3.629,0.4583,49.080921,16.486034,2.3,2.0,smooth
anonymous,1777118783622,0.416,-10.160,-3.959,1.1015,49.080921,16.486034,2.3,2.0,smooth
anonymous,1777118783639,-0.710,-8.193,-6.896,0.9225,49.080921,16.486034,2.3,2.0,smooth
anonymous,1777118783656,1.165,-10.070,-3.389,0.8785,49.080921,16.486034,2.3,2.0,smooth
anonymous,1777118783672,0.753,-10.750,-1.999,1.1505,49.080921,16.486034,2.3,2.0,smooth
anonymous,1777118783689,-0.415,-7.578,-6.857,0.4182,49.080921,16.486034,2.3,2.0,smooth
anonymous,1777118783706,-0.154,-9.542,-7.098,2.0834,49.080921,16.486034,2.3,2.0,smooth
anonymous,1777118783722,-0.475,-10.534,-4.603,1.6952,49.080921,16.486034,2.3,2.0,smooth
anonymous,1777118783739,1.950,-9.199,-5.584,1.1260,49.080921,16.486034,2.3,2.0,smooth
anonymous,1777118783756,-0.249,-9.779,-3.188,0.4786,49.080921,16.486034,2.3,2.0,smooth
anonymous,1777118783772,-1.111,-9.445,-6.135,1.5074,49.080921,16.486034,2.3,2.0,smooth
anonymous,1777118783789,1.658,-10.020,-6.324,2.1544,49.080921,16.486034,2.3,2.0,smooth
anonymous,1777118783806,1.948,-6.079,-5.794,1.1892,49.080921,16.486034,2.3,2.0,smooth
anonymous,1777118783823,-0.925,-10.236,-6.606,2.4078,49.080921,16.486034,2.3,2.0,smooth
anonymous,1777118783839,-0.054,-9.008,-5.183,0.5827,49.080921,16.486034,2.3,2.0,smooth
anonymous,1777118783856,1.576,-8.184,-9.151,2.5672,49.080921,16.486034,2.3,2.0,smooth
anonymous,1777118783872,0.214,-9.620,-3.990,0.6069,49.080921,16.486034,2.3,2.0,smooth
anonymous,1777118783889,0.477,-9.255,-2.841,0.1166,49.080921,16.486034,2.3,2.0,smooth
anonymous,1777118783906,-1.558,-9.460,-6.257,1.6383,49.080921,16.486034,2.3,2.0,smooth
anonymous,1777118783922,1.479,-9.599,-4.536,0.9095,49.080921,16.486034,2.3,2.0,smooth
anonymous,1777118783939,0.452,-8.281,-9.312,2.6601,49.080921,16.486034,2.3,2.0,smooth
anonymous,1777118783956,1.036,-9.900,-7.182,2.4640,49.080921,16.486034,2.3,2.0,smooth
anonymous,1777118783972,-0.300,-9.661,-5.260,1.1943,49.080921,16.486034,2.3,2.0,smooth
anonymous,1777118783989,0.010,-8.295,-6.496,0.7264,49.080921,16.486034,2.3,2.0,smooth
anonymous,1777118784006,-0.269,-11.585,-4.461,2.6072,49.080921,16.486034,2.3,2.0,smooth
anonymous,1777118784022,0.506,-8.105,-6.388,0.5226,49.080921,16.486034,2.3,2.0,smooth
anonymous,1777118784039,-0.343,-9.088,-8.227,2.4534,49.080921,16.486034,2.3,2.0,smooth
anonymous,1777118784056,-0.430,-10.959,-5.723,2.5606,49.080921,16.486034,2.3,2.0,smooth
anonymous,1777118784072,1.178,-9.814,-2.535,0.3940,49.080946,16.485999,11.3,2.0,smooth
anonymous,1777118784089,-0.288,-7.985,-6.813,0.6906,49.080946,16.485999,11.3,2.0,smooth
anonymous,1777118784105,0.152,-10.899,-6.146,2.7034,49.080946,16.485999,11.3,2.0,smooth
anonymous,1777118784122,0.565,-9.492,-2.969,0.1514,49.080946,16.485999,11.3,2.0,smooth
anonymous,1777118784138,-0.335,-7.747,-9.729,2.6313,49.080946,16.485999,11.3,2.0,smooth
anonymous,1777118784155,-0.329,-9.233,-10.699,4.3259,49.080946,16.485999,11.3,2.0,smooth
anonymous,1777118784172,0.287,-8.018,-7.249,1.0023,49.080946,16.485999,11.3,2.0,smooth
anonymous,1777118784189,-0.042,-7.271,-8.153,1.1145,49.080946,16.485999,11.3,2.0,smooth
anonymous,1777118784205,0.067,-8.613,-7.869,1.8566,49.080946,16.485999,11.3,2.0,smooth
anonymous,1777118784222,-0.065,-7.781,-8.635,1.8132,49.080946,16.485999,11.3,2.0,smooth
anonymous,1777118784239,1.201,-7.992,-4.642,0.4905,49.080946,16.485999,11.3,2.0,smooth
anonymous,1777118784256,-1.372,-9.200,-3.593,0.1617,49.080946,16.485999,11.3,2.0,smooth
anonymous,1777118784272,-0.100,-6.776,-6.600,0.3502,49.080946,16.485999,11.3,2.0,smooth
anonymous,1777118784289,2.196,-9.164,-5.172,0.9400,49.080946,16.485999,11.3,2.0,smooth
anonymous,1777118784306,0.757,-9.838,-2.810,0.4496,49.080946,16.485999,11.3,2.0,smooth
anonymous,1777118784322,0.710,-9.250,0.489,0.5195,49.080946,16.485999,11.3,2.0,smooth
anonymous,1777118784339,-0.014,-6.731,-11.949,3.9049,49.080946,16.485999,11.3,2.0,smooth
anonymous,1777118784356,-0.248,-6.978,-11.145,3.3414,49.080946,16.485999,11.3,2.0,smooth
anonymous,1777118784372,0.364,-10.573,-4.669,1.7539,49.080946,16.485999,11.3,2.0,smooth
anonymous,1777118784389,-0.167,-11.519,2.778,2.0406,49.080946,16.485999,11.3,2.0,smooth
anonymous,1777118784406,0.138,-6.571,-6.377,0.6524,49.080946,16.485999,11.3,2.0,smooth
anonymous,1777118784422,2.617,-9.016,-9.929,3.8543,49.080946,16.485999,11.3,2.0,smooth
anonymous,1777118784441,0.662,-9.440,-4.444,0.6446,49.080946,16.485999,11.3,2.0,smooth
anonymous,1777118784456,0.804,-10.093,-4.980,1.4733,49.080946,16.485999,11.3,2.0,smooth
anonymous,1777118784472,-1.574,-8.777,-8.264,2.3476,49.080946,16.485999,11.3,2.0,smooth
anonymous,1777118784489,-0.011,-7.720,-5.992,0.0374,49.080946,16.485999,11.3,2.0,smooth
anonymous,1777118784506,4.050,-9.084,-7.704,2.7706,49.080946,16.485999,11.3,2.0,smooth
anonymous,1777118784521,0.286,-8.135,-4.396,0.5590,49.080946,16.485999,11.3,2.0,smooth
anonymous,1777118784539,-2.941,-11.254,-8.163,4.4005,49.080946,16.485999,11.3,2.0,smooth
anonymous,1777118784556,-1.094,-10.278,-7.274,2.8289,49.080946,16.485999,11.3,2.0,smooth
anonymous,1777118784572,5.445,-8.253,-5.471,1.4903,49.080946,16.485999,11.3,2.0,smooth
anonymous,1777118784589,1.788,-8.772,-5.344,0.6167,49.080946,16.485999,11.3,2.0,smooth
anonymous,1777118784605,-4.252,-9.921,-0.714,1.0073,49.080946,16.485999,11.3,2.0,smooth
anonymous,1777118784622,-2.739,-10.885,-7.721,3.8132,49.080946,16.485999,11.3,2.0,smooth
anonymous,1777118784639,4.855,-8.738,-5.671,1.6831,49.080946,16.485999,11.3,2.0,smooth
anonymous,1777118784656,-2.030,-9.799,-6.029,1.8728,49.080946,16.485999,11.3,2.0,smooth
anonymous,1777118784672,-3.373,-9.128,-2.068,0.1387,49.080946,16.485999,11.3,2.0,smooth
anonymous,1777118784689,-3.437,-8.896,-6.666,1.8253,49.080946,16.485999,11.3,2.0,smooth
anonymous,1777118784706,2.179,-9.639,-4.714,1.1390,49.080946,16.485999,11.3,2.0,smooth
anonymous,1777118784722,-0.718,-10.207,-4.936,1.5504,49.080946,16.485999,11.3,2.0,smooth
anonymous,1777118784739,0.266,-8.711,-7.538,1.7131,49.080946,16.485999,11.3,2.0,smooth
anonymous,1777118784756,-3.053,-9.062,-7.134,2.1199,49.080946,16.485999,11.3,2.0,smooth
anonymous,1777118784772,-0.952,-9.148,-5.892,1.1125,49.080946,16.485999,11.3,2.0,smooth
anonymous,1777118784789,2.490,-7.893,-7.412,1.3002,49.080946,16.485999,11.3,2.0,smooth
anonymous,1777118784806,-0.588,-10.243,-3.314,0.9714,49.080946,16.485999,11.3,2.0,smooth
anonymous,1777118784822,-0.317,-7.346,-9.157,1.9339,49.080946,16.485999,11.3,2.0,smooth
anonymous,1777118784839,0.441,-7.722,-8.073,1.3705,49.080946,16.485999,11.3,2.0,smooth
anonymous,1777118784856,1.842,-7.371,-6.312,0.0681,49.080946,16.485999,11.3,2.0,smooth
anonymous,1777118784872,-3.089,-10.879,-7.139,3.5636,49.080946,16.485999,11.3,2.0,smooth
anonymous,1777118784889,0.608,-7.771,-4.592,0.7632,49.080946,16.485999,11.3,2.0,smooth
anonymous,1777118784906,-2.275,-9.585,-8.290,3.0655,49.080946,16.485999,11.3,2.0,smooth
anonymous,1777118784922,3.329,-8.691,-10.277,4.0546,49.080946,16.485999,11.3,2.0,smooth
anonymous,1777118784941,-0.126,-8.586,-3.880,0.3871,49.080946,16.485999,11.3,2.0,smooth
anonymous,1777118784956,0.629,-7.543,-8.364,1.4706,49.080946,16.485999,11.3,2.0,smooth
anonymous,1777118784972,-2.304,-10.411,-4.146,1.6303,49.080946,16.485999,11.3,2.0,smooth
anonymous,1777118784989,-0.811,-7.472,-5.111,0.7210,49.080946,16.485999,11.3,2.0,smooth
anonymous,1777118785005,-2.688,-11.251,-5.669,3.0724,49.080946,16.485999,11.3,2.0,smooth
anonymous,1777118785022,4.792,-9.519,-6.630,2.7409,49.080946,16.485999,11.3,2.0,smooth
anonymous,1777118785039,-1.112,-10.369,-7.823,3.2263,49.080946,16.485999,11.3,2.0,smooth
anonymous,1777118785055,4.590,-11.039,-4.673,3.0263,49.080946,16.485999,11.3,2.0,smooth
anonymous,1777118785072,-2.230,-8.797,-4.587,0.3590,49.081013,16.485951,24.4,2.0,smooth
anonymous,1777118785089,2.159,-11.264,-4.182,2.3982,49.081013,16.485951,24.4,2.0,smooth
anonymous,1777118785106,-2.736,-10.844,-2.579,1.6677,49.081013,16.485951,24.4,2.0,smooth
anonymous,1777118785122,1.183,-9.982,-6.990,2.4336,49.081013,16.485951,24.4,2.0,smooth
anonymous,1777118785139,-1.147,-12.103,-9.757,5.7780,49.081013,16.485951,24.4,2.0,smooth
anonymous,1777118785155,1.194,-8.749,-3.156,0.4322,49.081013,16.485951,24.4,2.0,smooth
anonymous,1777118785172,-0.759,-12.535,-1.743,2.8686,49.081013,16.485951,24.4,2.0,smooth
anonymous,1777118785188,1.691,-5.426,-9.074,0.8965,49.081013,16.485951,24.4,2.0,smooth
anonymous,1777118785206,-0.503,-8.484,-5.602,0.3693,49.081013,16.485951,24.4,2.0,smooth
anonymous,1777118785222,1.866,-9.546,-4.577,0.9394,49.081013,16.485951,24.4,2.0,smooth
anonymous,1777118785239,-0.977,-9.601,0.545,0.1435,49.081013,16.485951,24.4,2.0,smooth
anonymous,1777118785256,-2.675,-8.444,-6.961,1.4549,49.081013,16.485951,24.4,2.0,smooth
anonymous,1777118785272,-2.544,-7.889,-5.276,0.0162,49.081013,16.485951,24.4,2.0,smooth
anonymous,1777118785289,1.439,-11.866,-4.393,2.9250,49.081013,16.485951,24.4,2.0,smooth
anonymous,1777118785306,1.942,-9.297,-3.960,0.4801,49.081013,16.485951,24.4,2.0,smooth
anonymous,1777118785322,-0.759,-9.331,-12.603,5.8897,49.081013,16.485951,24.4,2.0,smooth
anonymous,1777118785339,-1.789,-10.705,-11.605,6.0796,49.081013,16.485951,24.4,2.0,smooth
anonymous,1777118785356,1.788,-7.684,-6.589,0.4688,49.081013,16.485951,24.4,2.0,smooth
anonymous,1777118785372,1.138,-6.954,-6.985,0.1117,49.081013,16.485951,24.4,2.0,smooth
anonymous,1777118785389,-1.509,-10.743,0.480,1.0493,49.081013,16.485951,24.4,2.0,smooth
anonymous,1777118785406,-2.544,-9.204,1.759,0.1003,49.081013,16.485951,24.4,2.0,smooth
anonymous,1777118785422,-1.458,-9.547,-4.960,1.0469,49.081013,16.485951,24.4,2.0,smooth
anonymous,1777118785439,-0.657,-7.369,-1.300,2.2983,49.081013,16.485951,24.4,2.0,smooth
anonymous,1777118785455,1.612,-10.775,-10.367,5.2288,49.081013,16.485951,24.4,2.0,smooth
anonymous,1777118785472,-1.156,-10.260,1.998,0.7066,49.081013,16.485951,24.4,2.0,smooth
anonymous,1777118785489,-0.109,-7.704,-2.606,1.6768,49.081013,16.485951,24.4,2.0,smooth
anonymous,1777118785506,2.935,-10.197,-10.528,5.1379,49.081013,16.485951,24.4,2.0,smooth
anonymous,1777118785522,-2.004,-9.603,2.264,0.2583,49.081013,16.485951,24.4,2.0,smooth
anonymous,1777118785539,0.860,-8.205,-7.970,1.6609,49.081013,16.485951,24.4,2.0,smooth
anonymous,1777118785556,-0.887,-10.033,-9.700,4.1737,49.081013,16.485951,24.4,2.0,smooth
anonymous,1777118785572,-1.415,-9.267,3.990,0.3781,49.081013,16.485951,24.4,2.0,smooth
anonymous,1777118785589,-0.698,-8.790,-9.091,2.8547,49.081013,16.485951,24.4,2.0,smooth
anonymous,1777118785606,2.605,-8.413,-10.511,3.9031,49.081013,16.485951,24.4,2.0,smooth
anonymous,1777118785622,-1.252,-9.489,-4.077,0.5932,49.081013,16.485951,24.4,2.0,smooth
anonymous,1777118785639,0.767,-9.120,-10.290,3.9609,49.081013,16.485951,24.4,2.0,smooth
anonymous,1777118785656,-1.809,-10.245,-7.675,3.1178,49.081013,16.485951,24.4,2.0,smooth
anonymous,1777118785672,-1.297,-9.846,-5.455,1.5209,49.081013,16.485951,24.4,2.0,smooth
anonymous,1777118785689,0.351,-8.887,-10.135,3.6741,49.081013,16.485951,24.4,2.0,smooth
anonymous,1777118785706,-1.410,-9.102,-4.874,0.6113,49.081013,16.485951,24.4,2.0,smooth
anonymous,1777118785722,-2.344,-10.913,-6.734,3.2260,49.081013,16.485951,24.4,2.0,smooth
anonymous,1777118785739,-0.772,-8.062,-7.597,1.2943,49.081013,16.485951,24.4,2.0,smooth
anonymous,1777118785756,-0.836,-7.944,-7.872,1.4048,49.081013,16.485951,24.4,2.0,smooth
anonymous,1777118785772,-0.555,-11.985,-5.967,3.5896,49.081013,16.485951,24.4,2.0,smooth
anonymous,1777118785789,-2.165,-8.628,-7.157,1.6073,49.081013,16.485951,24.4,2.0,smooth
anonymous,1777118785805,-2.168,-6.841,-6.862,0.1193,49.081013,16.485951,24.4,2.0,smooth
anonymous,1777118785822,-1.511,-10.038,-4.971,1.4925,49.081013,16.485951,24.4,2.0,smooth
anonymous,1777118785839,-1.559,-8.927,-9.842,3.5685,49.081013,16.485951,24.4,2.0,smooth
anonymous,1777118785856,2.047,-5.825,-8.532,0.7218,49.081013,16.485951,24.4,2.0,smooth
anonymous,1777118785872,-2.166,-8.075,-3.171,0.8679,49.081013,16.485951,24.4,2.0,smooth
anonymous,1777118785889,-1.756,-11.664,-5.182,3.0736,49.081013,16.485951,24.4,2.0,smooth
anonymous,1777118785905,2.005,-8.298,-5.015,0.0906,49.081013,16.485951,24.4,2.0,smooth
anonymous,1777118785922,0.493,-6.960,-10.939,3.1645,49.081013,16.485951,24.4,2.0,smooth
anonymous,1777118785939,-0.125,-9.036,-8.293,2.4556,49.081013,16.485951,24.4,2.0,smooth
anonymous,1777118785956,-2.329,-9.889,3.061,0.8002,49.081013,16.485951,24.4,2.0,smooth
anonymous,1777118785972,1.417,-6.836,-4.789,1.3439,49.081013,16.485951,24.4,2.0,smooth
anonymous,1777118785989,1.428,-9.670,-13.799,7.1008,49.081013,16.485951,24.4,2.0,smooth
anonymous,1777118786006,1.190,-11.147,2.887,1.7663,49.081013,16.485951,24.4,2.0,smooth
anonymous,1777118786022,-1.794,-12.797,13.836,9.1222,49.081013,16.485951,24.4,2.0,smooth
anonymous,1777118786039,-0.101,-7.315,2.256,2.1539,49.081013,16.485951,24.4,2.0,smooth
anonymous,1777118786055,3.015,-7.434,-9.744,2.8113,49.081013,16.485951,24.4,2.0,smooth
anonymous,1777118786073,-1.399,-8.150,4.715,0.2907,49.081099,16.485851,38.3,2.0,smooth
anonymous,1777118786089,-1.630,-14.388,6.231,5.9541,49.081099,16.485851,38.3,2.0,smooth
anonymous,1777118786106,-2.249,-9.805,-10.985,5.0846,49.081099,16.485851,38.3,2.0,smooth
anonymous,1777118786122,7.403,-6.319,-21.448,13.7430,49.081099,16.485851,38.3,2.0,smooth
anonymous,1777118786139,-2.163,-6.650,-11.507,3.6553,49.081099,16.485851,38.3,2.0,smooth
anonymous,1777118786156,-1.661,-7.883,-8.171,1.6647,49.081099,16.485851,38.3,2.0,smooth
anonymous,1777118786172,-3.378,-8.337,-12.225,5.3680,49.081099,16.485851,38.3,2.0,smooth
anonymous,1777118786189,5.257,-7.542,-18.106,10.4962,49.081099,16.485851,38.3,2.0,smooth
anonymous,1777118786206,6.523,-10.725,4.927,3.6750,49.081099,16.485851,38.3,2.0,smooth
anonymous,1777118786222,-3.854,-11.666,-1.046,2.5206,49.081099,16.485851,38.3,2.0,smooth
anonymous,1777118786239,-0.847,-9.694,2.112,0.1473,49.081099,16.485851,38.3,2.0,smooth
anonymous,1777118786256,-0.586,-5.936,-15.273,6.5866,49.081099,16.485851,38.3,2.0,smooth
anonymous,1777118786272,2.808,-6.111,-4.053,1.9579,49.081099,16.485851,38.3,2.0,smooth
anonymous,1777118786289,-0.234,-12.354,-3.443,3.0165,49.081099,16.485851,38.3,2.0,smooth
anonymous,1777118786306,-3.295,-11.048,1.105,1.7719,49.081099,16.485851,38.3,2.0,smooth
anonymous,1777118786322,-0.347,-6.496,-10.262,2.3396,49.081099,16.485851,38.3,2.0,smooth
anonymous,1777118786339,-0.229,-7.164,-7.791,0.7762,49.081099,16.485851,38.3,2.0,smooth
anonymous,1777118786356,3.092,-11.561,2.873,2.4976,49.081099,16.485851,38.3,2.0,smooth
anonymous,1777118786372,4.309,-8.348,-4.927,0.7978,49.081099,16.485851,38.3,2.0,smooth
anonymous,1777118786389,1.791,-3.383,-8.505,0.4829,49.081099,16.485851,38.3,2.0,smooth
anonymous,1777118786406,-2.385,-4.768,-3.529,3.4165,49.081099,16.485851,38.3,2.0,smooth
anonymous,1777118786422,-3.156,-6.533,-2.956,1.9754,49.081099,16.485851,38.3,2.0,smooth
anonymous,1777118786439,0.650,-5.647,-7.033,0.7668,49.081099,16.485851,38.3,2.0,smooth
anonymous,1777118786456,5.367,-6.139,-12.847,5.4067,49.081099,16.485851,38.3,2.0,smooth
anonymous,1777118786472,-1.059,-6.772,1.699,2.7480,49.081099,16.485851,38.3,2.0,smooth
anonymous,1777118786489,-2.244,-9.296,-13.277,6.5528,49.081099,16.485851,38.3,2.0,smooth
anonymous,1777118786506,-0.060,-3.813,-5.824,2.8488,49.081099,16.485851,38.3,2.0,smooth
anonymous,1777118786522,2.830,-1.980,-3.775,4.6934,49.081099,16.485851,38.3,2.0,smooth
anonymous,1777118786538,0.168,-2.265,-9.263,0.2730,49.081099,16.485851,38.3,2.0,smooth
anonymous,1777118786556,-1.346,-5.337,-6.060,1.6235,49.081099,16.485851,38.3,2.0,smooth
anonymous,1777118786572,-1.841,-10.034,-7.819,3.0435,49.081099,16.485851,38.3,2.0,smooth
anonymous,1777118786589,-2.253,-8.813,-3.995,0.1248,49.081099,16.485851,38.3,2.0,smooth
anonymous,1777118786606,3.722,-5.752,-12.047,4.0496,49.081099,16.485851,38.3,2.0,smooth
anonymous,1777118786622,-0.773,-5.368,-11.455,2.8637,49.081099,16.485851,38.3,2.0,smooth
anonymous,1777118786639,0.568,-4.537,-8.231,0.3938,49.081099,16.485851,38.3,2.0,smooth
anonymous,1777118786656,-2.610,-5.518,-7.648,0.0247,49.081099,16.485851,38.3,2.0,smooth
anonymous,1777118786672,0.709,-5.935,-10.404,2.1882,49.081099,16.485851,38.3,2.0,smooth
anonymous,1777118786689,3.756,-3.790,-7.463,0.6359,49.081099,16.485851,38.3,2.0,smooth
anonymous,1777118786705,-0.671,-5.713,-10.275,1.9656,49.081099,16.485851,38.3,2.0,smooth
anonymous,1777118786722,1.366,-5.169,-7.707,0.4303,49.081099,16.485851,38.3,2.0,smooth
anonymous,1777118786739,0.007,-5.763,-7.333,0.4830,49.081099,16.485851,38.3,2.0,smooth
anonymous,1777118786755,0.817,-4.605,-9.532,0.8077,49.081099,16.485851,38.3,2.0,smooth
anonymous,1777118786772,0.646,-4.284,-7.131,1.4666,49.081099,16.485851,38.3,2.0,smooth
anonymous,1777118786789,0.076,-4.871,-11.441,2.6246,49.081099,16.485851,38.3,2.0,smooth
anonymous,1777118786805,-0.388,-4.591,-5.713,2.4707,49.081099,16.485851,38.3,2.0,smooth
anonymous,1777118786822,-0.782,-4.975,-8.669,0.2159,49.081099,16.485851,38.3,2.0,smooth
anonymous,1777118786839,-0.193,-4.701,-8.334,0.2400,49.081099,16.485851,38.3,2.0,smooth
anonymous,1777118786856,0.538,-3.978,-6.587,2.0964,49.081099,16.485851,38.3,2.0,smooth
anonymous,1777118786872,-0.116,-4.053,-7.922,0.9106,49.081099,16.485851,38.3,2.0,smooth
anonymous,1777118786889,-0.079,-3.543,-7.836,1.2101,49.081099,16.485851,38.3,2.0,smooth
anonymous,1777118786906,1.973,-3.881,-15.702,6.4840,49.081099,16.485851,38.3,2.0,smooth
anonymous,1777118786922,-0.332,-3.058,-11.304,1.9054,49.081099,16.485851,38.3,2.0,smooth
anonymous,1777118786939,-1.149,-5.469,-7.812,0.2049,49.081099,16.485851,38.3,2.0,smooth
anonymous,1777118786957,-0.518,-7.281,-6.375,0.1183,49.081099,16.485851,38.3,2.0,smooth
anonymous,1777118786972,2.344,-6.490,-5.407,1.0431,49.081099,16.485851,38.3,2.0,smooth
anonymous,1777118786989,0.465,-5.493,-10.854,2.3636,49.081099,16.485851,38.3,2.0,smooth
anonymous,1777118787006,-0.534,-5.656,-7.509,0.3940,49.081099,16.485851,38.3,2.0,smooth
anonymous,1777118787022,-1.135,-5.725,-9.958,1.7326,49.081099,16.485851,38.3,2.0,smooth
anonymous,1777118787039,0.358,-6.539,-9.684,1.8809,49.081099,16.485851,38.3,2.0,smooth
anonymous,1777118787055,2.525,-11.461,-1.642,2.0399,49.081099,16.485851,38.3,2.0,smooth
anonymous,1777118787072,1.082,-8.755,-6.954,1.4224,49.081216,16.485714,52.7,2.0,smooth
anonymous,1777118787089,-1.418,-9.093,-6.498,1.4557,49.081216,16.485714,52.7,2.0,smooth
anonymous,1777118787105,-1.383,-6.246,-7.450,0.0093,49.081216,16.485714,52.7,2.0,smooth
anonymous,1777118787122,-1.743,-3.219,-5.598,3.1215,49.081216,16.485714,52.7,2.0,smooth
anonymous,1777118787139,-1.674,-5.474,-12.257,3.7181,49.081216,16.485714,52.7,2.0,smooth
anonymous,1777118787156,-0.439,-5.210,-10.884,2.2643,49.081216,16.485714,52.7,2.0,smooth
anonymous,1777118787172,2.684,-5.196,-12.147,3.6713,49.081216,16.485714,52.7,2.0,smooth
anonymous,1777118787189,0.079,-9.691,-5.958,1.5663,49.081216,16.485714,52.7,2.0,smooth
anonymous,1777118787206,2.638,-10.750,-0.947,1.2998,49.081216,16.485714,52.7,2.0,smooth
anonymous,1777118787222,2.142,-9.111,-15.527,8.3199,49.081216,16.485714,52.7,2.0,smooth
anonymous,1777118787239,-1.469,-8.215,-7.146,1.1770,49.081216,16.485714,52.7,2.0,smooth
anonymous,1777118787256,-3.287,-6.866,-4.312,1.0619,49.081216,16.485714,52.7,2.0,smooth
anonymous,1777118787272,-2.209,-8.869,-3.497,0.0238,49.081216,16.485714,52.7,2.0,smooth
anonymous,1777118787289,-0.288,-8.274,1.127,1.4546,49.081216,16.485714,52.7,2.0,smooth
anonymous,1777118787306,-0.077,-7.942,-5.089,0.3769,49.081216,16.485714,52.7,2.0,smooth
anonymous,1777118787322,-0.056,-6.927,0.312,2.8762,49.081216,16.485714,52.7,2.0,smooth
anonymous,1777118787339,-1.212,-5.790,-7.203,0.4889,49.081216,16.485714,52.7,2.0,smooth
anonymous,1777118787356,3.214,-7.800,-2.279,1.0712,49.081216,16.485714,52.7,2.0,smooth
anonymous,1777118787372,0.854,-7.969,-7.133,0.9187,49.081216,16.485714,52.7,2.0,smooth
anonymous,1777118787389,1.834,-9.190,-13.696,6.7857,49.081216,16.485714,52.7,2.0,smooth
anonymous,1777118787406,-1.931,-9.056,-11.650,5.0721,49.081216,16.485714,52.7,2.0,smooth
anonymous,1777118787422,-0.164,-5.867,-6.462,1.0800,49.081216,16.485714,52.7,2.0,smooth
anonymous,1777118787439,-1.350,-8.770,-6.955,1.4638,49.081216,16.485714,52.7,2.0,smooth
anonymous,1777118787455,1.463,-8.081,-8.011,1.6626,49.081216,16.485714,52.7,2.0,smooth
anonymous,1777118787472,2.164,-8.699,-19.619,11.7598,49.081216,16.485714,52.7,2.0,smooth
anonymous,1777118787489,-1.310,-8.179,-7.920,1.6506,49.081216,16.485714,52.7,2.0,smooth
anonymous,1777118787505,0.570,-9.447,-12.577,5.9306,49.081216,16.485714,52.7,2.0,smooth
anonymous,1777118787522,-0.342,-6.342,-8.250,0.6011,49.081216,16.485714,52.7,2.0,smooth
anonymous,1777118787538,2.107,-9.336,0.229,0.2364,49.081216,16.485714,52.7,2.0,smooth
anonymous,1777118787556,-0.571,-6.935,-14.128,5.9384,49.081216,16.485714,52.7,2.0,smooth
anonymous,1777118787572,0.578,-9.787,-13.492,6.8679,49.081216,16.485714,52.7,2.0,smooth
anonymous,1777118787588,-2.450,-8.495,-7.065,1.5071,49.081216,16.485714,52.7,2.0,smooth
anonymous,1777118787606,1.215,-6.590,-3.732,2.1399,49.081216,16.485714,52.7,2.0,smooth
anonymous,1777118787622,-0.788,-6.428,6.331,0.7530,49.081216,16.485714,52.7,2.0,smooth
anonymous,1777118787639,-1.631,-4.852,-4.863,2.7496,49.081216,16.485714,52.7,2.0,smooth
anonymous,1777118787656,1.524,-9.069,-1.339,0.5169,49.081216,16.485714,52.7,2.0,smooth
anonymous,1777118787672,-2.404,-11.241,0.381,1.6916,49.081216,16.485714,52.7,2.0,smooth
anonymous,1777118787689,3.166,-9.871,-12.699,6.5829,49.081216,16.485714,52.7,2.0,smooth
anonymous,1777118787706,-1.144,-8.121,-1.708,1.4329,49.081216,16.485714,52.7,2.0,smooth
anonymous,1777118787722,-1.800,-7.071,-2.571,2.0734,49.081216,16.485714,52.7,2.0,smooth
anonymous,1777118787739,2.085,-8.541,-13.006,5.8887,49.081216,16.485714,52.7,2.0,smooth
anonymous,1777118787756,-0.066,-10.888,6.573,2.9087,49.081216,16.485714,52.7,2.0,smooth
anonymous,1777118787772,-0.577,-7.796,0.790,1.9533,49.081216,16.485714,52.7,2.0,smooth
anonymous,1777118787789,-0.511,-8.028,-15.501,7.6541,49.081216,16.485714,52.7,2.0,smooth
anonymous,1777118787805,-3.483,-11.377,-11.487,6.7285,49.081216,16.485714,52.7,2.0,smooth
anonymous,1777118787822,2.375,-7.347,-9.853,2.7083,49.081216,16.485714,52.7,2.0,smooth
anonymous,1777118787839,0.497,-13.064,-15.078,10.1469,49.081216,16.485714,52.7,2.0,smooth
anonymous,1777118787856,1.891,-4.244,1.013,5.0547,49.081216,16.485714,52.7,2.0,smooth
anonymous,1777118787872,-3.689,-5.100,-5.280,1.5943,49.081216,16.485714,52.7,2.0,smooth
anonymous,1777118787889,-0.414,-8.182,-11.823,4.5746,49.081216,16.485714,52.7,2.0,smooth
anonymous,1777118787906,2.424,-9.198,-2.075,0.0742,49.081216,16.485714,52.7,2.0,smooth
anonymous,1777118787922,-0.335,-6.649,-11.739,3.6853,49.081216,16.485714,52.7,2.0,smooth
anonymous,1777118787939,3.544,-8.078,-4.997,0.3280,49.081216,16.485714,52.7,2.0,smooth
anonymous,1777118787955,-0.436,-13.104,0.751,3.3231,49.081216,16.485714,52.7,2.0,smooth
anonymous,1777118787972,2.195,-7.200,-10.825,3.3750,49.081216,16.485714,52.7,2.0,smooth
anonymous,1777118787989,2.037,-8.718,-15.591,8.1689,49.081216,16.485714,52.7,2.0,smooth
anonymous,1777118788006,-4.088,-5.454,-4.998,1.3581,49.081216,16.485714,52.7,2.0,smooth
anonymous,1777118788022,-2.393,-8.805,-14.807,7.5822,49.081216,16.485714,52.7,2.0,smooth
anonymous,1777118788039,3.088,-10.422,-0.237,1.0621,49.081216,16.485714,52.7,2.0,smooth
anonymous,1777118788055,-1.019,-6.446,-5.593,1.2152,49.081216,16.485714,52.7,2.0,smooth
anonymous,1777118788072,-0.084,-8.122,-10.832,3.7294,49.081335,16.485577,57.6,3.4,smooth
anonymous,1777118788089,2.887,-11.666,5.956,3.6030,49.081335,16.485577,57.6,3.4,smooth
anonymous,1777118788106,-1.370,-11.680,8.604,4.7615,49.081335,16.485577,57.6,3.4,smooth
anonymous,1777118788122,1.684,-7.825,-14.897,7.1010,49.081335,16.485577,57.6,3.4,smooth
anonymous,1777118788139,-2.476,-7.927,-11.533,4.4021,49.081335,16.485577,57.6,3.4,smooth
anonymous,1777118788156,-2.582,-10.757,2.509,1.5338,49.081335,16.485577,57.6,3.4,smooth
anonymous,1777118788172,2.572,-13.191,-1.666,3.7321,49.081335,16.485577,57.6,3.4,smooth
anonymous,1777118788188,5.032,-4.465,-4.133,1.9146,49.081335,16.485577,57.6,3.4,smooth
anonymous,1777118788206,-3.223,-5.433,4.757,1.9022,49.081335,16.485577,57.6,3.4,smooth
anonymous,1777118788222,-2.457,-9.213,-8.654,3.0662,49.081335,16.485577,57.6,3.4,smooth
anonymous,1777118788239,-2.739,-7.768,-6.282,0.5495,49.081335,16.485577,57.6,3.4,smooth
anonymous,1777118788256,4.848,-5.522,-0.020,2.4621,49.081335,16.485577,57.6,3.4,smooth
anonymous,1777118788272,-2.769,-8.603,1.213,0.6907,49.081335,16.485577,57.6,3.4,smooth
anonymous,1777118788289,0.524,-6.349,-8.685,0.9610,49.081335,16.485577,57.6,3.4,smooth
anonymous,1777118788306,-2.752,-4.394,-4.479,2.9584,49.081335,16.485577,57.6,3.4,smooth
anonymous,1777118788322,-0.908,-6.780,-6.514,0.3641,49.081335,16.485577,57.6,3.4,smooth
anonymous,1777118788339,3.783,-11.160,-1.649,2.0879,49.081335,16.485577,57.6,3.4,smooth
anonymous,1777118788356,2.774,-6.377,-0.729,2.8181,49.081335,16.485577,57.6,3.4,smooth
anonymous,1777118788372,-0.818,-5.062,-0.921,4.6000,49.081335,16.485577,57.6,3.4,smooth
anonymous,1777118788389,-2.949,-11.640,-18.953,12.6272,49.081335,16.485577,57.6,3.4,smooth
anonymous,1777118788406,0.852,-9.621,-11.680,5.3458,49.081335,16.485577,57.6,3.4,smooth
anonymous,1777118788422,-1.404,-7.595,-1.384,1.9637,49.081335,16.485577,57.6,3.4,smooth
anonymous,1777118788439,0.211,-11.890,-3.172,2.4979,49.081335,16.485577,57.6,3.4,smooth
anonymous,1777118788456,0.439,-12.982,-6.766,4.8356,49.081335,16.485577,57.6,3.4,smooth
anonymous,1777118788472,0.501,-9.679,-12.085,5.6808,49.081335,16.485577,57.6,3.4,smooth
anonymous,1777118788489,-2.698,-11.242,-4.770,2.6971,49.081335,16.485577,57.6,3.4,smooth
anonymous,1777118788506,0.057,-11.635,-4.919,2.8222,49.081335,16.485577,57.6,3.4,smooth
anonymous,1777118788522,-1.378,-11.638,-12.650,7.4343,49.081335,16.485577,57.6,3.4,smooth
anonymous,1777118788539,-1.367,-7.748,3.886,1.0348,49.081335,16.485577,57.6,3.4,smooth
anonymous,1777118788556,-1.270,-14.880,-0.586,5.1357,49.081335,16.485577,57.6,3.4,smooth
anonymous,1777118788572,1.135,-12.420,-12.427,7.7960,49.081335,16.485577,57.6,3.4,smooth
anonymous,1777118788589,0.582,-3.414,-8.584,0.5539,49.081335,16.485577,57.6,3.4,smooth
anonymous,1777118788606,-1.340,-10.225,1.675,0.6374,49.081335,16.485577,57.6,3.4,smooth
anonymous,1777118788622,-2.591,-5.589,-7.088,0.4188,49.081335,16.485577,57.6,3.4,smooth
anonymous,1777118788639,2.797,-3.803,-5.649,2.4480,49.081335,16.485577,57.6,3.4,smooth
anonymous,1777118788656,-0.724,-10.329,-14.993,8.4110,49.081335,16.485577,57.6,3.4,smooth
anonymous,1777118788672,-0.289,-7.495,-4.653,0.9828,49.081335,16.485577,57.6,3.4,smooth
anonymous,1777118788689,-1.068,-10.954,-2.377,1.4496,49.081335,16.485577,57.6,3.4,smooth
anonymous,1777118788706,0.612,-10.806,-9.852,4.8256,49.081335,16.485577,57.6,3.4,smooth
anonymous,1777118788722,-0.736,-3.691,0.562,6.0044,49.081335,16.485577,57.6,3.4,smooth
anonymous,1777118788739,-3.324,-9.303,3.123,0.5507,49.081335,16.485577,57.6,3.4,smooth
anonymous,1777118788756,2.437,-12.955,-9.419,6.3910,49.081335,16.485577,57.6,3.4,smooth
anonymous,1777118788772,4.758,-5.507,-5.612,0.6196,49.081335,16.485577,57.6,3.4,smooth
anonymous,1777118788789,-2.399,-10.963,-8.937,4.5363,49.081335,16.485577,57.6,3.4,smooth
anonymous,1777118788806,-0.290,-8.995,-5.030,0.5003,49.081335,16.485577,57.6,3.4,smooth
anonymous,1777118788822,-2.670,-9.950,-12.278,6.2173,49.081335,16.485577,57.6,3.4,smooth
anonymous,1777118788839,1.929,-10.666,-9.066,4.3205,49.081335,16.485577,57.6,3.4,smooth
anonymous,1777118788856,-0.181,-8.033,-4.086,0.7957,49.081335,16.485577,57.6,3.4,smooth
anonymous,1777118788872,-2.353,-13.053,-4.913,4.3342,49.081335,16.485577,57.6,3.4,smooth
anonymous,1777118788889,1.246,-11.734,-12.731,7.5479,49.081335,16.485577,57.6,3.4,smooth
anonymous,1777118788906,-4.410,-8.181,-2.936,0.0634,49.081335,16.485577,57.6,3.4,smooth
anonymous,1777118788922,-1.622,-10.938,-5.936,2.7396,49.081335,16.485577,57.6,3.4,smooth
anonymous,1777118788939,5.237,-8.791,-6.989,2.5816,49.081335,16.485577,57.6,3.4,smooth
anonymous,1777118788956,0.680,-5.511,-9.127,0.8734,49.081335,16.485577,57.6,3.4,smooth
anonymous,1777118788973,-0.055,-7.053,-9.713,2.1937,49.081335,16.485577,57.6,3.4,smooth
anonymous,1777118788989,-3.352,-5.363,-9.521,1.6204,49.081335,16.485577,57.6,3.4,smooth
anonymous,1777118789006,-1.572,-9.977,3.238,0.7961,49.081335,16.485577,57.6,3.4,smooth
anonymous,1777118789022,3.344,-6.816,-7.676,0.9857,49.081335,16.485577,57.6,3.4,smooth
anonymous,1777118789039,0.049,-8.322,-9.158,2.5646,49.081335,16.485577,57.6,3.4,smooth
anonymous,1777118789056,-1.008,-14.410,2.740,4.8933,49.081335,16.485577,57.6,3.4,smooth
anonymous,1777118789072,-2.051,-6.425,-3.337,2.2853,49.081472,16.485421,66.3,3.3,smooth
anonymous,1777118789088,-1.101,-9.027,-14.348,7.1773,49.081472,16.485421,66.3,3.3,smooth
anonymous,1777118789106,2.410,-10.420,-8.206,3.6702,49.081472,16.485421,66.3,3.3,smooth
anonymous,1777118789122,-2.172,-12.591,-0.724,2.9879,49.081472,16.485421,66.3,3.3,smooth
anonymous,1777118789139,2.266,-6.973,-2.499,2.0635,49.081472,16.485421,66.3,3.3,smooth
anonymous,1777118789156,0.142,-7.354,-9.031,1.8377,49.081472,16.485421,66.3,3.3,smooth
anonymous,1777118789172,-1.502,-10.669,-12.996,7.0713,49.081472,16.485421,66.3,3.3,smooth
anonymous,1777118789189,1.019,-7.981,-9.407,2.5686,49.081472,16.485421,66.3,3.3,smooth
anonymous,1777118789206,1.126,-9.717,-4.789,1.0818,49.081472,16.485421,66.3,3.3,smooth
anonymous,1777118789222,0.368,-4.295,-8.711,0.0909,49.081472,16.485421,66.3,3.3,smooth
anonymous,1777118789238,-0.903,-10.285,-9.132,3.9736,49.081472,16.485421,66.3,3.3,smooth
anonymous,1777118789255,0.117,-9.164,-5.092,0.6745,49.081472,16.485421,66.3,3.3,smooth
anonymous,1777118789272,2.526,-9.205,-7.302,2.2081,49.081472,16.485421,66.3,3.3,smooth
anonymous,1777118789289,0.914,-6.292,-2.821,2.8545,49.081472,16.485421,66.3,3.3,smooth
anonymous,1777118789306,-1.345,-12.137,-8.955,5.3329,49.081472,16.485421,66.3,3.3,smooth
anonymous,1777118789322,-1.151,-6.524,-11.208,3.2095,49.081472,16.485421,66.3,3.3,smooth
anonymous,1777118789339,0.404,-6.247,-5.700,1.3435,49.081472,16.485421,66.3,3.3,smooth
anonymous,1777118789356,2.427,-8.724,-6.360,1.2558,49.081472,16.485421,66.3,3.3,smooth
anonymous,1777118789372,0.244,-8.038,-4.093,0.7864,49.081472,16.485421,66.3,3.3,smooth
anonymous,1777118789389,-1.413,-7.690,-9.192,2.2578,49.081472,16.485421,66.3,3.3,smooth
anonymous,1777118789406,-0.913,-5.611,-6.463,1.2029,49.081472,16.485421,66.3,3.3,smooth
anonymous,1777118789422,0.933,-9.425,-5.959,1.3800,49.081472,16.485421,66.3,3.3,smooth
anonymous,1777118789439,0.041,-6.924,-6.890,0.0424,49.081472,16.485421,66.3,3.3,smooth
anonymous,1777118789456,-0.294,-8.282,-5.464,0.1163,49.081472,16.485421,66.3,3.3,smooth
anonymous,1777118789472,-1.667,-5.285,4.467,2.6919,49.081472,16.485421,66.3,3.3,smooth
anonymous,1777118789489,0.265,-9.775,-7.687,2.6277,49.081472,16.485421,66.3,3.3,smooth
anonymous,1777118789505,1.350,-6.654,3.169,2.3170,49.081472,16.485421,66.3,3.3,smooth
anonymous,1777118789522,-2.653,-11.423,0.981,1.9584,49.081472,16.485421,66.3,3.3,smooth
anonymous,1777118789538,-1.335,-5.888,-10.585,2.3759,49.081472,16.485421,66.3,3.3,smooth
anonymous,1777118789556,-0.145,-8.218,-4.074,0.6361,49.081472,16.485421,66.3,3.3,smooth
anonymous,1777118789572,0.749,-5.602,-9.572,1.3057,49.081472,16.485421,66.3,3.3,smooth
anonymous,1777118789589,6.987,-3.363,-13.415,5.6850,49.081472,16.485421,66.3,3.3,smooth
anonymous,1777118789606,-0.092,-14.295,2.772,4.7521,49.081472,16.485421,66.3,3.3,smooth
anonymous,1777118789622,-1.747,-11.006,-5.705,2.7087,49.081472,16.485421,66.3,3.3,smooth
anonymous,1777118789638,0.412,-6.823,-7.140,0.0745,49.081472,16.485421,66.3,3.3,smooth
anonymous,1777118789656,-1.007,-7.452,-6.632,0.2163,49.081472,16.485421,66.3,3.3,smooth
anonymous,1777118789672,1.515,-7.487,-3.140,1.5509,49.081472,16.485421,66.3,3.3,smooth
anonymous,1777118789689,-0.463,-8.124,-8.629,2.0504,49.081472,16.485421,66.3,3.3,smooth
anonymous,1777118789705,0.350,-7.481,-2.650,1.8656,49.081472,16.485421,66.3,3.3,smooth
anonymous,1777118789722,-1.527,-6.929,-4.948,1.1599,49.081472,16.485421,66.3,3.3,smooth
anonymous,1777118789739,3.106,-5.168,-1.968,3.4672,49.081472,16.485421,66.3,3.3,smooth
anonymous,1777118789756,0.802,-4.290,-8.909,0.1107,49.081472,16.485421,66.3,3.3,smooth
anonymous,1777118789772,-0.727,-4.634,-8.243,0.3259,49.081472,16.485421,66.3,3.3,smooth
anonymous,1777118789789,0.776,-4.806,-9.522,0.8845,49.081472,16.485421,66.3,3.3,smooth
anonymous,1777118789806,0.783,-4.724,-8.901,0.2975,49.081472,16.485421,66.3,3.3,smooth
anonymous,1777118789822,0.648,-5.430,-11.916,3.3012,49.081472,16.485421,66.3,3.3,smooth
anonymous,1777118789839,2.452,-6.294,-13.660,5.4289,49.081472,16.485421,66.3,3.3,smooth
anonymous,1777118789855,4.043,-10.513,-18.213,11.6041,49.081472,16.485421,66.3,3.3,smooth
anonymous,1777118789872,4.414,-4.584,-8.189,0.5606,49.081472,16.485421,66.3,3.3,smooth
anonymous,1777118789889,-3.341,-12.848,0.269,3.4678,49.081472,16.485421,66.3,3.3,smooth
anonymous,1777118789906,-3.524,-7.835,2.346,0.9043,49.081472,16.485421,66.3,3.3,smooth
anonymous,1777118789922,-3.024,-5.501,-10.846,2.7212,49.081472,16.485421,66.3,3.3,smooth
anonymous,1777118789939,-1.098,-3.263,-11.804,2.4861,49.081472,16.485421,66.3,3.3,smooth
anonymous,1777118789960,-1.435,-5.101,-12.510,3.7762,49.081472,16.485421,66.3,3.3,smooth
anonymous,1777118789972,-1.242,-6.207,-9.765,1.8270,49.081472,16.485421,66.3,3.3,smooth
anonymous,1777118789989,1.546,-5.596,1.783,3.7367,49.081472,16.485421,66.3,3.3,smooth
anonymous,1777118790006,-0.972,-4.703,-7.951,0.5210,49.081472,16.485421,66.3,3.3,smooth
anonymous,1777118790022,0.997,-6.424,-13.412,5.0943,49.081472,16.485421,66.3,3.3,smooth
anonymous,1777118790039,0.395,-4.923,-10.672,1.9490,49.081472,16.485421,66.3,3.3,smooth
anonymous,1777118790056,-0.645,-3.851,-14.302,5.0153,49.081472,16.485421,66.3,3.3,smooth
anonymous,1777118790072,-0.190,-4.079,-10.283,1.2543,49.081639,16.485233,78.6,2.0,smooth
anonymous,1777118790089,-0.403,-4.899,-10.029,1.3584,49.081639,16.485233,78.6,2.0,smooth
anonymous,1777118790106,-1.693,-6.827,-8.760,1.4241,49.081639,16.485233,78.6,2.0,smooth
anonymous,1777118790122,2.384,-5.920,-13.114,4.7746,49.081639,16.485233,78.6,2.0,smooth
anonymous,1777118790139,3.916,-2.752,-9.529,0.8529,49.081639,16.485233,78.6,2.0,smooth
anonymous,1777118790156,0.218,-3.780,-11.533,2.3288,49.081639,16.485233,78.6,2.0,smooth
anonymous,1777118790172,-0.144,-4.434,-7.740,0.8888,49.081639,16.485233,78.6,2.0,smooth
anonymous,1777118790189,-2.568,-5.524,-7.880,0.1497,49.081639,16.485233,78.6,2.0,smooth
anonymous,1777118790206,-2.086,-5.690,-8.115,0.3181,49.081639,16.485233,78.6,2.0,smooth
anonymous,1777118790222,7.977,-3.967,-10.760,4.1594,49.081639,16.485233,78.6,2.0,smooth
anonymous,1777118790239,2.466,-6.605,-7.344,0.3703,49.081639,16.485233,78.6,2.0,smooth
anonymous,1777118790256,0.378,-9.053,-5.774,0.9341,49.081639,16.485233,78.6,2.0,smooth
anonymous,1777118790272,0.193,-9.790,0.069,0.0178,49.081639,16.485233,78.6,2.0,smooth
anonymous,1777118790289,-3.012,-5.422,-4.517,2.1375,49.081639,16.485233,78.6,2.0,smooth
anonymous,1777118790306,1.992,-2.737,-8.818,0.3642,49.081639,16.485233,78.6,2.0,smooth
anonymous,1777118790322,-0.207,-6.020,-11.457,3.1339,49.081639,16.485233,78.6,2.0,smooth
anonymous,1777118790339,-2.264,-2.904,-6.792,2.0841,49.081639,16.485233,78.6,2.0,smooth
anonymous,1777118790356,1.346,-4.561,-6.638,1.6445,49.081639,16.485233,78.6,2.0,smooth
anonymous,1777118790372,-0.357,-6.980,-6.680,0.1419,49.081639,16.485233,78.6,2.0,smooth
anonymous,1777118790389,2.596,-7.984,-8.054,1.8238,49.081639,16.485233,78.6,2.0,smooth
anonymous,1777118790406,2.155,-7.503,-8.326,1.6028,49.081639,16.485233,78.6,2.0,smooth
anonymous,1777118790422,-2.304,-5.345,-8.307,0.3331,49.081639,16.485233,78.6,2.0,smooth
anonymous,1777118790439,-0.126,-5.071,-9.882,1.2975,49.081639,16.485233,78.6,2.0,smooth
anonymous,1777118790456,-3.838,-9.029,-4.520,0.9919,49.081639,16.485233,78.6,2.0,smooth
anonymous,1777118790472,-3.631,-11.222,2.783,2.3086,49.081639,16.485233,78.6,2.0,smooth
anonymous,1777118790488,4.171,-7.451,-9.531,2.9869,49.081639,16.485233,78.6,2.0,smooth
anonymous,1777118790506,0.732,-5.977,-7.459,0.2239,49.081639,16.485233,78.6,2.0,smooth
anonymous,1777118790522,-1.970,-6.010,-8.169,0.5216,49.081639,16.485233,78.6,2.0,smooth
anonymous,1777118790539,-2.918,-8.717,-3.917,0.1820,49.081639,16.485233,78.6,2.0,smooth
anonymous,1777118790556,0.053,-10.288,-9.061,3.8995,49.081639,16.485233,78.6,2.0,smooth
anonymous,1777118790572,4.375,-10.553,4.801,2.5819,49.081639,16.485233,78.6,2.0,smooth
anonymous,1777118790589,-3.244,-7.879,-3.280,0.6799,49.081639,16.485233,78.6,2.0,smooth
anonymous,1777118790605,-0.577,-9.083,-14.415,7.2384,49.081639,16.485233,78.6,2.0,smooth
anonymous,1777118790622,2.612,-8.014,-7.091,1.2049,49.081639,16.485233,78.6,2.0,smooth
anonymous,1777118790639,-3.852,-8.140,-7.896,2.1668,49.081639,16.485233,78.6,2.0,smooth
anonymous,1777118790656,2.570,-10.086,-5.540,1.9812,49.081639,16.485233,78.6,2.0,smooth
anonymous,1777118790672,-0.954,-7.575,-10.132,2.8761,49.081639,16.485233,78.6,2.0,smooth
anonymous,1777118790689,3.630,-6.915,-11.173,3.8218,49.081639,16.485233,78.6,2.0,smooth
anonymous,1777118790706,-3.017,-12.532,2.873,3.3965,49.081639,16.485233,78.6,2.0,smooth
anonymous,1777118790722,-2.601,-8.532,-3.587,0.1957,49.081639,16.485233,78.6,2.0,smooth
anonymous,1777118790739,-0.051,-6.825,-9.829,2.1564,49.081639,16.485233,78.6,2.0,smooth
anonymous,1777118790756,-0.748,-7.020,-9.513,2.0360,49.081639,16.485233,78.6,2.0,smooth
anonymous,1777118790772,1.143,-8.253,-8.498,2.0911,49.081639,16.485233,78.6,2.0,smooth
anonymous,1777118790788,0.472,-9.009,1.970,0.5758,49.081639,16.485233,78.6,2.0,smooth
anonymous,1777118790806,0.435,-7.073,-4.225,1.5601,49.081639,16.485233,78.6,2.0,smooth
anonymous,1777118790822,0.747,-6.303,-9.479,1.5978,49.081639,16.485233,78.6,2.0,smooth
anonymous,1777118790839,-1.021,-6.859,-4.317,1.6410,49.081639,16.485233,78.6,2.0,smooth
anonymous,1777118790856,0.644,-7.279,-12.759,4.8934,49.081639,16.485233,78.6,2.0,smooth
anonymous,1777118790872,-2.227,-9.595,-6.010,1.7290,49.081639,16.485233,78.6,2.0,smooth
anonymous,1777118790889,0.234,-9.351,-4.345,0.5043,49.081639,16.485233,78.6,2.0,smooth
anonymous,1777118790906,1.002,-8.133,-8.785,2.2041,49.081639,16.485233,78.6,2.0,smooth
anonymous,1777118790922,-0.624,-8.429,-5.914,0.5059,49.081639,16.485233,78.6,2.0,smooth
anonymous,1777118790939,1.606,-10.532,-18.732,11.7397,49.081639,16.485233,78.6,2.0,smooth
anonymous,1777118790956,-4.712,-9.073,-7.140,2.6600,49.081639,16.485233,78.6,2.0,smooth
anonymous,1777118790972,-0.516,-6.920,-11.591,3.6992,49.081639,16.485233,78.6,2.0,smooth
anonymous,1777118790989,0.015,-6.324,-8.364,0.6756,49.081639,16.485233,78.6,2.0,smooth
anonymous,1777118791006,-1.827,-11.894,6.273,3.7604,49.081639,16.485233,78.6,2.0,smooth
anonymous,1777118791022,3.478,-8.438,-9.324,3.2369,49.081639,16.485233,78.6,2.0,smooth
anonymous,1777118791039,0.758,-3.119,-13.175,3.7502,49.081639,16.485233,78.6,2.0,smooth
anonymous,1777118791055,-3.388,-9.879,-7.490,3.0419,49.081639,16.485233,78.6,2.0,smooth
anonymous,1777118791072,-1.695,-12.580,-0.353,2.8883,49.081804,16.485047,80.8,2.0,smooth
anonymous,1777118791089,1.889,-9.948,-3.750,0.9875,49.081804,16.485047,80.8,2.0,smooth
anonymous,1777118791106,7.151,-5.282,-3.173,0.3707,49.081804,16.485047,80.8,2.0,smooth
anonymous,1777118791122,-3.936,-7.982,-7.769,2.0037,49.081804,16.485047,80.8,2.0,smooth
anonymous,1777118791139,-0.595,-8.397,-2.887,0.9110,49.081804,16.485047,80.8,2.0,smooth
anonymous,1777118791156,-0.958,-7.811,-10.877,3.6151,49.081804,16.485047,80.8,2.0,smooth
anonymous,1777118791172,4.560,-7.025,-6.261,0.6467,49.081804,16.485047,80.8,2.0,smooth
anonymous,1777118791189,-3.314,-11.424,0.989,2.1261,49.081804,16.485047,80.8,2.0,smooth
anonymous,1777118791206,-2.850,-7.727,-13.226,5.7711,49.081804,16.485047,80.8,2.0,smooth
anonymous,1777118791222,-0.544,-9.355,-9.670,3.6554,49.081804,16.485047,80.8,2.0,smooth
anonymous,1777118791238,-1.528,-6.404,-7.412,0.1034,49.081804,16.485047,80.8,2.0,smooth
anonymous,1777118791256,-0.571,-7.585,-7.136,0.6195,49.081804,16.485047,80.8,2.0,smooth
anonymous,1777118791272,0.329,-9.451,-7.306,2.1403,49.081804,16.485047,80.8,2.0,smooth
anonymous,1777118791289,1.265,-5.322,-10.322,1.8718,49.081804,16.485047,80.8,2.0,smooth
anonymous,1777118791306,0.025,-6.298,-8.166,0.5030,49.081804,16.485047,80.8,2.0,smooth
anonymous,1777118791322,-2.218,-7.437,-12.831,5.1855,49.081804,16.485047,80.8,2.0,smooth
anonymous,1777118791339,0.200,-7.272,-2.986,1.9464,49.081804,16.485047,80.8,2.0,smooth
anonymous,1777118791356,-0.788,-8.163,-3.310,0.9661,49.081804,16.485047,80.8,2.0,smooth
anonymous,1777118791372,2.761,-8.447,-5.864,0.8369,49.081804,16.485047,80.8,2.0,smooth
anonymous,1777118791389,-3.054,-9.413,-11.356,5.2528,49.081804,16.485047,80.8,2.0,smooth
anonymous,1777118791405,0.669,-4.492,-8.141,0.4877,49.081804,16.485047,80.8,2.0,smooth
anonymous,1777118791422,-0.526,-6.716,-7.495,0.2675,49.081804,16.485047,80.8,2.0,smooth
anonymous,1777118791439,-2.828,-12.245,-1.492,2.8459,49.081804,16.485047,80.8,2.0,smooth
anonymous,1777118791456,-1.517,-10.478,-3.611,1.3759,49.081804,16.485047,80.8,2.0,smooth
anonymous,1777118791472,4.120,-6.719,-14.947,7.0875,49.081804,16.485047,80.8,2.0,smooth
anonymous,1777118791490,0.709,-5.748,-11.720,3.2629,49.081804,16.485047,80.8,2.0,smooth
anonymous,1777118791506,-0.446,-6.684,-10.325,2.4977,49.081804,16.485047,80.8,2.0,smooth
anonymous,1777118791522,-3.043,-9.516,-1.454,0.2855,49.081804,16.485047,80.8,2.0,smooth
anonymous,1777118791539,-2.768,-9.344,-3.028,0.3948,49.081804,16.485047,80.8,2.0,smooth
anonymous,1777118791556,1.417,-5.788,-9.663,1.5429,49.081804,16.485047,80.8,2.0,smooth
anonymous,1777118791572,-0.530,-5.950,-8.887,0.8976,49.081804,16.485047,80.8,2.0,smooth
anonymous,1777118791589,-0.350,-5.127,-6.178,1.7741,49.081804,16.485047,80.8,2.0,smooth
anonymous,1777118791606,-3.598,-8.872,1.102,0.1734,49.081804,16.485047,80.8,2.0,smooth
anonymous,1777118791622,1.221,-8.007,-1.936,1.4826,49.081804,16.485047,80.8,2.0,smooth
anonymous,1777118791639,4.166,-4.476,-15.777,7.1107,49.081804,16.485047,80.8,2.0,smooth
anonymous,1777118791656,-1.152,-6.803,-11.906,3.9512,49.081804,16.485047,80.8,2.0,smooth
anonymous,1777118791672,0.919,-6.842,-5.069,1.2454,49.081804,16.485047,80.8,2.0,smooth
anonymous,1777118791689,-2.671,-5.745,-1.924,3.1884,49.081804,16.485047,80.8,2.0,smooth
anonymous,1777118791706,-1.870,-7.248,-5.325,0.6241,49.081804,16.485047,80.8,2.0,smooth
anonymous,1777118791722,3.801,-4.260,-10.458,2.1049,49.081804,16.485047,80.8,2.0,smooth
anonymous,1777118791739,0.214,-6.586,-5.796,1.0340,49.081804,16.485047,80.8,2.0,smooth
anonymous,1777118791756,-1.251,-6.025,-6.336,0.9779,49.081804,16.485047,80.8,2.0,smooth
anonymous,1777118791773,-2.926,-8.587,0.255,0.7344,49.081804,16.485047,80.8,2.0,smooth
anonymous,1777118791789,-1.588,-5.206,-6.819,1.0848,49.081804,16.485047,80.8,2.0,smooth
anonymous,1777118791806,1.529,-4.977,-7.785,0.4447,49.081804,16.485047,80.8,2.0,smooth
anonymous,1777118791822,-0.467,-6.516,-8.603,0.9925,49.081804,16.485047,80.8,2.0,smooth
anonymous,1777118791839,-1.138,-3.270,-8.140,0.9641,49.081804,16.485047,80.8,2.0,smooth
anonymous,1777118791856,-0.123,-3.384,-7.558,1.5284,49.081804,16.485047,80.8,2.0,smooth
anonymous,1777118791872,-0.464,-4.729,-8.239,0.2992,49.081804,16.485047,80.8,2.0,smooth
anonymous,1777118791889,0.241,-4.557,-9.616,0.8337,49.081804,16.485047,80.8,2.0,smooth
anonymous,1777118791906,3.015,-4.269,-12.543,3.7785,49.081804,16.485047,80.8,2.0,smooth
anonymous,1777118791922,0.052,-5.763,-9.381,1.1998,49.081804,16.485047,80.8,2.0,smooth
anonymous,1777118791939,-0.832,-2.234,-3.007,5.9725,49.081804,16.485047,80.8,2.0,smooth
anonymous,1777118791956,-0.685,-6.580,-9.575,1.8284,49.081804,16.485047,80.8,2.0,smooth
anonymous,1777118791972,1.156,-7.263,-11.569,3.8988,49.081804,16.485047,80.8,2.0,smooth
anonymous,1777118791989,4.056,-2.633,-11.399,2.5721,49.081804,16.485047,80.8,2.0,smooth
anonymous,1777118792006,-3.512,-3.602,-7.443,0.8259,49.081804,16.485047,80.8,2.0,smooth
anonymous,1777118792022,-3.223,-0.237,-4.515,4.2582,49.081804,16.485047,80.8,2.0,smooth
anonymous,1777118792039,-2.265,1.592,-13.116,3.5954,49.081804,16.485047,80.8,2.0,smooth
anonymous,1777118792055,2.318,-5.458,-16.492,7.7154,49.081804,16.485047,80.8,2.0,smooth
anonymous,1777118792072,4.992,-2.704,-14.065,5.3576,49.081989,16.484837,86.9,2.0,smooth
anonymous,1777118792089,2.107,-7.749,-10.155,3.1358,49.081989,16.484837,86.9,2.0,smooth
anonymous,1777118792105,0.334,-7.617,-8.075,1.2956,49.081989,16.484837,86.9,2.0,smooth
anonymous,1777118792122,0.509,-6.132,-8.951,1.0522,49.081989,16.484837,86.9,2.0,smooth
anonymous,1777118792139,1.156,-3.433,-12.608,3.3083,49.081989,16.484837,86.9,2.0,smooth
anonymous,1777118792156,0.411,-1.074,-15.301,5.5341,49.081989,16.484837,86.9,2.0,smooth
anonymous,1777118792172,-2.143,-0.080,-7.470,2.0380,49.081989,16.484837,86.9,2.0,smooth
anonymous,1777118792189,-2.188,-4.018,-6.334,1.9962,49.081989,16.484837,86.9,2.0,smooth
anonymous,1777118792206,-1.387,-8.773,-0.198,0.9257,49.081989,16.484837,86.9,2.0,smooth
anonymous,1777118792222,-0.159,-7.608,-8.195,1.3731,49.081989,16.484837,86.9,2.0,smooth
anonymous,1777118792239,3.476,-2.863,-12.492,3.4686,49.081989,16.484837,86.9,2.0,smooth
anonymous,1777118792256,-1.193,-0.440,-15.399,5.6410,49.081989,16.484837,86.9,2.0,smooth
anonymous,1777118792272,-4.050,0.659,-9.265,0.3227,49.081989,16.484837,86.9,2.0,smooth
anonymous,1777118792289,-2.578,-3.626,-3.462,4.1725,49.081989,16.484837,86.9,2.0,smooth
anonymous,1777118792306,-2.022,-6.256,-9.329,1.6026,49.081989,16.484837,86.9,2.0,smooth
anonymous,1777118792322,1.729,-4.033,-10.188,1.2825,49.081989,16.484837,86.9,2.0,smooth
anonymous,1777118792339,3.538,-1.586,-8.102,0.8280,49.081989,16.484837,86.9,2.0,smooth
anonymous,1777118792356,0.795,-1.881,-13.742,4.0832,49.081989,16.484837,86.9,2.0,smooth
anonymous,1777118792372,-1.254,-1.444,-6.613,2.9263,49.081989,16.484837,86.9,2.0,smooth
anonymous,1777118792389,-2.905,-3.639,-6.655,1.6874,49.081989,16.484837,86.9,2.0,smooth
anonymous,1777118792406,-3.548,-3.936,-6.832,1.1641,49.081989,16.484837,86.9,2.0,smooth
anonymous,1777118792422,5.974,-3.005,-13.746,5.4761,49.081989,16.484837,86.9,2.0,smooth
anonymous,1777118792439,1.590,-1.506,-9.466,0.0944,49.081989,16.484837,86.9,2.0,smooth
anonymous,1777118792456,-0.529,-3.840,-16.254,6.8997,49.081989,16.484837,86.9,2.0,smooth
anonymous,1777118792472,-1.329,-2.918,-4.807,4.0318,49.081989,16.484837,86.9,2.0,smooth
anonymous,1777118792489,-3.117,-4.883,-11.848,3.3782,49.081989,16.484837,86.9,2.0,smooth
anonymous,1777118792506,-0.847,-2.999,-10.178,0.8350,49.081989,16.484837,86.9,2.0,smooth
anonymous,1777118792522,1.245,-2.680,-5.229,3.8035,49.081989,16.484837,86.9,2.0,smooth
anonymous,1777118792539,0.044,-6.842,-12.667,4.5872,49.081989,16.484837,86.9,2.0,smooth
anonymous,1777118792556,-1.579,-3.715,-7.549,1.2498,49.081989,16.484837,86.9,2.0,smooth
anonymous,1777118792572,0.397,-5.008,-15.578,6.5582,49.081989,16.484837,86.9,2.0,smooth
anonymous,1777118792589,1.155,-1.479,-9.461,0.1646,49.081989,16.484837,86.9,2.0,smooth
anonymous,1777118792606,-1.085,-2.380,-4.756,4.3824,49.081989,16.484837,86.9,2.0,smooth
anonymous,1777118792622,-2.447,-5.825,-6.884,0.4661,49.081989,16.484837,86.9,2.0,smooth
anonymous,1777118792639,-1.780,-5.461,-9.954,1.6822,49.081989,16.484837,86.9,2.0,smooth
anonymous,1777118792656,4.650,-3.488,-16.536,7.7178,49.081989,16.484837,86.9,2.0,smooth
anonymous,1777118792672,0.630,-2.581,-9.054,0.3744,49.081989,16.484837,86.9,2.0,smooth
anonymous,1777118792691,-3.286,-1.254,-3.207,5.0499,49.081989,16.484837,86.9,2.0,smooth
anonymous,1777118792706,-2.694,-4.983,-10.132,1.7983,49.081989,16.484837,86.9,2.0,smooth
anonymous,1777118792722,-3.467,-6.714,-7.334,0.7205,49.081989,16.484837,86.9,2.0,smooth
anonymous,1777118792739,8.773,-3.846,-9.274,3.5226,49.081989,16.484837,86.9,2.0,smooth
anonymous,1777118792756,0.006,-2.529,-4.141,4.9581,49.081989,16.484837,86.9,2.0,smooth
anonymous,1777118792772,-2.847,-3.645,3.643,3.9223,49.081989,16.484837,86.9,2.0,smooth
anonymous,1777118792789,-4.700,-6.950,-15.740,8.0260,49.081989,16.484837,86.9,2.0,smooth
anonymous,1777118792806,0.318,-1.810,-8.066,1.5377,49.081989,16.484837,86.9,2.0,smooth
anonymous,1777118792822,8.129,-3.922,-11.765,5.0181,49.081989,16.484837,86.9,2.0,smooth
anonymous,1777118792839,-4.521,-6.434,-11.967,4.5097,49.081989,16.484837,86.9,2.0,smooth
anonymous,1777118792856,-3.440,-5.312,-1.656,3.2682,49.081989,16.484837,86.9,2.0,smooth
anonymous,1777118792872,-1.957,-5.174,-8.449,0.2889,49.081989,16.484837,86.9,2.0,smooth
anonymous,1777118792889,7.067,-2.215,-15.938,7.7644,49.081989,16.484837,86.9,2.0,smooth
anonymous,1777118792906,3.779,-2.429,-10.189,1.3255,49.081989,16.484837,86.9,2.0,smooth
anonymous,1777118792922,-0.641,-3.435,-13.446,4.0824,49.081989,16.484837,86.9,2.0,smooth
anonymous,1777118792939,-2.095,-1.829,0.326,7.0102,49.081989,16.484837,86.9,2.0,smooth
anonymous,1777118792956,-3.267,-5.282,-9.215,1.3030,49.081989,16.484837,86.9,2.0,smooth
anonymous,1777118792972,1.464,-3.772,-12.110,2.9576,49.081989,16.484837,86.9,2.0,smooth
anonymous,1777118792989,5.352,-2.147,-17.933,9.0278,49.081989,16.484837,86.9,2.0,smooth
anonymous,1777118793006,0.444,-1.003,-10.874,1.1195,49.081989,16.484837,86.9,2.0,smooth
anonymous,1777118793022,-1.204,-2.269,-2.359,6.3226,49.081989,16.484837,86.9,2.0,smooth
anonymous,1777118793039,-2.145,-6.031,-8.099,0.5128,49.081989,16.484837,86.9,2.0,smooth
anonymous,1777118793056,-1.302,-5.167,-6.481,1.4195,49.081989,16.484837,86.9,2.0,smooth
anonymous,1777118793072,4.789,-4.760,-14.697,6.3636,49.082189,16.484611,93.9,3.3,smooth
anonymous,1777118793089,4.671,-1.212,-8.397,0.1255,49.082189,16.484611,93.9,3.3,smooth
anonymous,1777118793105,-0.761,-4.078,-8.008,0.7917,49.082189,16.484611,93.9,3.3,smooth
anonymous,1777118793122,-0.208,-3.289,-4.685,4.0822,49.082189,16.484611,93.9,3.3,smooth
anonymous,1777118793139,-0.974,-5.373,-8.392,0.2024,49.082189,16.484611,93.9,3.3,smooth
anonymous,1777118793155,0.832,-1.991,-9.531,0.0381,49.082189,16.484611,93.9,3.3,smooth
anonymous,1777118793172,2.561,-1.645,-11.874,2.4476,49.082189,16.484611,93.9,3.3,smooth
anonymous,1777118793189,0.240,-2.018,-15.329,5.6535,49.082189,16.484611,93.9,3.3,smooth
anonymous,1777118793206,-1.776,-5.992,-7.886,0.2526,49.082189,16.484611,93.9,3.3,smooth
anonymous,1777118793222,-1.134,-6.491,0.052,3.2200,49.082189,16.484611,93.9,3.3,smooth
anonymous,1777118793239,-0.370,-5.831,-6.496,1.0730,49.082189,16.484611,93.9,3.3,smooth
anonymous,1777118793256,3.683,-5.308,-14.576,6.1335,49.082189,16.484611,93.9,3.3,smooth
anonymous,1777118793272,0.059,-1.815,-10.185,0.5357,49.082189,16.484611,93.9,3.3,smooth
anonymous,1777118793289,-1.482,-2.633,-19.274,9.6993,49.082189,16.484611,93.9,3.3,smooth
anonymous,1777118793306,-1.333,-1.188,-0.729,7.8815,49.082189,16.484611,93.9,3.3,smooth
anonymous,1777118793322,-2.535,-4.119,-9.551,0.8959,49.082189,16.484611,93.9,3.3,smooth
anonymous,1777118793339,-1.488,-4.911,-6.947,1.1737,49.082189,16.484611,93.9,3.3,smooth
anonymous,1777118793356,7.843,-3.885,-7.675,1.8307,49.082189,16.484611,93.9,3.3,smooth
anonymous,1777118793372,-2.849,-2.022,-4.136,4.3964,49.082189,16.484611,93.9,3.3,smooth
anonymous,1777118793389,-1.800,-5.419,-13.277,4.6433,49.082189,16.484611,93.9,3.3,smooth
anonymous,1777118793405,-0.870,-1.683,-0.817,7.7466,49.082189,16.484611,93.9,3.3,smooth
anonymous,1777118793422,1.427,-3.921,-16.181,6.9000,49.082189,16.484611,93.9,3.3,smooth
anonymous,1777118793439,2.757,-2.002,-5.771,3.1083,49.082189,16.484611,93.9,3.3,smooth
anonymous,1777118793455,-0.318,-6.638,-11.351,3.3435,49.082189,16.484611,93.9,3.3,smooth
anonymous,1777118793472,-0.142,-4.802,-8.695,0.1240,49.082189,16.484611,93.9,3.3,smooth
anonymous,1777118793489,0.026,-1.971,-4.187,5.1827,49.082189,16.484611,93.9,3.3,smooth
anonymous,1777118793506,0.144,-3.242,-10.884,1.5480,49.082189,16.484611,93.9,3.3,smooth
anonymous,1777118793522,0.224,-1.591,-11.129,1.4344,49.082189,16.484611,93.9,3.3,smooth
anonymous,1777118793539,-0.191,-6.236,-18.393,9.6129,49.082189,16.484611,93.9,3.3,smooth
anonymous,1777118793555,0.537,-0.833,-1.119,8.3145,49.082189,16.484611,93.9,3.3,smooth
anonymous,1777118793572,1.059,-4.227,-2.802,4.6290,49.082189,16.484611,93.9,3.3,smooth
anonymous,1777118793589,-1.361,-6.081,2.780,2.9865,49.082189,16.484611,93.9,3.3,smooth
anonymous,1777118793605,1.033,-8.774,-5.286,0.4853,49.082189,16.484611,93.9,3.3,smooth
anonymous,1777118793622,1.764,-3.563,2.403,5.1642,49.082189,16.484611,93.9,3.3,smooth
anonymous,1777118793639,1.917,-1.598,-10.909,1.3810,49.082189,16.484611,93.9,3.3,smooth
anonymous,1777118793656,-4.732,0.274,-16.249,7.1158,49.082189,16.484611,93.9,3.3,smooth
anonymous,1777118793672,-1.566,-4.214,-5.413,2.7741,49.082189,16.484611,93.9,3.3,smooth
anonymous,1777118793689,0.480,-2.392,-12.969,3.3868,49.082189,16.484611,93.9,3.3,smooth
anonymous,1777118793705,2.623,-3.922,-10.246,1.4702,49.082189,16.484611,93.9,3.3,smooth
anonymous,1777118793722,3.788,-1.416,-10.099,1.0685,49.082189,16.484611,93.9,3.3,smooth
anonymous,1777118793739,-0.933,-4.003,-8.128,0.7020,49.082189,16.484611,93.9,3.3,smooth
anonymous,1777118793756,-1.897,-2.988,-2.777,5.3112,49.082189,16.484611,93.9,3.3,smooth
anonymous,1777118793772,-2.415,-4.453,-8.082,0.2721,49.082189,16.484611,93.9,3.3,smooth
anonymous,1777118793788,2.208,-2.847,-12.834,3.5201,49.082189,16.484611,93.9,3.3,smooth
anonymous,1777118793805,0.988,-1.044,-4.173,5.3962,49.082189,16.484611,93.9,3.3,smooth
anonymous,1777118793822,-0.129,-2.324,-5.870,3.4958,49.082189,16.484611,93.9,3.3,smooth
anonymous,1777118793839,-0.836,-1.974,-2.858,6.2374,49.082189,16.484611,93.9,3.3,smooth
anonymous,1777118793855,-1.350,-4.519,-10.856,2.0265,49.082189,16.484611,93.9,3.3,smooth
anonymous,1777118793872,1.843,-2.554,-10.633,1.2794,49.082189,16.484611,93.9,3.3,smooth
anonymous,1777118793888,1.618,0.667,-7.449,2.1586,49.082189,16.484611,93.9,3.3,smooth
anonymous,1777118793905,-2.123,-0.361,-12.261,2.6388,49.082189,16.484611,93.9,3.3,smooth
anonymous,1777118793922,-2.143,-3.779,-7.192,1.4081,49.082189,16.484611,93.9,3.3,smooth
anonymous,1777118793939,-1.820,-6.451,-7.120,0.0315,49.082189,16.484611,93.9,3.3,smooth
anonymous,1777118793956,4.991,-5.586,-8.441,1.4755,49.082189,16.484611,93.9,3.3,smooth
anonymous,1777118793972,2.964,-4.651,-4.294,2.8202,49.082189,16.484611,93.9,3.3,smooth
anonymous,1777118793989,-0.266,-4.034,-9.256,0.2899,49.082189,16.484611,93.9,3.3,smooth
anonymous,1777118794006,-2.313,-2.203,-11.583,2.2052,49.082189,16.484611,93.9,3.3,smooth
anonymous,1777118794022,-2.478,-5.333,-12.596,4.0915,49.082189,16.484611,93.9,3.3,smooth
anonymous,1777118794038,2.321,-5.003,-11.744,3.1647,49.082189,16.484611,93.9,3.3,smooth
anonymous,1777118794061,1.710,-4.540,-7.861,0.5724,49.082357,16.484422,86.0,3.7,smooth
anonymous,1777118794073,-1.472,-6.340,-10.193,2.2844,49.082357,16.484422,86.0,3.7,smooth
anonymous,1777118794088,2.438,-4.036,-9.424,0.7280,49.082357,16.484422,86.0,3.7,smooth
anonymous,1777118794106,-1.025,-5.029,-9.501,0.9883,49.082357,16.484422,86.0,3.7,smooth
anonymous,1777118794122,0.020,-3.477,-7.145,1.8636,49.082357,16.484422,86.0,3.7,smooth
anonymous,1777118794138,-1.066,-4.153,-8.609,0.1928,49.082357,16.484422,86.0,3.7,smooth
anonymous,1777118794155,-1.096,-4.859,-9.742,1.1319,49.082357,16.484422,86.0,3.7,smooth
anonymous,1777118794172,1.549,-2.325,-12.342,2.8445,49.082357,16.484422,86.0,3.7,smooth
anonymous,1777118794189,0.193,-2.789,-8.130,1.2127,49.082357,16.484422,86.0,3.7,smooth
anonymous,1777118794205,-0.514,-3.122,-7.405,1.7575,49.082357,16.484422,86.0,3.7,smooth
anonymous,1777118794222,-2.079,-5.403,-6.082,1.4135,49.082357,16.484422,86.0,3.7,smooth
anonymous,1777118794238,-0.435,-4.349,-7.435,1.1853,49.082357,16.484422,86.0,3.7,smooth
anonymous,1777118794255,1.126,-5.210,-13.504,4.7084,49.082357,16.484422,86.0,3.7,smooth
anonymous,1777118794272,2.106,-2.182,-9.771,0.4213,49.082357,16.484422,86.0,3.7,smooth
anonymous,1777118794288,-2.011,-3.300,-10.364,1.2515,49.082357,16.484422,86.0,3.7,smooth
anonymous,1777118794305,-0.931,-3.352,-1.408,6.0571,49.082357,16.484422,86.0,3.7,smooth
anonymous,1777118794322,-2.769,-5.667,-2.679,2.9571,49.082357,16.484422,86.0,3.7,smooth
anonymous,1777118794339,8.119,-4.840,-17.798,10.3422,49.082357,16.484422,86.0,3.7,smooth
anonymous,1777118794356,4.226,-2.029,-9.822,1.0734,49.082357,16.484422,86.0,3.7,smooth
anonymous,1777118794372,1.262,-1.781,-19.488,9.8001,49.082357,16.484422,86.0,3.7,smooth
anonymous,1777118794389,-1.836,-0.059,-4.556,4.8981,49.082357,16.484422,86.0,3.7,smooth
anonymous,1777118794406,-2.476,-3.884,-11.696,2.7606,49.082357,16.484422,86.0,3.7,smooth
anonymous,1777118794423,-1.898,-5.639,-4.108,2.5797,49.082357,16.484422,86.0,3.7,smooth
anonymous,1777118794438,4.913,-5.935,-10.487,3.2033,49.082357,16.484422,86.0,3.7,smooth
anonymous,1777118794455,4.282,-3.663,-10.749,2.3267,49.082357,16.484422,86.0,3.7,smooth
anonymous,1777118794472,0.536,-1.462,-13.512,3.7917,49.082357,16.484422,86.0,3.7,smooth
anonymous,1777118794489,-2.452,-2.682,-6.759,2.1363,49.082357,16.484422,86.0,3.7,smooth
anonymous,1777118794506,-0.186,-2.176,-4.199,5.0767,49.082357,16.484422,86.0,3.7,smooth
anonymous,1777118794522,-1.490,-5.857,0.510,3.7455,49.082357,16.484422,86.0,3.7,smooth
anonymous,1777118794538,5.200,-6.467,-19.862,11.7161,49.082357,16.484422,86.0,3.7,smooth
anonymous,1777118794555,1.668,-4.809,-10.060,1.4639,49.082357,16.484422,86.0,3.7,smooth
anonymous,1777118794572,0.646,-4.312,-10.696,1.7407,49.082357,16.484422,86.0,3.7,smooth
anonymous,1777118794588,-1.378,-2.516,-7.145,2.1106,49.082357,16.484422,86.0,3.7,smooth
anonymous,1777118794605,-2.358,-2.205,-11.958,2.5764,49.082357,16.484422,86.0,3.7,smooth
anonymous,1777118794622,-0.394,-4.524,-8.044,0.5726,49.082357,16.484422,86.0,3.7,smooth
anonymous,1777118794639,3.645,-5.293,-12.347,4.1095,49.082357,16.484422,86.0,3.7,smooth
anonymous,1777118794655,0.565,-1.636,-5.993,3.5721,49.082357,16.484422,86.0,3.7,smooth
anonymous,1777118794672,-0.307,-4.136,-7.504,1.2355,49.082357,16.484422,86.0,3.7,smooth
anonymous,1777118794688,-0.820,-4.522,-7.561,0.9620,49.082357,16.484422,86.0,3.7,smooth
anonymous,1777118794705,-0.135,-3.901,-10.172,1.0856,49.082357,16.484422,86.0,3.7,smooth
anonymous,1777118794722,2.027,-2.232,-13.661,4.1797,49.082357,16.484422,86.0,3.7,smooth
anonymous,1777118794739,3.046,-2.983,-8.977,0.1277,49.082357,16.484422,86.0,3.7,smooth
anonymous,1777118794756,0.045,-4.882,-11.323,2.5207,49.082357,16.484422,86.0,3.7,smooth
anonymous,1777118794772,-1.900,-4.396,-5.920,2.1956,49.082357,16.484422,86.0,3.7,smooth
anonymous,1777118794789,-0.600,-4.683,-9.269,0.5925,49.082357,16.484422,86.0,3.7,smooth
anonymous,1777118794806,2.730,-2.178,-8.289,0.8154,49.082357,16.484422,86.0,3.7,smooth
anonymous,1777118794822,0.969,-3.018,-8.234,0.9871,49.082357,16.484422,86.0,3.7,smooth
anonymous,1777118794839,-1.062,-2.645,-7.461,1.8230,49.082357,16.484422,86.0,3.7,smooth
anonymous,1777118794855,-0.819,-3.517,-9.933,0.7587,49.082357,16.484422,86.0,3.7,smooth
anonymous,1777118794872,-0.243,-2.546,-11.543,2.0134,49.082357,16.484422,86.0,3.7,smooth
anonymous,1777118794889,2.976,-3.279,-10.784,1.8476,49.082357,16.484422,86.0,3.7,smooth
anonymous,1777118794906,0.612,-2.835,-13.607,4.1028,49.082357,16.484422,86.0,3.7,smooth
anonymous,1777118794922,-3.129,-4.317,-8.549,0.2657,49.082357,16.484422,86.0,3.7,smooth
anonymous,1777118794939,-1.503,-3.992,-11.584,2.5344,49.082357,16.484422,86.0,3.7,smooth
anonymous,1777118794956,0.972,-3.698,-10.959,1.7968,49.082357,16.484422,86.0,3.7,smooth
anonymous,1777118794972,-0.100,-3.877,-9.919,0.8404,49.082357,16.484422,86.0,3.7,smooth
anonymous,1777118794989,-1.109,-5.063,-10.672,2.0539,49.082357,16.484422,86.0,3.7,smooth
anonymous,1777118795006,-1.710,-5.313,-10.300,1.9046,49.082357,16.484422,86.0,3.7,smooth
anonymous,1777118795022,-0.598,-4.310,-9.469,0.6106,49.082357,16.484422,86.0,3.7,smooth
anonymous,1777118795038,1.889,-4.284,-5.657,2.4667,49.082357,16.484422,86.0,3.7,smooth
anonymous,1777118795055,0.140,-5.979,-10.763,2.5030,49.082357,16.484422,86.0,3.7,smooth
anonymous,1777118795071,-0.513,-4.932,-9.323,0.7497,49.082502,16.484249,77.0,2.0,smooth
anonymous,1777118795088,-1.066,-6.655,-13.813,5.5599,49.082502,16.484249,77.0,2.0,smooth
anonymous,1777118795105,0.526,-4.046,-12.986,3.8015,49.082502,16.484249,77.0,2.0,smooth
anonymous,1777118795122,0.815,-2.978,-9.435,0.1173,49.082502,16.484249,77.0,2.0,smooth
anonymous,1777118795138,-1.726,-3.623,-5.486,3.0126,49.082502,16.484249,77.0,2.0,smooth
anonymous,1777118795155,-1.445,-6.002,-8.505,0.6999,49.082502,16.484249,77.0,2.0,smooth
anonymous,1777118795172,-2.398,-6.751,-8.895,1.6115,49.082502,16.484249,77.0,2.0,smooth
anonymous,1777118795189,0.267,-4.916,-11.725,2.9065,49.082502,16.484249,77.0,2.0,smooth
anonymous,1777118795206,1.904,-2.944,-9.520,0.3353,49.082502,16.484249,77.0,2.0,smooth
anonymous,1777118795222,-1.377,-3.976,-6.698,1.9000,49.082502,16.484249,77.0,2.0,smooth
anonymous,1777118795239,-2.225,-5.330,-7.474,0.3643,49.082502,16.484249,77.0,2.0,smooth
anonymous,1777118795256,-1.216,-5.792,-7.057,0.5996,49.082502,16.484249,77.0,2.0,smooth
anonymous,1777118795272,0.613,-3.879,-8.172,0.7438,49.082502,16.484249,77.0,2.0,smooth
anonymous,1777118795289,2.310,-4.592,-8.269,0.0739,49.082502,16.484249,77.0,2.0,smooth
anonymous,1777118795306,0.021,-4.135,-9.067,0.1554,49.082502,16.484249,77.0,2.0,smooth
anonymous,1777118795322,-1.393,-5.208,-8.341,0.1219,49.082502,16.484249,77.0,2.0,smooth
anonymous,1777118795339,-1.890,-4.360,-7.023,1.3298,49.082502,16.484249,77.0,2.0,smooth
anonymous,1777118795355,-1.786,-2.876,-10.978,1.6783,49.082502,16.484249,77.0,2.0,smooth
anonymous,1777118795372,-0.935,-3.315,-13.055,3.6920,49.082502,16.484249,77.0,2.0,smooth
anonymous,1777118795388,0.489,-4.123,-11.315,2.2423,49.082502,16.484249,77.0,2.0,smooth
anonymous,1777118795406,-1.794,-6.010,-7.311,0.1776,49.082502,16.484249,77.0,2.0,smooth
anonymous,1777118795423,-1.618,-5.481,-7.909,0.0521,49.082502,16.484249,77.0,2.0,smooth
anonymous,1777118795439,-1.658,-6.349,-8.506,0.9324,49.082502,16.484249,77.0,2.0,smooth
anonymous,1777118795455,0.704,-4.897,-9.499,0.9004,49.082502,16.484249,77.0,2.0,smooth
anonymous,1777118795472,0.519,-5.861,-10.514,2.2380,49.082502,16.484249,77.0,2.0,smooth
anonymous,1777118795488,-1.002,-6.379,-11.571,3.4411,49.082502,16.484249,77.0,2.0,smooth
anonymous,1777118795505,-0.941,-3.617,-5.055,3.5230,49.082502,16.484249,77.0,2.0,smooth
anonymous,1777118795521,-0.857,-6.806,-10.963,3.1223,49.082502,16.484249,77.0,2.0,smooth
anonymous,1777118795538,-0.758,-4.099,-8.544,0.3031,49.082502,16.484249,77.0,2.0,smooth
anonymous,1777118795555,0.906,-5.633,-10.234,1.9067,49.082502,16.484249,77.0,2.0,smooth
anonymous,1777118795571,0.239,-3.594,-9.846,0.6747,49.082502,16.484249,77.0,2.0,smooth
anonymous,1777118795588,-0.308,-3.630,-8.891,0.2013,49.082502,16.484249,77.0,2.0,smooth
anonymous,1777118795605,-0.348,-5.632,-7.907,0.0963,49.082502,16.484249,77.0,2.0,smooth
anonymous,1777118795621,-0.895,-5.563,-5.405,2.0019,49.082502,16.484249,77.0,2.0,smooth
anonymous,1777118795638,0.895,-6.841,-9.074,1.5893,49.082502,16.484249,77.0,2.0,smooth
anonymous,1777118795656,1.657,-6.079,-11.770,3.5411,49.082502,16.484249,77.0,2.0,smooth
anonymous,1777118795672,1.266,-6.489,-11.051,3.0678,49.082502,16.484249,77.0,2.0,smooth
anonymous,1777118795689,-1.638,-6.060,-7.530,0.0063,49.082502,16.484249,77.0,2.0,smooth
anonymous,1777118795706,-1.075,-6.165,-6.180,1.0148,49.082502,16.484249,77.0,2.0,smooth
anonymous,1777118795722,-2.243,-4.952,-7.239,0.7574,49.082502,16.484249,77.0,2.0,smooth
anonymous,1777118795739,1.738,-4.438,-9.752,1.0445,49.082502,16.484249,77.0,2.0,smooth
anonymous,1777118795755,-0.985,-4.364,-14.799,5.6500,49.082502,16.484249,77.0,2.0,smooth
anonymous,1777118795772,-3.019,-4.356,-8.854,0.5086,49.082502,16.484249,77.0,2.0,smooth
anonymous,1777118795789,-0.988,-6.740,-10.480,2.6895,49.082502,16.484249,77.0,2.0,smooth
anonymous,1777118795806,0.992,-4.978,-9.511,0.9709,49.082502,16.484249,77.0,2.0,smooth
anonymous,1777118795822,0.489,-6.547,-8.232,0.7190,49.082502,16.484249,77.0,2.0,smooth
anonymous,1777118795839,-0.732,-6.468,-5.829,1.0727,49.082502,16.484249,77.0,2.0,smooth
anonymous,1777118795856,-1.566,-6.214,-8.010,0.4479,49.082502,16.484249,77.0,2.0,smooth
anonymous,1777118795872,-2.336,-5.834,-7.443,0.0689,49.082502,16.484249,77.0,2.0,smooth
anonymous,1777118795889,0.271,-4.475,-10.611,1.7091,49.082502,16.484249,77.0,2.0,smooth
anonymous,1777118795905,1.013,-5.470,-14.158,5.4017,49.082502,16.484249,77.0,2.0,smooth
anonymous,1777118795922,-2.496,-3.766,-10.895,1.9845,49.082502,16.484249,77.0,2.0,smooth
anonymous,1777118795938,-0.087,-6.061,-8.692,0.7873,49.082502,16.484249,77.0,2.0,smooth
anonymous,1777118795955,-0.955,-6.017,-6.625,0.8097,49.082502,16.484249,77.0,2.0,smooth
anonymous,1777118795972,-2.740,-9.777,-3.970,1.0926,49.082502,16.484249,77.0,2.0,smooth
anonymous,1777118795988,1.584,-6.696,-6.313,0.4720,49.082502,16.484249,77.0,2.0,smooth
anonymous,1777118796005,-2.280,-7.767,-10.666,3.5802,49.082502,16.484249,77.0,2.0,smooth
anonymous,1777118796022,-1.254,-6.123,-7.846,0.2209,49.082502,16.484249,77.0,2.0,smooth
anonymous,1777118796039,0.259,-2.645,-5.866,3.3702,49.082502,16.484249,77.0,2.0,smooth
anonymous,1777118796055,-0.814,-7.451,-10.077,2.7491,49.082624,16.484072,69.3,2.0,smooth
anonymous,1777118796072,-1.119,-5.763,-7.772,0.0703,49.082624,16.484072,69.3,2.0,smooth
anonymous,1777118796089,-0.270,-5.831,-8.614,0.5955,49.082624,16.484072,69.3,2.0,smooth
anonymous,1777118796105,-1.050,-5.971,-6.874,0.6445,49.082624,16.484072,69.3,2.0,smooth
anonymous,1777118796122,-2.842,-7.059,-8.926,1.9200,49.082624,16.484072,69.3,2.0,smooth
anonymous,1777118796139,1.233,-7.766,-10.201,3.0696,49.082624,16.484072,69.3,2.0,smooth
anonymous,1777118796156,-1.662,-4.689,-9.641,1.0386,49.082624,16.484072,69.3,2.0,smooth
anonymous,1777118796172,-0.608,-7.951,-9.703,2.7492,49.082624,16.484072,69.3,2.0,smooth
anonymous,1777118796189,-0.460,-6.880,-4.600,1.5210,49.082624,16.484072,69.3,2.0,smooth
anonymous,1777118796206,-2.427,-5.647,-3.478,2.7479,49.082624,16.484072,69.3,2.0,smooth
anonymous,1777118796222,-0.038,-7.588,-4.853,0.8023,49.082624,16.484072,69.3,2.0,smooth
anonymous,1777118796239,-1.659,-7.221,-4.593,1.0922,49.082624,16.484072,69.3,2.0,smooth
anonymous,1777118796256,-2.796,-4.525,-4.624,2.7619,49.082624,16.484072,69.3,2.0,smooth
anonymous,1777118796272,0.926,-4.796,-13.985,5.0033,49.082624,16.484072,69.3,2.0,smooth
anonymous,1777118796288,1.150,-4.945,-14.321,5.3844,49.082624,16.484072,69.3,2.0,smooth
anonymous,1777118796306,-4.557,-3.951,-10.721,2.4913,49.082624,16.484072,69.3,2.0,smooth
anonymous,1777118796322,2.939,-5.316,-9.063,1.1003,49.082624,16.484072,69.3,2.0,smooth
anonymous,1777118796339,-1.833,-7.813,-5.961,0.1868,49.082624,16.484072,69.3,2.0,smooth
anonymous,1777118796356,0.298,-8.892,-9.501,3.2064,49.082624,16.484072,69.3,2.0,smooth
anonymous,1777118796372,-1.167,-7.951,-5.984,0.2090,49.082624,16.484072,69.3,2.0,smooth
anonymous,1777118796389,-2.465,-6.473,-5.458,0.9914,49.082624,16.484072,69.3,2.0,smooth
anonymous,1777118796406,2.658,-4.134,-12.688,3.7970,49.082624,16.484072,69.3,2.0,smooth
anonymous,1777118796422,-2.460,-2.371,-6.753,2.2422,49.082624,16.484072,69.3,2.0,smooth
anonymous,1777118796439,-2.974,-6.658,-12.095,4.3127,49.082624,16.484072,69.3,2.0,smooth
anonymous,1777118796456,-1.265,-5.066,-7.013,1.0666,49.082624,16.484072,69.3,2.0,smooth
anonymous,1777118796472,1.363,-8.616,-2.488,0.7391,49.082624,16.484072,69.3,2.0,smooth
anonymous,1777118796489,-0.302,-7.442,-5.694,0.4348,49.082624,16.484072,69.3,2.0,smooth
anonymous,1777118796505,1.352,-6.954,-8.779,1.4712,49.082624,16.484072,69.3,2.0,smooth
anonymous,1777118796522,-3.224,-4.288,-13.051,4.3012,49.082624,16.484072,69.3,2.0,smooth
anonymous,1777118796539,-2.291,-5.625,-20.303,11.3818,49.082624,16.484072,69.3,2.0,smooth
anonymous,1777118796556,-0.636,-5.507,-7.694,0.3267,49.082624,16.484072,69.3,2.0,smooth
anonymous,1777118796572,0.338,-6.897,-5.358,1.0695,49.082624,16.484072,69.3,2.0,smooth
anonymous,1777118796589,-0.395,-8.788,-3.006,0.5137,49.082624,16.484072,69.3,2.0,smooth
anonymous,1777118796605,0.172,-5.614,-16.088,7.2306,49.082624,16.484072,69.3,2.0,smooth
anonymous,1777118796622,-3.407,-6.128,-10.290,2.6411,49.082624,16.484072,69.3,2.0,smooth
anonymous,1777118796639,-2.263,-5.691,-11.247,2.9960,49.082624,16.484072,69.3,2.0,smooth
anonymous,1777118796655,3.093,-4.690,-16.872,7.9725,49.082624,16.484072,69.3,2.0,smooth
anonymous,1777118796671,-0.095,-7.701,-10.179,2.9546,49.082624,16.484072,69.3,2.0,smooth
anonymous,1777118796693,-4.601,-11.924,-7.050,4.7862,49.082624,16.484072,69.3,2.0,smooth
anonymous,1777118796706,-2.401,-6.027,-7.470,0.0838,49.082624,16.484072,69.3,2.0,smooth
anonymous,1777118796722,5.335,-5.307,-15.994,7.8655,49.082624,16.484072,69.3,2.0,smooth
anonymous,1777118796739,-1.569,-6.500,-9.107,1.4879,49.082624,16.484072,69.3,2.0,smooth
anonymous,1777118796755,-2.976,-9.082,-3.895,0.5103,49.082624,16.484072,69.3,2.0,smooth
anonymous,1777118796772,-3.263,-5.694,-10.364,2.4575,49.082624,16.484072,69.3,2.0,smooth
anonymous,1777118796789,0.736,-7.014,-21.037,12.3779,49.082624,16.484072,69.3,2.0,smooth
anonymous,1777118796805,0.003,-5.281,-7.685,0.4855,49.082624,16.484072,69.3,2.0,smooth
anonymous,1777118796822,-1.705,-10.754,0.894,1.1146,49.082624,16.484072,69.3,2.0,smooth
anonymous,1777118796839,-1.138,-5.744,-0.806,3.8991,49.082624,16.484072,69.3,2.0,smooth
anonymous,1777118796855,0.644,-8.961,-10.678,4.1441,49.082624,16.484072,69.3,2.0,smooth
anonymous,1777118796872,-1.082,-6.032,-9.130,1.1860,49.082624,16.484072,69.3,2.0,smooth
anonymous,1777118796889,-2.448,-7.144,-11.185,3.6863,49.082624,16.484072,69.3,2.0,smooth
anonymous,1777118796905,1.311,-4.162,-6.730,1.7892,49.082624,16.484072,69.3,2.0,smooth
anonymous,1777118796922,0.509,-6.068,-7.869,0.1401,49.082624,16.484072,69.3,2.0,smooth
anonymous,1777118796939,-2.099,-8.972,-4.818,0.5877,49.082624,16.484072,69.3,2.0,smooth
anonymous,1777118796956,-1.076,-8.483,-4.435,0.1778,49.082624,16.484072,69.3,2.0,smooth
anonymous,1777118796972,0.822,-1.704,-6.440,3.0980,49.082624,16.484072,69.3,2.0,smooth
anonymous,1777118796989,3.703,-6.385,-14.640,6.5851,49.082624,16.484072,69.3,2.0,smooth
anonymous,1777118797006,-1.752,-3.965,-7.882,0.8152,49.082624,16.484072,69.3,2.0,smooth
anonymous,1777118797022,-1.926,-6.834,-12.029,4.1580,49.082624,16.484072,69.3,2.0,smooth
anonymous,1777118797039,-3.022,-4.931,-4.385,2.5525,49.082624,16.484072,69.3,2.0,smooth
anonymous,1777118797055,-1.047,-8.916,-3.557,0.1535,49.082725,16.483855,68.3,2.0,smooth
anonymous,1777118797072,2.423,-5.990,-5.062,1.6020,49.082725,16.483855,68.3,2.0,smooth
anonymous,1777118797089,1.295,-6.783,-13.401,5.2655,49.082725,16.483855,68.3,2.0,smooth
anonymous,1777118797105,-0.537,-9.009,-10.870,4.3182,49.082725,16.483855,68.3,2.0,smooth
anonymous,1777118797122,-4.179,-6.120,-0.604,2.3749,49.082725,16.483855,68.3,2.0,smooth
anonymous,1777118797139,-2.875,-6.610,-8.787,1.5554,49.082725,16.483855,68.3,2.0,smooth
anonymous,1777118797156,-0.782,-6.225,-9.016,1.1738,49.082725,16.483855,68.3,2.0,smooth
anonymous,1777118797172,0.274,-7.321,-9.340,2.0609,49.082725,16.483855,68.3,2.0,smooth
anonymous,1777118797189,-2.162,-5.775,-5.642,1.4515,49.082725,16.483855,68.3,2.0,smooth
anonymous,1777118797206,0.191,-8.727,-10.606,3.9263,49.082725,16.483855,68.3,2.0,smooth
anonymous,1777118797222,-0.644,-7.082,-11.887,4.0417,49.082725,16.483855,68.3,2.0,smooth
anonymous,1777118797239,0.720,-11.705,-13.270,7.8992,49.082725,16.483855,68.3,2.0,smooth
anonymous,1777118797256,1.989,-8.675,-13.424,6.2968,49.082725,16.483855,68.3,2.0,smooth
anonymous,1777118797272,-1.514,-6.791,-12.220,4.2517,49.082725,16.483855,68.3,2.0,smooth
anonymous,1777118797289,-1.013,-6.904,-12.868,4.8278,49.082725,16.483855,68.3,2.0,smooth
anonymous,1777118797306,-1.741,-6.922,-6.670,0.0408,49.082725,16.483855,68.3,2.0,smooth
anonymous,1777118797322,-1.284,-4.965,-3.386,3.6646,49.082725,16.483855,68.3,2.0,smooth
anonymous,1777118797339,1.323,-7.118,-8.299,1.2038,49.082725,16.483855,68.3,2.0,smooth
anonymous,1777118797356,-1.342,-10.055,-14.092,7.5534,49.082725,16.483855,68.3,2.0,smooth
anonymous,1777118797372,-0.990,-5.422,-3.727,3.1563,49.082725,16.483855,68.3,2.0,smooth
anonymous,1777118797389,-1.845,-9.315,-11.240,4.9043,49.082725,16.483855,68.3,2.0,smooth
anonymous,1777118797406,1.580,-7.113,-8.011,1.0192,49.082725,16.483855,68.3,2.0,smooth
anonymous,1777118797422,3.700,-5.831,-9.267,1.7473,49.082725,16.483855,68.3,2.0,smooth
anonymous,1777118797439,-1.830,-7.475,-6.475,0.2473,49.082725,16.483855,68.3,2.0,smooth
anonymous,1777118797456,-1.291,-8.031,-8.968,2.2977,49.082725,16.483855,68.3,2.0,smooth
anonymous,1777118797472,-1.218,-5.348,-7.392,0.6048,49.082725,16.483855,68.3,2.0,smooth
anonymous,1777118797489,-1.024,-6.511,-8.359,0.8351,49.082725,16.483855,68.3,2.0,smooth
anonymous,1777118797506,-0.167,-9.976,-6.838,2.2858,49.082725,16.483855,68.3,2.0,smooth
anonymous,1777118797522,-0.878,-6.537,-2.918,2.5980,49.082725,16.483855,68.3,2.0,smooth
anonymous,1777118797539,0.119,-7.560,-9.860,2.6154,49.082725,16.483855,68.3,2.0,smooth
anonymous,1777118797556,-1.336,-6.431,-8.603,1.0139,49.082725,16.483855,68.3,2.0,smooth
anonymous,1777118797572,-0.336,-5.868,-8.952,0.8989,49.082725,16.483855,68.3,2.0,smooth
anonymous,1777118797589,-2.684,-7.227,-5.802,0.1614,49.082725,16.483855,68.3,2.0,smooth
anonymous,1777118797605,0.662,-7.636,-8.872,1.9144,49.082725,16.483855,68.3,2.0,smooth
anonymous,1777118797622,-0.606,-3.785,-6.573,2.2010,49.082725,16.483855,68.3,2.0,smooth
anonymous,1777118797639,0.447,-6.077,-7.865,0.1394,49.082725,16.483855,68.3,2.0,smooth
anonymous,1777118797656,-1.176,-9.124,-9.811,3.6390,49.082725,16.483855,68.3,2.0,smooth
anonymous,1777118797672,-0.294,-8.210,-4.337,0.5199,49.082725,16.483855,68.3,2.0,smooth
anonymous,1777118797689,-0.423,-6.835,-6.440,0.4093,49.082725,16.483855,68.3,2.0,smooth
anonymous,1777118797705,-1.037,-8.021,-8.678,2.0526,49.082725,16.483855,68.3,2.0,smooth
anonymous,1777118797722,-1.809,-5.414,-2.716,3.4881,49.082725,16.483855,68.3,2.0,smooth
anonymous,1777118797739,-0.330,-8.949,-13.149,6.0983,49.082725,16.483855,68.3,2.0,smooth
anonymous,1777118797756,1.318,-7.447,-9.114,2.0333,49.082725,16.483855,68.3,2.0,smooth
anonymous,1777118797772,-0.099,-6.576,-11.576,3.5042,49.082725,16.483855,68.3,2.0,smooth
anonymous,1777118797789,-1.618,-9.277,-5.105,0.9014,49.082725,16.483855,68.3,2.0,smooth
anonymous,1777118797806,1.600,-7.640,-8.652,1.8429,49.082725,16.483855,68.3,2.0,smooth
anonymous,1777118797822,-1.300,-6.841,-8.870,1.4668,49.082725,16.483855,68.3,2.0,smooth
anonymous,1777118797839,-0.302,-7.301,-5.130,0.8821,49.082725,16.483855,68.3,2.0,smooth
anonymous,1777118797856,-2.093,-5.750,-5.784,1.3899,49.082725,16.483855,68.3,2.0,smooth
anonymous,1777118797872,-1.045,-7.869,-7.568,1.1577,49.082725,16.483855,68.3,2.0,smooth
anonymous,1777118797889,1.271,-9.180,-12.267,5.5646,49.082725,16.483855,68.3,2.0,smooth
anonymous,1777118797905,0.106,-4.092,-5.268,3.1387,49.082725,16.483855,68.3,2.0,smooth
anonymous,1777118797922,-0.237,-8.144,-7.409,1.2023,49.082725,16.483855,68.3,2.0,smooth
anonymous,1777118797939,-1.245,-8.356,-9.010,2.5411,49.082725,16.483855,68.3,2.0,smooth
anonymous,1777118797956,-0.624,-8.402,-6.168,0.6317,49.082725,16.483855,68.3,2.0,smooth
anonymous,1777118797972,-0.476,-8.582,-12.800,5.6076,49.082725,16.483855,68.3,2.0,smooth
anonymous,1777118797989,0.245,-7.331,-2.811,1.9543,49.082725,16.483855,68.3,2.0,smooth
anonymous,1777118798006,0.133,-5.785,-11.648,3.1964,49.082725,16.483855,68.3,2.0,smooth
anonymous,1777118798022,-1.898,-8.053,-6.204,0.5312,49.082725,16.483855,68.3,2.0,smooth
anonymous,1777118798039,-1.311,-7.614,-7.375,0.8714,49.082725,16.483855,68.3,2.0,smooth
anonymous,1777118798055,-1.164,-7.591,-5.728,0.2294,49.082809,16.483605,70.6,4.6,smooth
anonymous,1777118798072,0.288,-6.501,-3.251,2.5357,49.082809,16.483605,70.6,4.6,smooth
anonymous,1777118798089,-1.623,-7.460,-9.064,2.0412,49.082809,16.483605,70.6,4.6,smooth
anonymous,1777118798106,-0.713,-8.178,-2.933,1.0926,49.082809,16.483605,70.6,4.6,smooth
anonymous,1777118798122,-0.157,-7.936,-7.655,1.2169,49.082809,16.483605,70.6,4.6,smooth
anonymous,1777118798139,1.395,-5.738,-10.159,1.9405,49.082809,16.483605,70.6,4.6,smooth
anonymous,1777118798156,-1.352,-6.419,-3.513,2.3686,49.082809,16.483605,70.6,4.6,smooth
anonymous,1777118798172,-0.491,-6.083,-9.135,1.1758,49.082809,16.483605,70.6,4.6,smooth
anonymous,1777118798189,-1.306,-7.502,-10.102,2.8403,49.082809,16.483605,70.6,4.6,smooth
anonymous,1777118798206,1.590,-6.269,-11.123,3.0567,49.082809,16.483605,70.6,4.6,smooth
anonymous,1777118798226,0.240,-5.660,-2.757,3.5091,49.082809,16.483605,70.6,4.6,smooth
anonymous,1777118798239,-0.489,-11.080,-4.913,2.3206,49.082809,16.483605,70.6,4.6,smooth
anonymous,1777118798255,-1.175,-6.708,-7.910,0.6279,49.082809,16.483605,70.6,4.6,smooth
anonymous,1777118798272,-0.521,-7.294,-10.136,2.6879,49.082809,16.483605,70.6,4.6,smooth
anonymous,1777118798289,-0.555,-5.883,-8.567,0.5975,49.082809,16.483605,70.6,4.6,smooth
anonymous,1777118798305,-0.153,-7.213,-7.818,0.8283,49.082809,16.483605,70.6,4.6,smooth
anonymous,1777118798322,-1.445,-8.623,-0.805,1.0297,49.082809,16.483605,70.6,4.6,smooth
anonymous,1777118798339,2.200,-6.092,-8.633,0.9828,49.082809,16.483605,70.6,4.6,smooth
anonymous,1777118798356,-1.271,-7.532,-8.292,1.4646,49.082809,16.483605,70.6,4.6,smooth
anonymous,1777118798372,0.292,-8.015,-10.210,3.1730,49.082809,16.483605,70.6,4.6,smooth
anonymous,1777118798389,-0.409,-6.785,-8.590,1.1440,49.082809,16.483605,70.6,4.6,smooth
anonymous,1777118798406,-1.273,-7.348,-3.675,1.4967,49.082809,16.483605,70.6,4.6,smooth
anonymous,1777118798422,1.935,-8.860,-12.072,5.2894,49.082809,16.483605,70.6,4.6,smooth
anonymous,1777118798439,-1.540,-5.669,-4.943,2.1331,49.082809,16.483605,70.6,4.6,smooth
anonymous,1777118798456,1.666,-8.076,-11.550,4.3815,49.082809,16.483605,70.6,4.6,smooth
anonymous,1777118798472,-2.726,-7.432,-2.970,1.3555,49.082809,16.483605,70.6,4.6,smooth
anonymous,1777118798489,-3.746,-9.297,-11.446,5.4042,49.082809,16.483605,70.6,4.6,smooth
anonymous,1777118798506,5.196,-8.957,-10.878,5.2084,49.082809,16.483605,70.6,4.6,smooth
anonymous,1777118798522,-2.601,-8.315,-6.913,1.3116,49.082809,16.483605,70.6,4.6,smooth
anonymous,1777118798539,-0.100,-11.234,-2.387,1.6756,49.082809,16.483605,70.6,4.6,smooth
anonymous,1777118798556,-2.657,-7.712,-10.204,3.2533,49.082809,16.483605,70.6,4.6,smooth
anonymous,1777118798572,0.172,-7.448,-23.398,14.7457,49.082809,16.483605,70.6,4.6,smooth
anonymous,1777118798589,2.012,-9.034,-11.391,4.8674,49.082809,16.483605,70.6,4.6,smooth
anonymous,1777118798605,-0.133,-10.596,-4.809,1.8271,49.082809,16.483605,70.6,4.6,smooth
anonymous,1777118798622,-0.622,-12.261,-8.623,5.1923,49.082809,16.483605,70.6,4.6,smooth
anonymous,1777118798639,0.072,-9.442,-9.665,3.7016,49.082809,16.483605,70.6,4.6,smooth
anonymous,1777118798655,-5.036,-12.380,-6.345,4.9844,49.082809,16.483605,70.6,4.6,smooth
anonymous,1777118798672,3.278,-3.130,-3.755,3.9242,49.082809,16.483605,70.6,4.6,smooth
anonymous,1777118798689,-0.609,-6.913,-8.412,1.0947,49.082809,16.483605,70.6,4.6,smooth
anonymous,1777118798706,-2.112,-11.917,-3.979,2.9300,49.082809,16.483605,70.6,4.6,smooth
anonymous,1777118798722,-4.138,-6.125,-4.831,0.9799,49.082809,16.483605,70.6,4.6,smooth
anonymous,1777118798739,-0.813,-6.946,-10.151,2.5170,49.082809,16.483605,70.6,4.6,smooth
anonymous,1777118798756,-2.283,-9.241,-3.245,0.2463,49.082809,16.483605,70.6,4.6,smooth
anonymous,1777118798772,-4.163,-9.999,-2.010,1.2060,49.082809,16.483605,70.6,4.6,smooth
anonymous,1777118798789,0.638,-10.776,-7.817,3.5180,49.082809,16.483605,70.6,4.6,smooth
anonymous,1777118798806,-1.022,-8.644,-12.717,5.6011,49.082809,16.483605,70.6,4.6,smooth
anonymous,1777118798822,-0.479,-10.747,-14.846,8.5238,49.082809,16.483605,70.6,4.6,smooth
anonymous,1777118798839,-3.082,-9.291,6.067,1.7066,49.082809,16.483605,70.6,4.6,smooth
anonymous,1777118798855,-1.352,-2.591,-2.253,6.1199,49.082809,16.483605,70.6,4.6,smooth
anonymous,1777118798872,2.517,-8.681,-15.267,7.9315,49.082809,16.483605,70.6,4.6,smooth
anonymous,1777118798888,-2.344,-6.901,-5.130,0.8974,49.082809,16.483605,70.6,4.6,smooth
anonymous,1777118798905,-1.694,-9.733,-6.875,2.2263,49.082809,16.483605,70.6,4.6,smooth
anonymous,1777118798922,-0.218,-6.141,-9.036,1.1179,49.082809,16.483605,70.6,4.6,smooth
anonymous,1777118798938,-4.149,-11.541,-7.622,4.6300,49.082809,16.483605,70.6,4.6,smooth
anonymous,1777118798955,1.614,-9.514,-6.119,1.6166,49.082809,16.483605,70.6,4.6,smooth
anonymous,1777118798971,-0.530,-9.042,-3.192,0.2070,49.082809,16.483605,70.6,4.6,smooth
anonymous,1777118798988,-2.873,-4.006,-3.131,3.9695,49.082809,16.483605,70.6,4.6,smooth
anonymous,1777118799005,-2.471,-8.165,-10.094,3.4061,49.082809,16.483605,70.6,4.6,smooth
anonymous,1777118799022,-7.957,-11.341,-2.703,4.3054,49.082809,16.483605,70.6,4.6,smooth
anonymous,1777118799038,5.070,-6.650,-4.026,0.5289,49.082809,16.483605,70.6,4.6,smooth
anonymous,1777118799055,-2.261,-7.873,-6.683,0.7615,49.082809,16.483605,70.6,4.6,smooth
anonymous,1777118799072,-4.246,-11.720,-3.125,3.0413,49.082862,16.483327,73.5,4.2,smooth
anonymous,1777118799088,-0.814,-5.111,-5.760,2.0666,49.082862,16.483327,73.5,4.2,smooth
anonymous,1777118799105,-0.466,-6.318,-16.098,7.4897,49.082862,16.483327,73.5,4.2,smooth
anonymous,1777118799122,1.203,-9.376,-11.208,4.8523,49.082862,16.483327,73.5,4.2,smooth
anonymous,1777118799138,-3.119,-16.114,2.203,6.7506,49.082862,16.483327,73.5,4.2,smooth
anonymous,1777118799155,-0.595,-10.207,-7.270,2.7359,49.082862,16.483327,73.5,4.2,smooth
anonymous,1777118799172,0.507,-10.290,-11.613,5.7143,49.082862,16.483327,73.5,4.2,smooth
anonymous,1777118799188,-2.756,-12.812,-1.920,3.4353,49.082862,16.483327,73.5,4.2,smooth
anonymous,1777118799205,0.395,-6.848,-4.633,1.5326,49.082862,16.483327,73.5,4.2,smooth
anonymous,1777118799222,-0.460,-4.857,-6.543,1.6485,49.082862,16.483327,73.5,4.2,smooth
anonymous,1777118799238,-3.546,-12.695,-0.231,3.3730,49.082862,16.483327,73.5,4.2,smooth
anonymous,1777118799255,-1.761,-10.126,-8.125,3.2917,49.082862,16.483327,73.5,4.2,smooth
anonymous,1777118799271,-1.233,-8.207,-8.614,2.1514,49.082862,16.483327,73.5,4.2,smooth
anonymous,1777118799288,0.912,-10.694,-1.757,1.0660,49.082862,16.483327,73.5,4.2,smooth
anonymous,1777118799305,-2.605,-13.322,0.946,3.7976,49.082862,16.483327,73.5,4.2,smooth
anonymous,1777118799322,-6.458,-7.703,-4.016,1.0146,49.082862,16.483327,73.5,4.2,smooth
anonymous,1777118799338,3.297,-5.055,-4.497,2.2837,49.082862,16.483327,73.5,4.2,smooth
anonymous,1777118799355,-4.960,-8.265,-9.514,3.7334,49.082862,16.483327,73.5,4.2,smooth
anonymous,1777118799371,-1.931,-6.323,-2.384,2.7821,49.082862,16.483327,73.5,4.2,smooth
anonymous,1777118799388,1.028,-9.119,-3.243,0.0772,49.082862,16.483327,73.5,4.2,smooth
anonymous,1777118799405,-3.172,-10.542,2.645,1.5127,49.082862,16.483327,73.5,4.2,smooth
anonymous,1777118799422,-0.526,-5.556,-10.925,2.4585,49.082862,16.483327,73.5,4.2,smooth
anonymous,1777118799439,0.123,-7.061,-5.698,0.7355,49.082862,16.483327,73.5,4.2,smooth
anonymous,1777118799455,-1.811,-5.801,-8.826,0.9059,49.082862,16.483327,73.5,4.2,smooth
anonymous,1777118799472,3.131,-6.579,-9.889,2.4733,49.082862,16.483327,73.5,4.2,smooth
anonymous,1777118799488,-2.890,-8.516,-9.790,3.4832,49.082862,16.483327,73.5,4.2,smooth
anonymous,1777118799505,-2.008,-4.964,-6.530,1.3654,49.082862,16.483327,73.5,4.2,smooth
anonymous,1777118799522,1.506,-7.744,-8.313,1.6503,49.082862,16.483327,73.5,4.2,smooth
anonymous,1777118799538,-1.645,-8.459,-11.870,4.8585,49.082862,16.483327,73.5,4.2,smooth
anonymous,1777118799557,-0.226,-5.353,-5.998,1.7679,49.082862,16.483327,73.5,4.2,smooth
anonymous,1777118799572,-1.714,-6.669,-7.234,0.1774,49.082862,16.483327,73.5,4.2,smooth
anonymous,1777118799588,-1.811,-9.867,-8.234,3.1683,49.082862,16.483327,73.5,4.2,smooth
anonymous,1777118799605,3.400,-7.629,-1.468,1.3297,49.082862,16.483327,73.5,4.2,smooth
anonymous,1777118799622,-2.927,-5.641,-3.914,2.3461,49.082862,16.483327,73.5,4.2,smooth
anonymous,1777118799639,1.139,-8.149,-10.014,3.1506,49.082862,16.483327,73.5,4.2,smooth
anonymous,1777118799656,-1.683,-11.842,-0.043,2.1513,49.082862,16.483327,73.5,4.2,smooth
anonymous,1777118799672,-0.282,-4.278,-3.820,4.0678,49.082862,16.483327,73.5,4.2,smooth
anonymous,1777118799689,0.941,-5.969,-10.329,2.1568,49.082862,16.483327,73.5,4.2,smooth
anonymous,1777118799706,-2.534,-9.190,0.410,0.2678,49.082862,16.483327,73.5,4.2,smooth
anonymous,1777118799722,-1.756,-12.026,-1.584,2.4459,49.082862,16.483327,73.5,4.2,smooth
anonymous,1777118799739,-0.029,-4.552,-8.411,0.2460,49.082862,16.483327,73.5,4.2,smooth
anonymous,1777118799756,2.289,-6.984,-10.992,3.4128,49.082862,16.483327,73.5,4.2,smooth
anonymous,1777118799772,-3.077,-9.768,-4.167,1.2464,49.082862,16.483327,73.5,4.2,smooth
anonymous,1777118799789,-2.486,-11.842,-5.245,3.3778,49.082862,16.483327,73.5,4.2,smooth
anonymous,1777118799806,2.756,-6.548,-7.679,0.6515,49.082862,16.483327,73.5,4.2,smooth
anonymous,1777118799821,-0.499,-6.868,-9.455,1.8873,49.082862,16.483327,73.5,4.2,smooth
anonymous,1777118799839,2.421,-10.225,-3.943,1.4130,49.082862,16.483327,73.5,4.2,smooth
anonymous,1777118799856,-3.303,-8.102,-10.459,3.8263,49.082862,16.483327,73.5,4.2,smooth
anonymous,1777118799872,-0.337,-6.159,-13.104,4.6735,49.082862,16.483327,73.5,4.2,smooth
anonymous,1777118799889,0.194,-8.273,-9.100,2.4904,49.082862,16.483327,73.5,4.2,smooth
anonymous,1777118799906,-1.539,-6.978,-3.908,1.6656,49.082862,16.483327,73.5,4.2,smooth
anonymous,1777118799922,2.782,-11.184,-3.347,2.1909,49.082862,16.483327,73.5,4.2,smooth
anonymous,1777118799939,-2.075,-9.045,-15.173,7.9757,49.082862,16.483327,73.5,4.2,smooth
anonymous,1777118799956,-1.870,-4.858,-7.494,0.6851,49.082862,16.483327,73.5,4.2,smooth
anonymous,1777118799973,0.292,-6.734,-14.214,5.9213,49.082862,16.483327,73.5,4.2,smooth
anonymous,1777118799989,-2.286,-8.239,7.823,1.7789,49.082862,16.483327,73.5,4.2,smooth
anonymous,1777118800006,0.602,-9.183,-14.077,7.0082,49.082862,16.483327,73.5,4.2,smooth
anonymous,1777118800022,-1.814,-10.102,-2.175,0.6819,49.082862,16.483327,73.5,4.2,smooth
anonymous,1777118800039,1.379,-8.332,-5.083,0.0466,49.082862,16.483327,73.5,4.2,smooth
anonymous,1777118800055,1.201,-7.337,-7.002,0.4028,49.082862,16.483327,73.5,4.2,smooth
anonymous,1777118800072,-2.419,-8.335,-2.910,0.6561,49.082898,16.483000,81.9,2.0,smooth
anonymous,1777118800089,0.726,-7.097,-12.935,4.9618,49.082898,16.483000,81.9,2.0,smooth
anonymous,1777118800106,1.949,-5.704,-9.334,1.3010,49.082898,16.483000,81.9,2.0,smooth
anonymous,1777118800122,-2.822,-5.825,3.575,2.4155,49.082898,16.483000,81.9,2.0,smooth
anonymous,1777118800139,0.682,-6.900,-1.158,2.7799,49.082898,16.483000,81.9,2.0,smooth
anonymous,1777118800156,0.431,-6.421,-4.081,2.1894,49.082898,16.483000,81.9,2.0,smooth
anonymous,1777118800172,-0.149,-4.959,-6.325,1.7713,49.082898,16.483000,81.9,2.0,smooth
anonymous,1777118800189,0.780,-4.566,-8.747,0.0879,49.082898,16.483000,81.9,2.0,smooth
anonymous,1777118800206,-1.207,-8.090,-8.345,1.8750,49.082898,16.483000,81.9,2.0,smooth
anonymous,1777118800222,-1.419,-6.847,-8.029,0.8373,49.082898,16.483000,81.9,2.0,smooth
anonymous,1777118800239,-0.981,-7.173,-3.694,1.6824,49.082898,16.483000,81.9,2.0,smooth
anonymous,1777118800255,-0.096,-8.302,-8.643,2.1750,49.082898,16.483000,81.9,2.0,smooth
anonymous,1777118800272,3.211,-6.328,-5.828,0.6272,49.082898,16.483000,81.9,2.0,smooth
anonymous,1777118800289,2.136,-5.283,-10.569,2.1976,49.082898,16.483000,81.9,2.0,smooth
anonymous,1777118800306,-0.914,-5.645,-4.879,2.2933,49.082898,16.483000,81.9,2.0,smooth
anonymous,1777118800322,-0.438,-5.793,-7.877,0.0225,49.082898,16.483000,81.9,2.0,smooth
anonymous,1777118800339,-3.225,-7.550,-7.549,1.3426,49.082898,16.483000,81.9,2.0,smooth
anonymous,1777118800356,4.985,-7.486,-6.845,1.4925,49.082898,16.483000,81.9,2.0,smooth
anonymous,1777118800372,3.215,-9.262,-3.496,0.5985,49.082898,16.483000,81.9,2.0,smooth
anonymous,1777118800389,-1.660,-6.167,-6.657,0.5851,49.082898,16.483000,81.9,2.0,smooth
anonymous,1777118800406,-1.091,-7.726,-8.908,2.0318,49.082898,16.483000,81.9,2.0,smooth
anonymous,1777118800422,-2.141,-7.685,-4.656,0.5732,49.082898,16.483000,81.9,2.0,smooth
anonymous,1777118800438,2.708,-8.155,-9.637,3.1011,49.082898,16.483000,81.9,2.0,smooth
anonymous,1777118800456,0.543,-8.953,-2.058,0.6074,49.082898,16.483000,81.9,2.0,smooth
anonymous,1777118800472,0.104,-8.255,-15.629,7.8656,49.082898,16.483000,81.9,2.0,smooth
anonymous,1777118800489,-0.495,-7.994,-9.952,2.9649,49.082898,16.483000,81.9,2.0,smooth
anonymous,1777118800506,2.395,-7.985,-11.676,4.5361,49.082898,16.483000,81.9,2.0,smooth
anonymous,1777118800522,2.126,-9.082,-8.227,2.6275,49.082898,16.483000,81.9,2.0,smooth
anonymous,1777118800541,0.136,-7.311,-8.753,1.5956,49.082898,16.483000,81.9,2.0,smooth
anonymous,1777118800556,0.491,-8.601,-7.661,1.7181,49.082898,16.483000,81.9,2.0,smooth
anonymous,1777118800572,-3.762,-9.244,-6.485,2.0923,49.082898,16.483000,81.9,2.0,smooth
anonymous,1777118800589,3.743,-6.171,-10.044,2.5585,49.082898,16.483000,81.9,2.0,smooth
anonymous,1777118800606,-3.674,-8.788,0.666,0.2621,49.082898,16.483000,81.9,2.0,smooth
anonymous,1777118800622,-0.852,-11.403,-2.430,1.8800,49.082898,16.483000,81.9,2.0,smooth
anonymous,1777118800638,-0.398,-6.963,-10.138,2.4955,49.082898,16.483000,81.9,2.0,smooth
anonymous,1777118800655,0.211,-6.477,-10.776,2.7639,49.082898,16.483000,81.9,2.0,smooth
anonymous,1777118800672,2.345,-1.250,-8.331,1.0652,49.082898,16.483000,81.9,2.0,smooth
anonymous,1777118800690,-4.592,-9.287,-3.250,1.0484,49.082898,16.483000,81.9,2.0,smooth
anonymous,1777118800706,-7.303,-11.965,-0.757,4.2276,49.082898,16.483000,81.9,2.0,smooth
anonymous,1777118800722,7.273,-8.470,-7.668,3.7336,49.082898,16.483000,81.9,2.0,smooth
anonymous,1777118800739,-1.666,-5.836,-7.520,0.1464,49.082898,16.483000,81.9,2.0,smooth
anonymous,1777118800755,-2.332,-7.286,-8.966,1.9761,49.082898,16.483000,81.9,2.0,smooth
anonymous,1777118800772,-1.852,-7.126,-3.581,1.6225,49.082898,16.483000,81.9,2.0,smooth
anonymous,1777118800789,-3.292,-7.472,-3.491,0.9300,49.082898,16.483000,81.9,2.0,smooth
anonymous,1777118800805,3.723,-6.273,-10.255,2.7744,49.082898,16.483000,81.9,2.0,smooth
anonymous,1777118800822,-0.157,-6.209,-6.994,0.4567,49.082898,16.483000,81.9,2.0,smooth
anonymous,1777118800839,-1.050,-8.322,-10.839,3.8958,49.082898,16.483000,81.9,2.0,smooth
anonymous,1777118800856,0.926,-8.134,-4.334,0.5470,49.082898,16.483000,81.9,2.0,smooth
anonymous,1777118800872,-3.037,-9.128,-2.199,0.0583,49.082898,16.483000,81.9,2.0,smooth
anonymous,1777118800889,3.678,-9.459,3.218,0.8370,49.082898,16.483000,81.9,2.0,smooth
anonymous,1777118800906,3.816,-7.928,-13.418,6.2356,49.082898,16.483000,81.9,2.0,smooth
anonymous,1777118800922,-2.330,-7.715,-8.786,2.1123,49.082898,16.483000,81.9,2.0,smooth
anonymous,1777118800939,2.347,-6.602,-5.186,1.0927,49.082898,16.483000,81.9,2.0,smooth
anonymous,1777118800955,-2.155,-7.082,-8.297,1.3096,49.082898,16.483000,81.9,2.0,smooth
anonymous,1777118800972,-0.635,-8.904,-6.149,1.0296,49.082898,16.483000,81.9,2.0,smooth
anonymous,1777118800989,-1.747,-7.653,-2.691,1.5117,49.082898,16.483000,81.9,2.0,smooth
anonymous,1777118801006,-1.411,-7.042,-8.768,1.5245,49.082898,16.483000,81.9,2.0,smooth
anonymous,1777118801022,2.389,-6.369,-10.684,2.8555,49.082898,16.483000,81.9,2.0,smooth
anonymous,1777118801039,-4.033,-10.330,-11.306,6.0269,49.082898,16.483000,81.9,2.0,smooth
anonymous,1777118801055,0.397,-10.276,-10.502,4.8891,49.082898,16.483000,81.9,2.0,smooth
anonymous,1777118801072,2.323,-6.960,-13.545,5.5946,49.082919,16.482634,91.6,2.0,smooth
anonymous,1777118801089,-3.652,-8.941,-12.309,5.8354,49.082919,16.482634,91.6,2.0,smooth
anonymous,1777118801105,-0.067,-11.498,-1.925,1.8481,49.082919,16.482634,91.6,2.0,smooth
anonymous,1777118801122,-0.223,-7.517,-4.996,0.7818,49.082919,16.482634,91.6,2.0,smooth
anonymous,1777118801139,-0.369,-6.137,-5.103,1.8196,49.082919,16.482634,91.6,2.0,smooth
anonymous,1777118801155,0.353,-7.787,-12.284,4.7385,49.082919,16.482634,91.6,2.0,smooth
anonymous,1777118801172,-0.522,-4.446,-6.858,1.6205,49.082919,16.482634,91.6,2.0,smooth
anonymous,1777118801189,0.474,-9.073,-15.006,7.7322,49.082919,16.482634,91.6,2.0,smooth
anonymous,1777118801206,-2.038,-8.733,17.387,9.7528,49.082919,16.482634,91.6,2.0,smooth
anonymous,1777118801222,-1.054,-10.375,-7.695,3.1498,49.082919,16.482634,91.6,2.0,smooth
anonymous,1777118801239,4.636,-10.170,-5.046,2.4526,49.082919,16.482634,91.6,2.0,smooth
anonymous,1777118801256,-0.859,-5.257,0.230,4.4786,49.082919,16.482634,91.6,2.0,smooth
anonymous,1777118801272,-3.419,-8.673,-9.432,3.4517,49.082919,16.482634,91.6,2.0,smooth
anonymous,1777118801289,-5.402,-8.774,5.913,2.0693,49.082919,16.482634,91.6,2.0,smooth
anonymous,1777118801306,-0.707,-4.400,-8.056,0.6038,49.082919,16.482634,91.6,2.0,smooth
anonymous,1777118801322,6.693,-4.362,-11.305,4.0326,49.082919,16.482634,91.6,2.0,smooth
anonymous,1777118801339,-0.429,-7.560,-7.569,0.8968,49.082919,16.482634,91.6,2.0,smooth
anonymous,1777118801356,-3.418,-10.843,-6.237,3.1573,49.082919,16.482634,91.6,2.0,smooth
anonymous,1777118801372,-3.551,-11.076,0.130,1.8217,49.082919,16.482634,91.6,2.0,smooth
anonymous,1777118801389,2.397,-10.080,-13.242,7.0043,49.082919,16.482634,91.6,2.0,smooth
anonymous,1777118801405,6.136,-7.672,-12.446,6.0457,49.082919,16.482634,91.6,2.0,smooth
anonymous,1777118801422,-0.330,-2.511,-5.630,3.6361,49.082919,16.482634,91.6,2.0,smooth
anonymous,1777118801439,-0.869,-10.325,-2.519,0.8535,49.082919,16.482634,91.6,2.0,smooth
anonymous,1777118801455,-5.732,-8.913,-9.197,4.2218,49.082919,16.482634,91.6,2.0,smooth
anonymous,1777118801472,5.545,-8.333,-18.024,10.8065,49.082919,16.482634,91.6,2.0,smooth
anonymous,1777118801489,9.536,-8.892,-9.727,6.4576,49.082919,16.482634,91.6,2.0,smooth
anonymous,1777118801506,-1.217,-11.233,-5.146,2.6059,49.082919,16.482634,91.6,2.0,smooth
anonymous,1777118801522,-1.897,-11.305,-10.016,5.4123,49.082919,16.482634,91.6,2.0,smooth
anonymous,1777118801539,-4.457,-8.008,-8.881,2.9517,49.082919,16.482634,91.6,2.0,smooth
anonymous,1777118801556,6.250,-6.107,-6.612,1.1478,49.082919,16.482634,91.6,2.0,smooth
anonymous,1777118801572,-3.499,-12.099,-4.784,3.6630,49.082919,16.482634,91.6,2.0,smooth
anonymous,1777118801589,-5.501,-12.803,1.214,4.1772,49.082919,16.482634,91.6,2.0,smooth
anonymous,1777118801606,3.641,-6.523,-11.867,4.2125,49.082919,16.482634,91.6,2.0,smooth
anonymous,1777118801622,1.833,-1.164,-10.481,0.8932,49.082919,16.482634,91.6,2.0,smooth
anonymous,1777118801639,0.778,-7.302,-8.970,1.7829,49.082919,16.482634,91.6,2.0,smooth
anonymous,1777118801656,-7.708,-13.360,0.377,5.6185,49.082919,16.482634,91.6,2.0,smooth
anonymous,1777118801672,2.145,-9.308,-4.362,0.6908,49.082919,16.482634,91.6,2.0,smooth
anonymous,1777118801689,14.949,-5.477,-4.860,6.8359,49.082919,16.482634,91.6,2.0,smooth
anonymous,1777118801706,-3.916,-4.590,-6.491,0.9481,49.082919,16.482634,91.6,2.0,smooth
anonymous,1777118801722,0.090,-5.002,-7.383,0.8914,49.082919,16.482634,91.6,2.0,smooth
anonymous,1777118801739,-4.305,-7.131,-4.171,0.4947,49.082919,16.482634,91.6,2.0,smooth
anonymous,1777118801755,0.106,-7.613,4.636,0.8959,49.082919,16.482634,91.6,2.0,smooth
anonymous,1777118801772,1.787,-11.842,9.408,5.4195,49.082919,16.482634,91.6,2.0,smooth
anonymous,1777118801789,0.918,-5.470,-10.561,2.1186,49.082919,16.482634,91.6,2.0,smooth
anonymous,1777118801806,-0.252,-5.138,-11.129,2.4504,49.082919,16.482634,91.6,2.0,smooth
anonymous,1777118801822,-1.082,-2.250,-16.923,7.2962,49.082919,16.482634,91.6,2.0,smooth
anonymous,1777118801839,-1.989,-4.499,-11.060,2.2945,49.082919,16.482634,91.6,2.0,smooth
anonymous,1777118801855,-2.520,-10.467,-3.562,1.5302,49.082919,16.482634,91.6,2.0,smooth
anonymous,1777118801872,0.365,-10.646,-7.950,3.4816,49.082919,16.482634,91.6,2.0,smooth
anonymous,1777118801889,5.073,-9.600,-11.237,5.8159,49.082919,16.482634,91.6,2.0,smooth
anonymous,1777118801906,-0.360,-5.446,-6.459,1.3540,49.082919,16.482634,91.6,2.0,smooth
anonymous,1777118801922,-2.056,-8.962,-7.736,2.2064,49.082919,16.482634,91.6,2.0,smooth
anonymous,1777118801939,-4.216,-8.962,-5.420,1.4800,49.082919,16.482634,91.6,2.0,smooth
anonymous,1777118801955,6.425,-6.815,-8.300,2.7043,49.082919,16.482634,91.6,2.0,smooth
anonymous,1777118801972,4.971,-5.536,-8.588,1.5530,49.082919,16.482634,91.6,2.0,smooth
anonymous,1777118801988,-0.645,-10.849,-2.273,1.2931,49.082919,16.482634,91.6,2.0,smooth
anonymous,1777118802005,-2.194,-8.749,-3.071,0.2816,49.082919,16.482634,91.6,2.0,smooth
anonymous,1777118802022,-0.218,-6.850,-4.353,1.6911,49.082919,16.482634,91.6,2.0,smooth
anonymous,1777118802038,2.363,-7.389,-9.719,2.6255,49.082919,16.482634,91.6,2.0,smooth
anonymous,1777118802056,-2.163,-9.672,-5.615,1.5814,49.082940,16.482236,100.5,2.0,smooth
anonymous,1777118802072,1.661,-8.246,-0.212,1.3958,49.082940,16.482236,100.5,2.0,smooth
anonymous,1777118802089,1.410,-5.061,-4.258,3.0475,49.082940,16.482236,100.5,2.0,smooth
anonymous,1777118802105,1.012,-4.750,-10.618,1.8656,49.082940,16.482236,100.5,2.0,smooth
anonymous,1777118802122,0.862,-5.140,-9.413,0.9499,49.082940,16.482236,100.5,2.0,smooth
anonymous,1777118802139,-1.528,-1.813,-3.152,5.8659,49.082940,16.482236,100.5,2.0,smooth
anonymous,1777118802156,-2.314,-3.388,-10.492,1.4555,49.082940,16.482236,100.5,2.0,smooth
anonymous,1777118802172,-0.312,-2.102,-4.623,4.7222,49.082940,16.482236,100.5,2.0,smooth
anonymous,1777118802189,3.005,-2.267,-11.621,2.4058,49.082940,16.482236,100.5,2.0,smooth
anonymous,1777118802205,4.499,-2.207,-11.763,2.9761,49.082940,16.482236,100.5,2.0,smooth
anonymous,1777118802222,0.457,-6.406,-11.054,2.9747,49.082940,16.482236,100.5,2.0,smooth
anonymous,1777118802238,2.645,-3.756,-11.406,2.4864,49.082940,16.482236,100.5,2.0,smooth
anonymous,1777118802255,-2.688,-10.366,3.293,1.3940,49.082940,16.482236,100.5,2.0,smooth
anonymous,1777118802272,-1.602,-3.087,0.223,6.3245,49.082940,16.482236,100.5,2.0,smooth
anonymous,1777118802289,-1.431,-8.743,-19.032,11.1827,49.082940,16.482236,100.5,2.0,smooth
anonymous,1777118802305,-2.291,-1.277,-2.117,6.4396,49.082940,16.482236,100.5,2.0,smooth
anonymous,1777118802322,0.695,-1.012,-18.029,8.2610,49.082940,16.482236,100.5,2.0,smooth
anonymous,1777118802339,-0.649,-6.024,-5.340,1.7339,49.082940,16.482236,100.5,2.0,smooth
anonymous,1777118802356,-1.421,-5.374,-6.991,0.8789,49.082940,16.482236,100.5,2.0,smooth
anonymous,1777118802372,-0.378,-5.143,-2.614,4.0284,49.082940,16.482236,100.5,2.0,smooth
anonymous,1777118802389,-0.168,-5.502,-7.678,0.3626,49.082940,16.482236,100.5,2.0,smooth
anonymous,1777118802406,-0.360,-5.840,-9.693,1.5123,49.082940,16.482236,100.5,2.0,smooth
anonymous,1777118802422,2.532,-4.664,-19.962,10.8458,49.082940,16.482236,100.5,2.0,smooth
anonymous,1777118802439,-1.107,-1.637,-13.934,4.2637,49.082940,16.482236,100.5,2.0,smooth
anonymous,1777118802455,-1.817,-6.272,-11.939,3.7979,49.082940,16.482236,100.5,2.0,smooth
anonymous,1777118802472,-2.986,-9.893,-7.946,3.2258,49.082940,16.482236,100.5,2.0,smooth
anonymous,1777118802489,10.673,-7.233,-10.263,6.6689,49.082940,16.482236,100.5,2.0,smooth
anonymous,1777118802506,5.944,-3.081,-11.850,3.8004,49.082940,16.482236,100.5,2.0,smooth
anonymous,1777118802522,-0.754,-4.869,-7.786,0.5963,49.082940,16.482236,100.5,2.0,smooth
anonymous,1777118802539,-1.517,-8.209,-13.047,5.6785,49.082940,16.482236,100.5,2.0,smooth
anonymous,1777118802556,-2.100,-9.224,-12.166,5.6013,49.082940,16.482236,100.5,2.0,smooth
anonymous,1777118802572,9.775,-11.018,2.053,5.0616,49.082940,16.482236,100.5,2.0,smooth
anonymous,1777118802589,-2.576,-8.455,-2.709,0.5656,49.082940,16.482236,100.5,2.0,smooth
anonymous,1777118802606,-3.433,-8.019,-4.014,0.2081,49.082940,16.482236,100.5,2.0,smooth
anonymous,1777118802622,-8.442,-2.288,-10.702,4.0114,49.082940,16.482236,100.5,2.0,smooth
anonymous,1777118802639,1.496,-4.384,-9.384,0.6553,49.082940,16.482236,100.5,2.0,smooth
anonymous,1777118802656,2.661,-2.700,-7.201,1.6723,49.082940,16.482236,100.5,2.0,smooth
anonymous,1777118802672,3.440,-12.004,10.486,6.4960,49.082940,16.482236,100.5,2.0,smooth
anonymous,1777118802689,0.028,-8.562,7.141,1.3386,49.082940,16.482236,100.5,2.0,smooth
anonymous,1777118802705,-2.036,-8.447,-7.307,1.5429,49.082940,16.482236,100.5,2.0,smooth
anonymous,1777118802722,-4.013,-8.205,-7.295,1.8796,49.082940,16.482236,100.5,2.0,smooth
anonymous,1777118802739,-0.919,-4.653,-5.502,2.5458,49.082940,16.482236,100.5,2.0,smooth
anonymous,1777118802755,-0.629,-5.420,-5.479,2.0774,49.082940,16.482236,100.5,2.0,smooth
anonymous,1777118802772,0.968,-11.004,1.384,1.3224,49.082940,16.482236,100.5,2.0,smooth
anonymous,1777118802789,1.324,-7.677,-5.186,0.4517,49.082940,16.482236,100.5,2.0,smooth
anonymous,1777118802805,3.244,-4.368,-6.908,1.0170,49.082940,16.482236,100.5,2.0,smooth
anonymous,1777118802822,1.147,-7.476,-8.062,1.2447,49.082940,16.482236,100.5,2.0,smooth
anonymous,1777118802839,-2.093,-8.654,-1.383,0.8001,49.082940,16.482236,100.5,2.0,smooth
anonymous,1777118802856,-0.977,-6.025,-8.891,0.9743,49.082940,16.482236,100.5,2.0,smooth
anonymous,1777118802871,2.515,-4.200,-9.205,0.6154,49.082940,16.482236,100.5,2.0,smooth
anonymous,1777118802889,-0.364,-8.080,-6.858,0.7939,49.082940,16.482236,100.5,2.0,smooth
anonymous,1777118802905,-0.669,-7.231,-1.195,2.4501,49.082940,16.482236,100.5,2.0,smooth
anonymous,1777118802922,0.352,-7.917,-11.079,3.8117,49.082940,16.482236,100.5,2.0,smooth
anonymous,1777118802939,-0.009,-8.920,13.423,6.3072,49.082940,16.482236,100.5,2.0,smooth
anonymous,1777118802956,-0.521,-4.809,-6.196,1.9497,49.082940,16.482236,100.5,2.0,smooth
anonymous,1777118802972,0.268,-4.175,-11.710,2.6247,49.082940,16.482236,100.5,2.0,smooth
anonymous,1777118802992,-3.198,-6.836,-11.948,4.3220,49.082940,16.482236,100.5,2.0,smooth
anonymous,1777118803006,-0.313,-7.613,-3.785,1.3018,49.082940,16.482236,100.5,2.0,smooth
anonymous,1777118803021,-0.095,-11.901,7.656,4.3406,49.082940,16.482236,100.5,2.0,smooth
anonymous,1777118803038,2.945,-9.138,-15.202,8.1703,49.082940,16.482236,100.5,2.0,smooth
anonymous,1777118803056,0.555,-7.048,0.154,2.7389,49.082963,16.481816,107.4,3.7,smooth
anonymous,1777118803072,-3.319,-9.163,2.492,0.2492,49.082963,16.481816,107.4,3.7,smooth
anonymous,1777118803089,0.322,-6.680,-10.790,2.8845,49.082963,16.481816,107.4,3.7,smooth
anonymous,1777118803106,5.773,-5.321,-13.252,5.5930,49.082963,16.481816,107.4,3.7,smooth
anonymous,1777118803122,-0.097,-5.837,-4.580,2.3906,49.082963,16.481816,107.4,3.7,smooth
anonymous,1777118803139,-3.720,-12.211,1.638,3.0598,49.082963,16.481816,107.4,3.7,smooth
anonymous,1777118803155,-4.696,-11.348,-6.648,4.1552,49.082963,16.481816,107.4,3.7,smooth
anonymous,1777118803172,10.461,-4.530,-16.410,10.1709,49.082963,16.481816,107.4,3.7,smooth
anonymous,1777118803189,7.453,-4.590,-7.874,1.9638,49.082963,16.481816,107.4,3.7,smooth
anonymous,1777118803206,-6.099,-11.496,-0.663,3.2207,49.082963,16.481816,107.4,3.7,smooth
anonymous,1777118803222,-4.103,-11.178,-13.654,8.3066,49.082963,16.481816,107.4,3.7,smooth
anonymous,1777118803239,1.359,-6.919,5.944,0.5882,49.082963,16.481816,107.4,3.7,smooth
anonymous,1777118803256,7.835,-5.879,6.168,1.7656,49.082963,16.481816,107.4,3.7,smooth
anonymous,1777118803272,-5.303,-9.465,-10.185,5.0710,49.082963,16.481816,107.4,3.7,smooth
anonymous,1777118803289,-5.698,-8.886,-1.178,0.8116,49.082963,16.481816,107.4,3.7,smooth
anonymous,1777118803306,-1.568,-8.663,-1.373,0.8994,49.082963,16.481816,107.4,3.7,smooth
anonymous,1777118803322,7.734,-8.453,-2.569,1.9315,49.082963,16.481816,107.4,3.7,smooth
anonymous,1777118803339,0.445,-9.493,-14.080,7.1772,49.082963,16.481816,107.4,3.7,smooth
anonymous,1777118803356,1.184,-7.637,-12.003,4.4657,49.082963,16.481816,107.4,3.7,smooth
anonymous,1777118803372,-3.926,-7.214,-5.402,0.0207,49.082963,16.481816,107.4,3.7,smooth
anonymous,1777118803389,-1.863,-7.362,-6.789,0.3759,49.082963,16.481816,107.4,3.7,smooth
anonymous,1777118803406,5.321,-5.844,-6.531,0.4429,49.082963,16.481816,107.4,3.7,smooth
anonymous,1777118803422,2.678,-8.078,-9.175,2.7043,49.082963,16.481816,107.4,3.7,smooth
anonymous,1777118803439,1.374,-1.785,-4.351,4.9110,49.082963,16.481816,107.4,3.7,smooth
anonymous,1777118803456,-1.738,-4.191,-9.044,0.3083,49.082963,16.481816,107.4,3.7,smooth
anonymous,1777118803472,-1.267,-7.614,-9.812,2.6737,49.082963,16.481816,107.4,3.7,smooth
anonymous,1777118803488,-0.424,-9.047,-6.429,1.2968,49.082963,16.481816,107.4,3.7,smooth
anonymous,1777118803506,2.323,-9.917,-9.341,4.0103,49.082963,16.481816,107.4,3.7,smooth
anonymous,1777118803522,4.037,-7.113,-2.996,1.0999,49.082963,16.481816,107.4,3.7,smooth
anonymous,1777118803539,0.737,-5.682,-8.780,0.6743,49.082963,16.481816,107.4,3.7,smooth
anonymous,1777118803556,-0.215,-7.606,-12.378,4.7193,49.082963,16.481816,107.4,3.7,smooth
anonymous,1777118803572,-0.566,-4.799,-10.903,2.1155,49.082963,16.481816,107.4,3.7,smooth
anonymous,1777118803589,2.031,-3.290,-8.342,0.6154,49.082963,16.481816,107.4,3.7,smooth
anonymous,1777118803605,-0.671,-9.957,8.312,3.1778,49.082963,16.481816,107.4,3.7,smooth
anonymous,1777118803622,-2.305,-12.304,-10.165,6.3153,49.082963,16.481816,107.4,3.7,smooth
anonymous,1777118803638,3.275,-7.063,-12.098,4.5767,49.082963,16.481816,107.4,3.7,smooth
anonymous,1777118803655,-0.183,-4.969,-9.042,0.5092,49.082963,16.481816,107.4,3.7,smooth
anonymous,1777118803672,1.317,-5.288,-6.249,1.5179,49.082963,16.481816,107.4,3.7,smooth
anonymous,1777118803689,-4.409,-10.716,-9.532,5.1944,49.082963,16.481816,107.4,3.7,smooth
anonymous,1777118803706,3.686,-9.058,-0.543,0.0156,49.082963,16.481816,107.4,3.7,smooth
anonymous,1777118803722,7.889,-1.711,-7.272,1.0554,49.082963,16.481816,107.4,3.7,smooth
anonymous,1777118803738,-3.911,-5.680,-16.437,8.0147,49.082963,16.481816,107.4,3.7,smooth
anonymous,1777118803756,0.281,-5.016,-5.433,2.4103,49.082963,16.481816,107.4,3.7,smooth
anonymous,1777118803772,0.507,-3.772,-1.597,5.6825,49.082963,16.481816,107.4,3.7,smooth
anonymous,1777118803789,-4.535,-8.759,-5.932,1.6996,49.082963,16.481816,107.4,3.7,smooth
anonymous,1777118803806,11.074,-10.142,-9.756,8.0973,49.082963,16.481816,107.4,3.7,smooth
anonymous,1777118803822,4.848,-6.884,-3.346,0.7502,49.082963,16.481816,107.4,3.7,smooth
anonymous,1777118803838,-3.890,-7.451,-3.232,0.8047,49.082963,16.481816,107.4,3.7,smooth
anonymous,1777118803856,-5.270,-8.955,-10.161,4.7229,49.082963,16.481816,107.4,3.7,smooth
anonymous,1777118803872,-1.857,-7.248,-7.897,1.0687,49.082963,16.481816,107.4,3.7,smooth
anonymous,1777118803889,11.858,-8.664,-3.150,5.2097,49.082963,16.481816,107.4,3.7,smooth
anonymous,1777118803905,-3.182,-9.413,-4.843,1.2435,49.082963,16.481816,107.4,3.7,smooth
anonymous,1777118803922,-0.838,-8.802,-5.555,0.6321,49.082963,16.481816,107.4,3.7,smooth
anonymous,1777118803939,-1.601,-5.977,-9.233,1.3046,49.082963,16.481816,107.4,3.7,smooth
anonymous,1777118803956,4.092,-8.796,-11.416,5.1710,49.082963,16.481816,107.4,3.7,smooth
anonymous,1777118803972,2.782,-12.102,-3.412,3.0683,49.082963,16.481816,107.4,3.7,smooth
anonymous,1777118803989,-0.492,-11.327,-1.909,1.6869,49.082963,16.481816,107.4,3.7,smooth
anonymous,1777118804006,-1.037,-7.241,-9.623,2.2781,49.082963,16.481816,107.4,3.7,smooth
anonymous,1777118804022,-0.037,-7.524,-11.276,3.7456,49.082963,16.481816,107.4,3.7,smooth
anonymous,1777118804038,1.884,-9.575,-3.225,0.4680,49.082963,16.481816,107.4,3.7,smooth
anonymous,1777118804056,-1.675,-8.477,-7.383,1.5555,49.082985,16.481394,110.8,3.2,smooth
anonymous,1777118804071,2.336,-6.978,-8.831,1.6856,49.082985,16.481394,110.8,3.2,smooth
anonymous,1777118804088,-0.500,-6.959,-12.224,4.2655,49.082985,16.481394,110.8,3.2,smooth
anonymous,1777118804105,-1.349,-7.624,-5.891,0.0809,49.082985,16.481394,110.8,3.2,smooth
anonymous,1777118804124,-1.037,-10.182,-7.458,2.8536,49.082985,16.481394,110.8,3.2,smooth
anonymous,1777118804139,-0.706,-7.443,-11.534,3.9354,49.082985,16.481394,110.8,3.2,smooth
anonymous,1777118804155,1.577,-3.923,-6.363,2.1697,49.082985,16.481394,110.8,3.2,smooth
anonymous,1777118804172,2.980,-5.759,-12.983,4.7021,49.082985,16.481394,110.8,3.2,smooth
anonymous,1777118804189,-3.402,-8.140,-2.800,0.5542,49.082985,16.481394,110.8,3.2,smooth
anonymous,1777118804205,-1.737,-10.254,1.810,0.7463,49.082985,16.481394,110.8,3.2,smooth
anonymous,1777118804222,0.560,-5.953,-9.067,1.0512,49.082985,16.481394,110.8,3.2,smooth
anonymous,1777118804239,2.960,-2.133,-12.005,2.7367,49.082985,16.481394,110.8,3.2,smooth
anonymous,1777118804256,1.020,-5.132,-8.906,0.5199,49.082985,16.481394,110.8,3.2,smooth
anonymous,1777118804272,-2.050,-6.970,-8.238,1.1742,49.082985,16.481394,110.8,3.2,smooth
anonymous,1777118804289,-1.470,-8.195,-1.117,1.4093,49.082985,16.481394,110.8,3.2,smooth
anonymous,1777118804306,0.077,-7.275,-11.136,3.4917,49.082985,16.481394,110.8,3.2,smooth
anonymous,1777118804322,4.843,-3.588,-5.222,1.8357,49.082985,16.481394,110.8,3.2,smooth
anonymous,1777118804339,-1.520,-4.467,-4.697,3.1526,49.082985,16.481394,110.8,3.2,smooth
anonymous,1777118804356,0.503,-5.144,-13.513,4.6576,49.082985,16.481394,110.8,3.2,smooth
anonymous,1777118804372,-1.815,-2.521,-16.756,7.2313,49.082985,16.481394,110.8,3.2,smooth
anonymous,1777118804389,-0.156,-5.640,-3.087,3.3782,49.082985,16.481394,110.8,3.2,smooth
anonymous,1777118804407,-0.314,-10.011,-0.532,0.2196,49.082985,16.481394,110.8,3.2,smooth
anonymous,1777118804422,1.287,-11.765,-2.598,2.3070,49.082985,16.481394,110.8,3.2,smooth
anonymous,1777118804439,2.053,-5.012,-8.141,0.0320,49.082985,16.481394,110.8,3.2,smooth
anonymous,1777118804456,-1.020,-4.696,-12.425,3.5115,49.082985,16.481394,110.8,3.2,smooth
anonymous,1777118804472,-1.460,-7.848,-9.013,2.2299,49.082985,16.481394,110.8,3.2,smooth
anonymous,1777118804489,-2.869,-10.513,-0.056,1.0876,49.082985,16.481394,110.8,3.2,smooth
anonymous,1777118804506,6.629,-7.894,-7.641,3.0217,49.082985,16.481394,110.8,3.2,smooth
anonymous,1777118804522,-0.954,-8.536,-11.815,4.7975,49.082985,16.481394,110.8,3.2,smooth
anonymous,1777118804539,0.416,-7.522,-2.292,1.9352,49.082985,16.481394,110.8,3.2,smooth
anonymous,1777118804555,1.254,-9.386,-8.155,2.6870,49.082985,16.481394,110.8,3.2,smooth
anonymous,1777118804572,-4.209,-8.260,-7.161,1.9042,49.082985,16.481394,110.8,3.2,smooth
anonymous,1777118804589,8.985,-6.346,-9.325,4.6107,49.082985,16.481394,110.8,3.2,smooth
anonymous,1777118804605,2.744,-6.558,-11.625,3.8159,49.082985,16.481394,110.8,3.2,smooth
anonymous,1777118804626,-2.434,-8.616,-4.060,0.0205,49.082985,16.481394,110.8,3.2,smooth
anonymous,1777118804639,-1.181,-7.104,-4.150,1.4984,49.082985,16.481394,110.8,3.2,smooth
anonymous,1777118804655,-1.424,-5.605,-7.003,0.7281,49.082985,16.481394,110.8,3.2,smooth
anonymous,1777118804674,3.978,-8.587,-3.507,0.2826,49.082985,16.481394,110.8,3.2,smooth
anonymous,1777118804690,1.837,-7.859,-7.025,0.8902,49.082985,16.481394,110.8,3.2,smooth
anonymous,1777118804705,-0.523,-5.410,-2.560,3.8022,49.082985,16.481394,110.8,3.2,smooth
anonymous,1777118804722,0.224,-6.609,-6.872,0.2730,49.082985,16.481394,110.8,3.2,smooth
anonymous,1777118804739,-1.129,-7.039,-9.856,2.3545,49.082985,16.481394,110.8,3.2,smooth
anonymous,1777118804755,3.419,-7.234,-6.181,0.3008,49.082985,16.481394,110.8,3.2,smooth
anonymous,1777118804772,-2.151,-8.533,-8.872,2.6859,49.082985,16.481394,110.8,3.2,smooth
anonymous,1777118804789,-1.153,-11.107,0.603,1.3726,49.082985,16.481394,110.8,3.2,smooth
anonymous,1777118804806,1.450,-6.283,-9.983,2.0749,49.082985,16.481394,110.8,3.2,smooth
anonymous,1777118804824,-0.536,-4.132,-3.081,4.6279,49.082985,16.481394,110.8,3.2,smooth
anonymous,1777118804839,3.033,-7.289,-15.655,7.7228,49.082985,16.481394,110.8,3.2,smooth
anonymous,1777118804857,-0.407,-6.963,-10.304,2.6325,49.082985,16.481394,110.8,3.2,smooth
anonymous,1777118804873,-1.980,-8.244,3.493,0.6405,49.082985,16.481394,110.8,3.2,smooth
anonymous,1777118804889,0.729,-9.218,-6.339,1.4013,49.082985,16.481394,110.8,3.2,smooth
anonymous,1777118804905,1.519,-6.940,-10.995,3.2809,49.082985,16.481394,110.8,3.2,smooth
anonymous,1777118804923,2.203,-4.038,-7.356,1.1343,49.082985,16.481394,110.8,3.2,smooth
anonymous,1777118804939,-0.724,-5.029,-8.682,0.2496,49.082985,16.481394,110.8,3.2,smooth
anonymous,1777118804957,-2.562,-7.675,-5.419,0.0717,49.082985,16.481394,110.8,3.2,smooth
anonymous,1777118804973,-1.251,-5.489,-5.798,1.7285,49.082985,16.481394,110.8,3.2,smooth
anonymous,1777118804991,0.657,-6.268,-8.233,0.5581,49.082985,16.481394,110.8,3.2,smooth
anonymous,1777118805006,2.147,-9.917,-8.172,3.2182,49.082985,16.481394,110.8,3.2,smooth
anonymous,1777118805022,0.325,-8.870,-1.258,0.8452,49.082985,16.481394,110.8,3.2,smooth
anonymous,1777118805039,1.431,-6.507,-13.056,4.8475,49.082985,16.481394,110.8,3.2,smooth
anonymous,1777118805055,-3.127,-7.655,-11.706,4.5224,49.083009,16.480928,118.9,2.0,smooth
anonymous,1777118805072,0.500,-6.411,-7.468,0.0452,49.083009,16.480928,118.9,2.0,smooth
anonymous,1777118805089,1.414,-8.152,-7.304,1.2267,49.083009,16.480928,118.9,2.0,smooth
anonymous,1777118805105,-0.662,-9.739,1.940,0.1427,49.083009,16.480928,118.9,2.0,smooth
anonymous,1777118805122,-1.291,-8.614,-1.586,0.9562,49.083009,16.480928,118.9,2.0,smooth
anonymous,1777118805139,0.128,-5.136,-11.101,2.4226,49.083009,16.480928,118.9,2.0,smooth
anonymous,1777118805155,0.512,-3.188,-14.820,5.3574,49.083009,16.480928,118.9,2.0,smooth
anonymous,1777118805172,-0.817,-6.679,-6.249,0.6266,49.083009,16.480928,118.9,2.0,smooth
anonymous,1777118805189,-2.524,-9.265,-10.392,4.3389,49.083009,16.480928,118.9,2.0,smooth
anonymous,1777118805205,-2.090,-12.567,-3.962,3.5318,49.083009,16.480928,118.9,2.0,smooth
anonymous,1777118805222,1.505,-8.365,-11.274,4.3092,49.083009,16.480928,118.9,2.0,smooth
anonymous,1777118805239,3.440,-3.131,-10.129,1.3363,49.083009,16.480928,118.9,2.0,smooth
anonymous,1777118805255,-1.213,-3.396,-7.366,1.6087,49.083009,16.480928,118.9,2.0,smooth
anonymous,1777118805272,-4.447,-7.031,-3.760,0.6801,49.083009,16.480928,118.9,2.0,smooth
anonymous,1777118805289,-5.103,-9.211,-4.420,1.6101,49.083009,16.480928,118.9,2.0,smooth
anonymous,1777118805305,5.365,-7.106,-8.153,2.2629,49.083009,16.480928,118.9,2.0,smooth
anonymous,1777118805322,-2.200,-9.048,-9.298,3.3489,49.083009,16.480928,118.9,2.0,smooth
anonymous,1777118805339,-2.646,-7.895,-7.400,1.3298,49.083009,16.480928,118.9,2.0,smooth
anonymous,1777118805355,-2.479,-10.949,-6.989,3.4140,49.083009,16.480928,118.9,2.0,smooth
anonymous,1777118805372,-1.192,-7.314,-12.817,4.9950,49.083009,16.480928,118.9,2.0,smooth
anonymous,1777118805389,4.627,-6.676,-11.500,4.2697,49.083009,16.480928,118.9,2.0,smooth
anonymous,1777118805405,-1.516,-7.747,-7.935,1.3824,49.083009,16.480928,118.9,2.0,smooth
anonymous,1777118805422,-2.343,-8.114,8.029,1.8426,49.083009,16.480928,118.9,2.0,smooth
anonymous,1777118805438,-2.150,-8.500,3.075,0.5186,49.083009,16.480928,118.9,2.0,smooth
anonymous,1777118805455,3.775,-3.748,-22.680,13.4860,49.083009,16.480928,118.9,2.0,smooth
anonymous,1777118805472,2.947,-4.732,-14.490,5.7156,49.083009,16.480928,118.9,2.0,smooth
anonymous,1777118805489,-2.440,-2.643,-1.189,6.0212,49.083009,16.480928,118.9,2.0,smooth
anonymous,1777118805505,-4.796,-9.926,6.827,3.1563,49.083009,16.480928,118.9,2.0,smooth
anonymous,1777118805522,0.174,-9.267,-15.915,8.6070,49.083009,16.480928,118.9,2.0,smooth
anonymous,1777118805539,4.281,-3.404,-9.210,0.9018,49.083009,16.480928,118.9,2.0,smooth
anonymous,1777118805555,-2.877,-7.396,-10.043,2.9902,49.083009,16.480928,118.9,2.0,smooth
anonymous,1777118805572,-4.688,-8.679,-3.942,0.8128,49.083009,16.480928,118.9,2.0,smooth
anonymous,1777118805589,-1.985,-8.152,-8.354,2.0302,49.083009,16.480928,118.9,2.0,smooth
anonymous,1777118805605,6.175,-3.528,-2.201,2.3653,49.083009,16.480928,118.9,2.0,smooth
anonymous,1777118805622,2.422,-11.516,-15.170,9.3891,49.083009,16.480928,118.9,2.0,smooth
anonymous,1777118805639,-1.893,-5.343,-16.171,7.3259,49.083009,16.480928,118.9,2.0,smooth
anonymous,1777118805655,1.485,-5.511,-10.869,2.4666,49.083009,16.480928,118.9,2.0,smooth
anonymous,1777118805672,-4.215,-5.175,4.990,1.4765,49.083009,16.480928,118.9,2.0,smooth
anonymous,1777118805689,-4.922,-12.468,-1.236,3.6517,49.083009,16.480928,118.9,2.0,smooth
anonymous,1777118805705,10.336,-7.073,-8.617,5.3925,49.083009,16.480928,118.9,2.0,smooth
anonymous,1777118805722,2.886,-1.422,-10.559,1.2280,49.083009,16.480928,118.9,2.0,smooth
anonymous,1777118805739,-5.804,-2.332,-23.263,14.2794,49.083009,16.480928,118.9,2.0,smooth
anonymous,1777118805755,-0.759,-6.414,-6.989,0.2936,49.083009,16.480928,118.9,2.0,smooth
anonymous,1777118805772,-2.914,-11.563,-13.394,8.1227,49.083009,16.480928,118.9,2.0,smooth
anonymous,1777118805789,10.698,-9.441,-12.535,9.1821,49.083009,16.480928,118.9,2.0,smooth
anonymous,1777118805805,-1.410,-4.183,-6.590,1.8786,49.083009,16.480928,118.9,2.0,smooth
anonymous,1777118805822,-0.565,-8.311,-13.782,6.2941,49.083009,16.480928,118.9,2.0,smooth
anonymous,1777118805839,-3.418,-5.804,-10.998,3.0861,49.083009,16.480928,118.9,2.0,smooth
anonymous,1777118805855,-2.672,-6.655,-8.818,1.5557,49.083009,16.480928,118.9,2.0,smooth
anonymous,1777118805872,2.991,-8.405,-9.551,3.2598,49.083009,16.480928,118.9,2.0,smooth
anonymous,1777118805888,1.099,-10.466,-10.494,5.0514,49.083009,16.480928,118.9,2.0,smooth
anonymous,1777118805905,3.436,-8.686,-10.959,4.5898,49.083009,16.480928,118.9,2.0,smooth
anonymous,1777118805922,-1.590,-7.364,-7.607,0.8959,49.083009,16.480928,118.9,2.0,smooth
anonymous,1777118805938,-2.524,-7.642,-9.094,2.3337,49.083009,16.480928,118.9,2.0,smooth
anonymous,1777118805955,-0.267,-8.260,-3.379,0.8818,49.083009,16.480928,118.9,2.0,smooth
anonymous,1777118805972,4.266,-5.129,-3.453,2.2984,49.083009,16.480928,118.9,2.0,smooth
anonymous,1777118805988,0.819,-3.698,-8.747,0.2786,49.083009,16.480928,118.9,2.0,smooth
anonymous,1777118806005,-0.529,-7.002,-13.491,5.3990,49.083009,16.480928,118.9,2.0,smooth
anonymous,1777118806022,-0.150,-5.700,-11.449,2.9806,49.083009,16.480928,118.9,2.0,smooth
anonymous,1777118806038,-4.309,-9.016,-9.667,4.0935,49.083009,16.480928,118.9,2.0,smooth
anonymous,1777118806055,-1.112,-9.277,-6.492,1.5674,49.083009,16.480928,118.9,2.0,smooth
anonymous,1777118806074,3.651,-9.664,-3.790,1.1942,49.083020,16.480436,125.7,2.0,smooth
anonymous,1777118806088,1.729,-5.171,-12.011,3.3802,49.083020,16.480436,125.7,2.0,smooth
anonymous,1777118806105,0.283,-4.648,-9.575,0.8370,49.083020,16.480436,125.7,2.0,smooth
anonymous,1777118806122,-3.049,-5.049,-8.330,0.3968,49.083020,16.480436,125.7,2.0,smooth
anonymous,1777118806138,-3.979,-8.210,-9.743,3.5372,49.083020,16.480436,125.7,2.0,smooth
anonymous,1777118806155,-2.930,-8.285,-1.071,0.9572,49.083020,16.480436,125.7,2.0,smooth
anonymous,1777118806172,4.514,-7.594,-4.615,0.1569,49.083020,16.480436,125.7,2.0,smooth
anonymous,1777118806188,-0.646,-5.308,-6.836,1.1316,49.083020,16.480436,125.7,2.0,smooth
anonymous,1777118806205,-1.669,-6.738,-7.172,0.1710,49.083020,16.480436,125.7,2.0,smooth
anonymous,1777118806222,0.149,-7.181,-1.855,2.3914,49.083020,16.480436,125.7,2.0,smooth
anonymous,1777118806238,-2.628,-6.914,-9.102,1.9189,49.083020,16.480436,125.7,2.0,smooth
anonymous,1777118806255,-1.138,-6.746,-12.753,4.6619,49.083020,16.480436,125.7,2.0,smooth
anonymous,1777118806272,5.115,-2.283,-11.123,2.6441,49.083020,16.480436,125.7,2.0,smooth
anonymous,1777118806290,-4.080,-7.570,-3.768,0.4216,49.083020,16.480436,125.7,2.0,smooth
anonymous,1777118806306,-5.257,-8.946,3.023,0.9976,49.083020,16.480436,125.7,2.0,smooth
anonymous,1777118806322,2.159,-8.731,-4.430,0.2153,49.083020,16.480436,125.7,2.0,smooth
anonymous,1777118806339,6.631,-2.135,-17.622,9.1391,49.083020,16.480436,125.7,2.0,smooth
anonymous,1777118806356,-1.410,-2.753,-6.734,2.4001,49.083020,16.480436,125.7,2.0,smooth
anonymous,1777118806372,-6.080,-2.307,-6.492,0.6213,49.083020,16.480436,125.7,2.0,smooth
anonymous,1777118806389,-4.205,-7.443,-11.664,4.6513,49.083020,16.480436,125.7,2.0,smooth
anonymous,1777118806405,1.088,-8.812,1.114,0.8610,49.083020,16.480436,125.7,2.0,smooth
anonymous,1777118806422,4.721,-7.898,-1.206,0.5303,49.083020,16.480436,125.7,2.0,smooth
anonymous,1777118806439,0.136,-3.804,-6.761,2.0506,49.083020,16.480436,125.7,2.0,smooth
anonymous,1777118806455,-1.094,-5.002,-14.940,5.9828,49.083020,16.480436,125.7,2.0,smooth
anonymous,1777118806471,-2.253,-4.503,-10.029,1.4122,49.083020,16.480436,125.7,2.0,smooth
anonymous,1777118806488,2.510,-6.151,-8.680,1.1206,49.083020,16.480436,125.7,2.0,smooth
anonymous,1777118806505,0.457,-8.250,-8.287,1.8922,49.083020,16.480436,125.7,2.0,smooth
anonymous,1777118806522,2.755,-9.701,-2.190,0.5094,49.083020,16.480436,125.7,2.0,smooth
anonymous,1777118806538,2.978,-7.286,-6.495,0.3946,49.083020,16.480436,125.7,2.0,smooth
anonymous,1777118806555,-1.035,-3.810,-5.269,3.2257,49.083020,16.480436,125.7,2.0,smooth
anonymous,1777118806572,1.082,-2.331,-8.656,0.7806,49.083020,16.480436,125.7,2.0,smooth
anonymous,1777118806588,-0.173,-2.157,-9.061,0.4944,49.083020,16.480436,125.7,2.0,smooth
anonymous,1777118806605,-3.156,-4.883,-6.639,0.9847,49.083020,16.480436,125.7,2.0,smooth
anonymous,1777118806621,2.315,-5.236,-5.451,1.9050,49.083020,16.480436,125.7,2.0,smooth
anonymous,1777118806638,3.703,-7.794,-3.846,0.3629,49.083020,16.480436,125.7,2.0,smooth
anonymous,1777118806655,0.637,-4.594,-1.911,4.7934,49.083020,16.480436,125.7,2.0,smooth
anonymous,1777118806671,1.466,-3.466,-13.552,4.2546,49.083020,16.480436,125.7,2.0,smooth
anonymous,1777118806688,-3.520,-0.332,-10.525,1.2926,49.083020,16.480436,125.7,2.0,smooth
anonymous,1777118806708,-1.262,-1.671,-17.512,7.8269,49.083020,16.480436,125.7,2.0,smooth
anonymous,1777118806723,0.286,-1.138,-3.280,6.3266,49.083020,16.480436,125.7,2.0,smooth
anonymous,1777118806739,-1.365,-2.943,0.477,6.5310,49.083020,16.480436,125.7,2.0,smooth
anonymous,1777118806755,-2.258,-4.703,-11.043,2.4037,49.083020,16.480436,125.7,2.0,smooth
anonymous,1777118806772,4.120,3.877,-27.646,18.4086,49.083020,16.480436,125.7,2.0,smooth
anonymous,1777118806789,2.111,0.732,-7.527,1.9585,49.083020,16.480436,125.7,2.0,smooth
anonymous,1777118806805,1.204,-1.971,-13.504,3.8906,49.083020,16.480436,125.7,2.0,smooth
anonymous,1777118806822,-1.494,-6.342,-17.567,8.9265,49.083020,16.480436,125.7,2.0,smooth
anonymous,1777118806839,-0.945,-7.687,-6.504,0.3032,49.083020,16.480436,125.7,2.0,smooth
anonymous,1777118806855,4.177,-5.675,-11.197,3.4191,49.083020,16.480436,125.7,2.0,smooth
anonymous,1777118806871,-0.791,-4.390,-9.467,0.6552,49.083020,16.480436,125.7,2.0,smooth
anonymous,1777118806888,-0.460,-4.431,-11.917,2.9123,49.083020,16.480436,125.7,2.0,smooth
anonymous,1777118806905,-1.676,-0.876,-10.522,0.8807,49.083020,16.480436,125.7,2.0,smooth
anonymous,1777118806921,-0.132,-3.324,-9.503,0.2588,49.083020,16.480436,125.7,2.0,smooth
anonymous,1777118806938,1.086,-6.134,-8.301,0.5685,49.083020,16.480436,125.7,2.0,smooth
anonymous,1777118806955,-0.227,-6.275,-7.043,0.3745,49.083020,16.480436,125.7,2.0,smooth
anonymous,1777118806971,1.482,-4.053,-13.154,4.0335,49.083020,16.480436,125.7,2.0,smooth
anonymous,1777118806988,2.666,-3.410,-14.795,5.6053,49.083020,16.480436,125.7,2.0,smooth
anonymous,1777118807005,-4.479,-0.253,-15.354,6.1857,49.083020,16.480436,125.7,2.0,smooth
anonymous,1777118807021,-1.233,-3.812,-6.211,2.4182,49.083020,16.480436,125.7,2.0,smooth
anonymous,1777118807038,0.776,-5.372,-9.838,1.4263,49.083020,16.480436,125.7,2.0,smooth
anonymous,1777118807057,-1.885,-6.415,-6.339,0.5960,49.083020,16.480436,125.7,2.0,smooth
anonymous,1777118807072,6.692,-2.905,-12.878,4.9911,49.083049,16.479951,127.2,2.0,smooth
anonymous,1777118807089,3.988,-0.021,-11.131,2.0138,49.083049,16.479951,127.2,2.0,smooth
anonymous,1777118807105,-4.766,1.800,-8.059,0.2755,49.083049,16.479951,127.2,2.0,smooth
anonymous,1777118807125,-2.526,-3.653,-6.467,1.9646,49.083049,16.479951,127.2,2.0,smooth
anonymous,1777118807139,-1.856,-6.614,-11.112,3.2539,49.083049,16.479951,127.2,2.0,smooth
anonymous,1777118807156,5.383,-2.681,-11.572,3.2314,49.083049,16.479951,127.2,2.0,smooth
anonymous,1777118807172,2.524,1.630,-5.407,3.6246,49.083049,16.479951,127.2,2.0,smooth
anonymous,1777118807189,-0.356,-1.166,-2.454,7.0697,49.083049,16.479951,127.2,2.0,smooth
anonymous,1777118807205,-1.974,-2.905,-13.468,4.1085,49.083049,16.479951,127.2,2.0,smooth
anonymous,1777118807222,-4.047,-2.113,-11.170,2.2573,49.083049,16.479951,127.2,2.0,smooth
anonymous,1777118807239,4.673,0.366,-16.204,7.0579,49.083049,16.479951,127.2,2.0,smooth
anonymous,1777118807255,-0.642,1.058,-0.301,8.5365,49.083049,16.479951,127.2,2.0,smooth
anonymous,1777118807271,-0.873,-4.180,-13.198,4.0612,49.083049,16.479951,127.2,2.0,smooth
anonymous,1777118807288,-1.770,-3.370,-13.206,3.9333,49.083049,16.479951,127.2,2.0,smooth
anonymous,1777118807305,2.904,-4.224,-10.516,1.8883,49.083049,16.479951,127.2,2.0,smooth
anonymous,1777118807321,1.915,-2.938,-8.904,0.2397,49.083049,16.479951,127.2,2.0,smooth
anonymous,1777118807338,-0.597,-4.095,-9.291,0.3612,49.083049,16.479951,127.2,2.0,smooth
anonymous,1777118807355,-1.518,-2.761,-4.056,4.6742,49.083049,16.479951,127.2,2.0,smooth
anonymous,1777118807371,-0.675,-3.567,-6.076,2.7325,49.083049,16.479951,127.2,2.0,smooth
anonymous,1777118807388,-1.005,-3.663,-7.306,1.5754,49.083049,16.479951,127.2,2.0,smooth
anonymous,1777118807404,2.200,-1.336,-7.443,1.9347,49.083049,16.479951,127.2,2.0,smooth
anonymous,1777118807421,2.528,2.424,-9.635,0.4419,49.083049,16.479951,127.2,2.0,smooth
anonymous,1777118807438,-1.089,2.135,-11.182,1.6258,49.083049,16.479951,127.2,2.0,smooth
anonymous,1777118807455,0.151,-3.639,-4.219,4.2363,49.083049,16.479951,127.2,2.0,smooth
anonymous,1777118807471,-2.889,0.724,17.308,7.7526,49.083049,16.479951,127.2,2.0,smooth
anonymous,1777118807488,-1.664,-4.940,-9.460,0.9912,49.083049,16.479951,127.2,2.0,smooth
anonymous,1777118807505,3.747,1.229,-27.554,18.0249,49.083049,16.479951,127.2,2.0,smooth
anonymous,1777118807521,3.383,1.255,-19.868,10.3833,49.083049,16.479951,127.2,2.0,smooth
anonymous,1777118807540,-4.572,0.069,-24.113,14.7327,49.083049,16.479951,127.2,2.0,smooth
anonymous,1777118807556,1.510,-5.102,-13.184,4.4076,49.083049,16.479951,127.2,2.0,smooth
anonymous,1777118807572,0.627,-8.966,-20.502,12.5757,49.083049,16.479951,127.2,2.0,smooth
anonymous,1777118807589,5.917,-8.083,-7.069,2.4503,49.083049,16.479951,127.2,2.0,smooth
anonymous,1777118807605,-1.383,-6.724,-22.517,13.7302,49.083049,16.479951,127.2,2.0,smooth
anonymous,1777118807622,-3.993,-0.561,-18.577,9.1996,49.083049,16.479951,127.2,2.0,smooth
anonymous,1777118807638,-1.705,-1.846,-14.648,5.0516,49.083049,16.479951,127.2,2.0,smooth
anonymous,1777118807655,-1.910,-8.434,-2.771,0.7291,49.083049,16.479951,127.2,2.0,smooth
anonymous,1777118807671,1.024,-4.341,-0.081,5.3495,49.083049,16.479951,127.2,2.0,smooth
anonymous,1777118807688,3.083,-4.674,-12.164,3.5812,49.083049,16.479951,127.2,2.0,smooth
anonymous,1777118807704,0.807,-2.967,-8.324,0.9365,49.083049,16.479951,127.2,2.0,smooth
anonymous,1777118807721,0.132,-3.968,-11.830,2.6682,49.083049,16.479951,127.2,2.0,smooth
anonymous,1777118807738,-2.499,-1.569,-4.329,4.5710,49.083049,16.479951,127.2,2.0,smooth
anonymous,1777118807755,-3.562,-10.991,-20.346,13.5876,49.083049,16.479951,127.2,2.0,smooth
anonymous,1777118807771,6.651,-4.486,-9.642,2.7327,49.083049,16.479951,127.2,2.0,smooth
anonymous,1777118807788,2.048,-4.082,-5.656,2.5405,49.083049,16.479951,127.2,2.0,smooth
anonymous,1777118807804,-3.394,-1.610,-14.177,4.8558,49.083049,16.479951,127.2,2.0,smooth
anonymous,1777118807821,-0.525,-2.347,-0.018,7.4054,49.083049,16.479951,127.2,2.0,smooth
anonymous,1777118807838,0.180,-4.082,-10.594,1.5451,49.083049,16.479951,127.2,2.0,smooth
anonymous,1777118807854,-1.005,-4.500,-10.042,1.2403,49.083049,16.479951,127.2,2.0,smooth
anonymous,1777118807871,2.434,-2.365,-10.268,1.0048,49.083049,16.479951,127.2,2.0,smooth
anonymous,1777118807888,-0.416,-2.568,-12.608,3.0635,49.083049,16.479951,127.2,2.0,smooth
anonymous,1777118807904,-2.122,-2.738,-3.926,4.5745,49.083049,16.479951,127.2,2.0,smooth
anonymous,1777118807921,-5.778,-7.742,-20.257,12.6324,49.083049,16.479951,127.2,2.0,smooth
anonymous,1777118807938,2.221,-2.821,-7.122,1.8342,49.083049,16.479951,127.2,2.0,smooth
anonymous,1777118807955,7.523,0.823,-19.649,11.2459,49.083049,16.479951,127.2,2.0,smooth
anonymous,1777118807972,-2.500,-1.556,-3.517,5.2227,49.083049,16.479951,127.2,2.0,smooth
anonymous,1777118807989,-2.952,-3.780,-7.854,0.6068,49.083049,16.479951,127.2,2.0,smooth
anonymous,1777118808005,-0.764,-5.116,-5.869,1.9871,49.083049,16.479951,127.2,2.0,smooth
anonymous,1777118808022,1.286,-4.701,-7.985,0.4556,49.083049,16.479951,127.2,2.0,smooth
anonymous,1777118808038,3.276,-1.809,-8.943,0.1151,49.083049,16.479951,127.2,2.0,smooth
anonymous,1777118808055,0.524,-2.429,-6.185,3.1447,49.083049,16.479951,127.2,2.0,smooth
anonymous,1777118808074,-1.537,-1.808,-12.768,3.1764,49.083089,16.479437,132.3,2.0,smooth
anonymous,1777118808089,-3.575,-1.120,-8.191,0.8031,49.083089,16.479437,132.3,2.0,smooth
anonymous,1777118808105,-1.246,-1.594,-13.418,3.7594,49.083089,16.479437,132.3,2.0,smooth
anonymous,1777118808125,2.657,-2.456,-8.084,0.9536,49.083089,16.479437,132.3,2.0,smooth
anonymous,1777118808139,-0.799,-3.836,-7.918,0.9754,49.083089,16.479437,132.3,2.0,smooth
anonymous,1777118808155,0.270,-2.210,-10.890,1.3049,49.083089,16.479437,132.3,2.0,smooth
anonymous,1777118808172,0.637,-1.711,-8.977,0.6488,49.083089,16.479437,132.3,2.0,smooth
anonymous,1777118808189,-1.504,-3.134,-8.593,0.5406,49.083089,16.479437,132.3,2.0,smooth
anonymous,1777118808205,-1.099,-3.086,-10.036,0.7475,49.083089,16.479437,132.3,2.0,smooth
anonymous,1777118808222,3.118,-2.912,-12.188,3.1025,49.083089,16.479437,132.3,2.0,smooth
anonymous,1777118808238,1.289,-2.363,-16.184,6.5967,49.083089,16.479437,132.3,2.0,smooth
anonymous,1777118808255,-2.620,-1.950,-11.185,1.8417,49.083089,16.479437,132.3,2.0,smooth
anonymous,1777118808272,-0.493,-3.116,-8.350,0.8835,49.083089,16.479437,132.3,2.0,smooth
anonymous,1777118808289,0.883,-6.458,-7.658,0.2470,49.083089,16.479437,132.3,2.0,smooth
anonymous,1777118808305,0.529,-6.087,-12.994,4.5483,49.083089,16.479437,132.3,2.0,smooth
anonymous,1777118808322,1.462,-3.739,-5.935,2.6445,49.083089,16.479437,132.3,2.0,smooth
anonymous,1777118808339,3.277,-0.999,-10.270,1.0164,49.083089,16.479437,132.3,2.0,smooth
anonymous,1777118808355,-0.539,-0.306,-0.834,8.7713,49.083089,16.479437,132.3,2.0,smooth
anonymous,1777118808373,-3.846,-5.410,-23.209,14.3298,49.083089,16.479437,132.3,2.0,smooth
anonymous,1777118808389,0.409,-4.842,-6.583,1.6277,49.083089,16.479437,132.3,2.0,smooth
anonymous,1777118808405,7.946,-3.864,-15.482,8.0163,49.083089,16.479437,132.3,2.0,smooth
anonymous,1777118808422,-0.998,-6.088,-10.647,2.4954,49.083089,16.479437,132.3,2.0,smooth
anonymous,1777118808438,0.107,-5.067,-8.334,0.0560,49.083089,16.479437,132.3,2.0,smooth
anonymous,1777118808455,-0.333,-3.284,-11.222,1.8875,49.083089,16.479437,132.3,2.0,smooth
anonymous,1777118808472,0.006,-0.229,-8.142,1.6652,49.083089,16.479437,132.3,2.0,smooth
anonymous,1777118808488,1.117,-1.639,-20.085,10.3728,49.083089,16.479437,132.3,2.0,smooth
anonymous,1777118808505,1.423,-2.404,-10.950,1.4905,49.083089,16.479437,132.3,2.0,smooth
anonymous,1777118808522,-2.390,-4.939,-7.402,0.5962,49.083089,16.479437,132.3,2.0,smooth
anonymous,1777118808539,-1.480,-4.054,-4.846,3.3207,49.083089,16.479437,132.3,2.0,smooth
anonymous,1777118808556,-0.337,-5.644,-8.986,0.8065,49.083089,16.479437,132.3,2.0,smooth
anonymous,1777118808572,2.174,-3.257,-11.197,2.0523,49.083089,16.479437,132.3,2.0,smooth
anonymous,1777118808589,2.377,-1.812,-9.495,0.1439,49.083089,16.479437,132.3,2.0,smooth
anonymous,1777118808605,-1.127,-3.848,-8.127,0.7476,49.083089,16.479437,132.3,2.0,smooth
anonymous,1777118808622,-1.139,-3.799,-5.144,3.3146,49.083089,16.479437,132.3,2.0,smooth
anonymous,1777118808638,-0.319,-4.039,-13.596,4.3772,49.083089,16.479437,132.3,2.0,smooth
anonymous,1777118808655,4.076,0.678,-13.324,4.1398,49.083089,16.479437,132.3,2.0,smooth
anonymous,1777118808672,1.741,-0.991,-4.426,4.9514,49.083089,16.479437,132.3,2.0,smooth
anonymous,1777118808688,-1.052,-4.484,-8.357,0.2678,49.083089,16.479437,132.3,2.0,smooth
anonymous,1777118808706,-2.769,-6.978,0.575,2.2806,49.083089,16.479437,132.3,2.0,smooth
anonymous,1777118808722,1.691,-4.224,-5.376,2.7669,49.083089,16.479437,132.3,2.0,smooth
anonymous,1777118808739,7.541,-4.522,-7.476,1.7311,49.083089,16.479437,132.3,2.0,smooth
anonymous,1777118808755,-0.643,-3.086,-6.422,2.6559,49.083089,16.479437,132.3,2.0,smooth
anonymous,1777118808772,-3.990,0.879,-10.326,1.2948,49.083089,16.479437,132.3,2.0,smooth
anonymous,1777118808788,-2.298,-2.246,-8.837,0.4071,49.083089,16.479437,132.3,2.0,smooth
anonymous,1777118808805,1.067,-1.506,-8.415,1.1950,49.083089,16.479437,132.3,2.0,smooth
anonymous,1777118808822,3.969,-2.716,-4.251,3.3914,49.083089,16.479437,132.3,2.0,smooth
anonymous,1777118808838,1.981,-4.114,-10.438,1.5833,49.083089,16.479437,132.3,2.0,smooth
anonymous,1777118808855,0.969,-4.228,-6.604,1.9089,49.083089,16.479437,132.3,2.0,smooth
anonymous,1777118808872,0.264,-2.127,-7.129,2.3652,49.083089,16.479437,132.3,2.0,smooth
anonymous,1777118808888,-2.401,-2.500,-10.883,1.6117,49.083089,16.479437,132.3,2.0,smooth
anonymous,1777118808905,-1.396,-3.680,-11.314,2.1689,49.083089,16.479437,132.3,2.0,smooth
anonymous,1777118808922,1.872,-3.572,-14.327,5.0740,49.083089,16.479437,132.3,2.0,smooth
anonymous,1777118808939,0.864,-3.904,-7.445,1.3591,49.083089,16.479437,132.3,2.0,smooth
anonymous,1777118808956,-1.010,-5.015,-7.769,0.5077,49.083089,16.479437,132.3,2.0,smooth
anonymous,1777118808972,-0.272,-5.837,-11.212,2.8337,49.083089,16.479437,132.3,2.0,smooth
anonymous,1777118808989,1.994,-3.559,-7.233,1.5055,49.083089,16.479437,132.3,2.0,smooth
anonymous,1777118809006,-0.019,-5.869,-15.179,6.4642,49.083089,16.479437,132.3,2.0,smooth
anonymous,1777118809022,-1.582,-6.716,-8.252,0.9466,49.083089,16.479437,132.3,2.0,smooth
anonymous,1777118809039,-0.831,-6.306,-9.243,1.4104,49.083089,16.479437,132.3,2.0,smooth
anonymous,1777118809056,-0.339,-4.403,-6.749,1.7448,49.083114,16.478985,124.5,3.9,smooth
anonymous,1777118809077,1.444,-5.555,-4.146,2.7299,49.083114,16.478985,124.5,3.9,smooth
anonymous,1777118809088,0.191,-2.749,-7.566,1.7573,49.083114,16.478985,124.5,3.9,smooth
anonymous,1777118809105,0.314,-4.074,-21.538,12.1122,49.083114,16.478985,124.5,3.9,smooth
anonymous,1777118809122,-1.135,0.615,-3.976,5.6296,49.083114,16.478985,124.5,3.9,smooth
anonymous,1777118809139,0.209,0.461,-19.810,10.0062,49.083114,16.478985,124.5,3.9,smooth
anonymous,1777118809155,0.710,-0.538,-6.417,3.3316,49.083114,16.478985,124.5,3.9,smooth
anonymous,1777118809172,0.436,-2.619,-9.308,0.1308,49.083114,16.478985,124.5,3.9,smooth
anonymous,1777118809188,0.488,-1.137,-6.191,3.4966,49.083114,16.478985,124.5,3.9,smooth
anonymous,1777118809208,-2.146,1.629,-20.148,10.5175,49.083114,16.478985,124.5,3.9,smooth
anonymous,1777118809222,0.443,0.908,-13.544,3.7719,49.083114,16.478985,124.5,3.9,smooth
anonymous,1777118809238,1.382,-0.400,-12.575,2.8467,49.083114,16.478985,124.5,3.9,smooth
anonymous,1777118809255,-1.234,-2.591,-7.019,2.2265,49.083114,16.478985,124.5,3.9,smooth
anonymous,1777118809271,-2.135,-3.539,-10.397,1.3784,49.083114,16.478985,124.5,3.9,smooth
anonymous,1777118809288,3.598,-1.871,-15.108,5.8326,49.083114,16.478985,124.5,3.9,smooth
anonymous,1777118809305,-1.514,2.608,-18.579,9.0120,49.083114,16.478985,124.5,3.9,smooth
anonymous,1777118809321,-1.470,3.508,-17.548,8.1457,49.083114,16.478985,124.5,3.9,smooth
anonymous,1777118809338,0.094,-0.350,-9.192,0.6109,49.083114,16.478985,124.5,3.9,smooth
anonymous,1777118809355,-1.564,-5.249,-12.430,3.7735,49.083114,16.478985,124.5,3.9,smooth
anonymous,1777118809372,-0.724,-5.445,-9.177,0.8847,49.083114,16.478985,124.5,3.9,smooth
anonymous,1777118809388,5.428,-3.588,-19.643,10.8830,49.083114,16.478985,124.5,3.9,smooth
anonymous,1777118809405,-1.544,-4.168,-6.165,2.2101,49.083114,16.478985,124.5,3.9,smooth
anonymous,1777118809422,-1.561,-6.452,-13.377,5.1236,49.083114,16.478985,124.5,3.9,smooth
anonymous,1777118809439,-1.598,-7.611,3.223,1.3914,49.083114,16.478985,124.5,3.9,smooth
anonymous,1777118809455,-1.282,-7.767,-9.867,2.8124,49.083114,16.478985,124.5,3.9,smooth
anonymous,1777118809472,2.748,-4.545,-9.208,0.8199,49.083114,16.478985,124.5,3.9,smooth
anonymous,1777118809488,-1.789,-4.851,-8.312,0.0212,49.083114,16.478985,124.5,3.9,smooth
anonymous,1777118809506,-0.799,-2.365,-8.079,1.3546,49.083114,16.478985,124.5,3.9,smooth
anonymous,1777118809522,-2.268,-3.290,-12.362,3.1816,49.083114,16.478985,124.5,3.9,smooth
anonymous,1777118809539,2.446,-2.745,-7.886,1.1094,49.083114,16.478985,124.5,3.9,smooth
anonymous,1777118809555,4.253,-3.500,-11.061,2.5467,49.083114,16.478985,124.5,3.9,smooth
anonymous,1777118809572,-0.072,-3.588,-3.128,5.0494,49.083114,16.478985,124.5,3.9,smooth
anonymous,1777118809588,-2.031,-4.462,-10.022,1.3471,49.083114,16.478985,124.5,3.9,smooth
anonymous,1777118809605,0.309,-2.218,-11.326,1.7355,49.083114,16.478985,124.5,3.9,smooth
anonymous,1777118809621,-0.219,-0.941,-13.319,3.5436,49.083114,16.478985,124.5,3.9,smooth
anonymous,1777118809639,2.248,-3.138,-12.006,2.8008,49.083114,16.478985,124.5,3.9,smooth
anonymous,1777118809655,2.002,-1.770,-11.304,1.8059,49.083114,16.478985,124.5,3.9,smooth
anonymous,1777118809672,-1.223,-4.699,-6.962,1.3221,49.083114,16.478985,124.5,3.9,smooth
anonymous,1777118809688,2.203,-5.918,-8.947,1.1409,49.083114,16.478985,124.5,3.9,smooth
anonymous,1777118809705,2.229,-4.941,-8.560,0.3221,49.083114,16.478985,124.5,3.9,smooth
anonymous,1777118809721,-0.710,-2.718,-7.087,2.1864,49.083114,16.478985,124.5,3.9,smooth
anonymous,1777118809738,-1.136,-4.359,-11.621,2.6541,49.083114,16.478985,124.5,3.9,smooth
anonymous,1777118809755,0.198,-2.671,-9.376,0.0591,49.083114,16.478985,124.5,3.9,smooth
anonymous,1777118809772,0.984,-1.958,-12.034,2.4224,49.083114,16.478985,124.5,3.9,smooth
anonymous,1777118809788,1.748,-1.816,-6.519,2.8204,49.083114,16.478985,124.5,3.9,smooth
anonymous,1777118809805,0.749,-2.785,-5.659,3.4584,49.083114,16.478985,124.5,3.9,smooth
anonymous,1777118809822,-0.286,-3.661,-8.076,0.9384,49.083114,16.478985,124.5,3.9,smooth
anonymous,1777118809838,1.846,-2.522,-8.323,0.9198,49.083114,16.478985,124.5,3.9,smooth
anonymous,1777118809855,2.172,-2.762,-9.673,0.4812,49.083114,16.478985,124.5,3.9,smooth
anonymous,1777118809872,1.356,-3.123,-13.474,4.0871,49.083114,16.478985,124.5,3.9,smooth
anonymous,1777118809888,-3.470,0.031,-4.376,4.2251,49.083114,16.478985,124.5,3.9,smooth
anonymous,1777118809905,-2.316,-4.289,-13.882,4.9035,49.083114,16.478985,124.5,3.9,smooth
anonymous,1777118809922,0.064,-2.922,-4.931,4.0784,49.083114,16.478985,124.5,3.9,smooth
anonymous,1777118809938,1.320,-3.658,-9.385,0.3485,49.083114,16.478985,124.5,3.9,smooth
anonymous,1777118809955,1.511,-1.267,-5.838,3.6476,49.083114,16.478985,124.5,3.9,smooth
anonymous,1777118809971,-0.635,-1.093,-12.853,3.1050,49.083114,16.478985,124.5,3.9,smooth
anonymous,1777118809988,-1.485,-2.080,-8.505,0.9294,49.083114,16.478985,124.5,3.9,smooth
anonymous,1777118810005,-0.457,-2.955,-5.455,3.5892,49.083114,16.478985,124.5,3.9,smooth
anonymous,1777118810022,-0.559,-5.418,-6.385,1.4178,49.083114,16.478985,124.5,3.9,smooth
anonymous,1777118810040,0.443,-5.650,-7.616,0.3167,49.083114,16.478985,124.5,3.9,smooth
anonymous,1777118810056,3.056,-3.936,-9.871,1.2472,49.083136,16.478580,114.3,3.7,smooth
anonymous,1777118810077,0.140,-3.620,-17.417,7.9798,49.083136,16.478580,114.3,3.7,smooth
anonymous,1777118810093,-1.554,0.686,-12.493,2.7983,49.083136,16.478580,114.3,3.7,smooth
anonymous,1777118810105,-0.521,-4.270,-15.474,6.2512,49.083136,16.478580,114.3,3.7,smooth
anonymous,1777118810121,0.341,-5.639,-10.208,1.8572,49.083136,16.478580,114.3,3.7,smooth
anonymous,1777118810138,3.968,-7.122,-9.265,2.5318,49.083136,16.478580,114.3,3.7,smooth
anonymous,1777118810155,0.327,-5.289,-2.207,4.0701,49.083136,16.478580,114.3,3.7,smooth
anonymous,1777118810171,-0.853,-5.827,-11.702,3.2904,49.083136,16.478580,114.3,3.7,smooth
anonymous,1777118810190,-2.376,-5.417,-19.374,10.4463,49.083136,16.478580,114.3,3.7,smooth
anonymous,1777118810204,0.643,-2.291,-10.294,0.7558,49.083136,16.478580,114.3,3.7,smooth
anonymous,1777118810221,1.003,0.392,-5.342,4.3606,49.083136,16.478580,114.3,3.7,smooth
anonymous,1777118810238,0.293,-5.635,-6.309,1.3464,49.083136,16.478580,114.3,3.7,smooth
anonymous,1777118810255,-4.498,-6.413,-2.079,1.7052,49.083136,16.478580,114.3,3.7,smooth
anonymous,1777118810271,6.520,-3.099,-16.613,8.3037,49.083136,16.478580,114.3,3.7,smooth
anonymous,1777118810288,6.261,2.279,-11.872,3.8038,49.083136,16.478580,114.3,3.7,smooth
anonymous,1777118810305,-2.876,1.080,-15.273,5.7690,49.083136,16.478580,114.3,3.7,smooth
anonymous,1777118810322,-2.022,-3.640,-16.141,6.8589,49.083136,16.478580,114.3,3.7,smooth
anonymous,1777118810339,-3.265,-7.735,-13.627,6.1960,49.083136,16.478580,114.3,3.7,smooth
anonymous,1777118810355,4.259,-9.628,-2.859,1.0996,49.083136,16.478580,114.3,3.7,smooth
anonymous,1777118810372,0.480,-4.570,-5.244,2.8372,49.083136,16.478580,114.3,3.7,smooth
anonymous,1777118810388,-2.292,-2.393,-3.354,5.0954,49.083136,16.478580,114.3,3.7,smooth
anonymous,1777118810405,-1.255,0.180,-19.120,9.3521,49.083136,16.478580,114.3,3.7,smooth
anonymous,1777118810422,2.048,4.417,-17.997,8.8338,49.083136,16.478580,114.3,3.7,smooth
anonymous,1777118810438,1.618,-1.209,-8.524,1.0502,49.083136,16.478580,114.3,3.7,smooth
anonymous,1777118810455,-2.387,-3.644,-5.499,2.7942,49.083136,16.478580,114.3,3.7,smooth
anonymous,1777118810472,-3.137,-6.641,-5.287,0.7602,49.083136,16.478580,114.3,3.7,smooth
anonymous,1777118810488,-1.154,-5.773,-7.198,0.5106,49.083136,16.478580,114.3,3.7,smooth
anonymous,1777118810505,7.048,-1.712,-9.625,2.2418,49.083136,16.478580,114.3,3.7,smooth
anonymous,1777118810521,0.310,-1.812,-11.864,2.1955,49.083136,16.478580,114.3,3.7,smooth
anonymous,1777118810539,-2.957,-2.653,-17.554,8.1879,49.083136,16.478580,114.3,3.7,smooth
anonymous,1777118810555,-0.593,-5.115,-8.310,0.0341,49.083136,16.478580,114.3,3.7,smooth
anonymous,1777118810572,-0.742,-3.648,-7.246,1.6634,49.083136,16.478580,114.3,3.7,smooth
anonymous,1777118810588,3.022,-2.781,-12.415,3.2665,49.083136,16.478580,114.3,3.7,smooth
anonymous,1777118810605,2.017,-1.347,-5.284,3.9957,49.083136,16.478580,114.3,3.7,smooth
anonymous,1777118810622,-2.600,-4.280,-15.216,6.2089,49.083136,16.478580,114.3,3.7,smooth
anonymous,1777118810638,-2.676,-5.155,-7.562,0.2744,49.083136,16.478580,114.3,3.7,smooth
anonymous,1777118810655,0.381,-4.514,-12.087,3.0982,49.083136,16.478580,114.3,3.7,smooth
anonymous,1777118810672,3.267,-3.450,-12.597,3.6539,49.083136,16.478580,114.3,3.7,smooth
anonymous,1777118810689,-0.111,-3.012,-4.558,4.3460,49.083136,16.478580,114.3,3.7,smooth
anonymous,1777118810705,-1.641,-4.819,-7.003,1.1516,49.083136,16.478580,114.3,3.7,smooth
anonymous,1777118810722,-0.666,-4.901,-5.152,2.6681,49.083136,16.478580,114.3,3.7,smooth
anonymous,1777118810738,1.207,-2.785,-7.910,1.3372,49.083136,16.478580,114.3,3.7,smooth
anonymous,1777118810755,2.090,-0.330,-8.472,1.0775,49.083136,16.478580,114.3,3.7,smooth
anonymous,1777118810772,0.456,-1.321,-11.346,1.6221,49.083136,16.478580,114.3,3.7,smooth
anonymous,1777118810789,-1.005,-0.386,-11.777,2.0160,49.083136,16.478580,114.3,3.7,smooth
anonymous,1777118810804,0.133,-3.712,-11.404,2.1838,49.083136,16.478580,114.3,3.7,smooth
anonymous,1777118810822,1.151,-3.690,-9.132,0.1066,49.083136,16.478580,114.3,3.7,smooth
anonymous,1777118810838,2.582,-2.161,-6.729,2.2860,49.083136,16.478580,114.3,3.7,smooth
anonymous,1777118810854,-0.903,-4.628,-6.477,1.7984,49.083136,16.478580,114.3,3.7,smooth
anonymous,1777118810873,-1.701,-5.141,-5.846,1.8418,49.083136,16.478580,114.3,3.7,smooth
anonymous,1777118810888,0.477,-4.376,-11.319,2.3347,49.083136,16.478580,114.3,3.7,smooth
anonymous,1777118810904,2.043,0.278,-14.926,5.2574,49.083136,16.478580,114.3,3.7,smooth
anonymous,1777118810922,-1.656,-2.320,-16.035,6.4761,49.083136,16.478580,114.3,3.7,smooth
anonymous,1777118810939,-0.747,-1.759,-3.677,5.6656,49.083136,16.478580,114.3,3.7,smooth
anonymous,1777118810955,-1.928,-5.370,-4.652,2.4481,49.083136,16.478580,114.3,3.7,smooth
anonymous,1777118810972,-3.615,-6.283,3.091,1.9296,49.083136,16.478580,114.3,3.7,smooth
anonymous,1777118810989,6.247,-2.126,-7.532,0.2037,49.083136,16.478580,114.3,3.7,smooth
anonymous,1777118811004,2.075,-1.642,-18.345,8.7252,49.083136,16.478580,114.3,3.7,smooth
anonymous,1777118811022,-3.147,0.546,-16.482,6.9781,49.083136,16.478580,114.3,3.7,smooth
anonymous,1777118811039,-3.202,-5.581,-8.389,0.7626,49.083136,16.478580,114.3,3.7,smooth
anonymous,1777118811055,-1.935,-5.199,-3.984,2.9799,49.083136,16.478580,114.3,3.7,smooth
anonymous,1777118811072,1.032,-5.469,-3.893,3.0179,49.083156,16.478217,104.2,3.5,smooth
anonymous,1777118811088,3.659,-2.993,-3.060,4.1785,49.083156,16.478217,104.2,3.5,smooth
anonymous,1777118811104,0.157,-4.326,-14.136,4.9740,49.083156,16.478217,104.2,3.5,smooth
anonymous,1777118811122,0.233,-0.950,-8.049,1.7015,49.083156,16.478217,104.2,3.5,smooth
anonymous,1777118811139,-4.022,-4.376,-12.058,3.6332,49.083156,16.478217,104.2,3.5,smooth
anonymous,1777118811155,0.844,-5.148,-10.300,1.7358,49.083156,16.478217,104.2,3.5,smooth
anonymous,1777118811172,4.312,-2.995,-7.588,0.5829,49.083156,16.478217,104.2,3.5,smooth
anonymous,1777118811189,-0.077,-4.578,-10.962,2.0697,49.083156,16.478217,104.2,3.5,smooth
anonymous,1777118811206,0.127,-4.663,-10.691,1.8542,49.083156,16.478217,104.2,3.5,smooth
anonymous,1777118811222,0.858,-2.080,-12.920,3.3040,49.083156,16.478217,104.2,3.5,smooth
anonymous,1777118811238,-1.018,-4.407,-6.712,1.7167,49.083156,16.478217,104.2,3.5,smooth
anonymous,1777118811254,-0.451,-0.330,-3.748,6.0203,49.083156,16.478217,104.2,3.5,smooth
anonymous,1777118811271,2.802,-3.750,-9.735,0.9918,49.083156,16.478217,104.2,3.5,smooth
anonymous,1777118811289,-0.240,-5.893,-11.989,3.5508,49.083156,16.478217,104.2,3.5,smooth
anonymous,1777118811306,1.695,-5.378,-12.665,4.0534,49.083156,16.478217,104.2,3.5,smooth
anonymous,1777118811328,-0.063,-5.945,-12.010,3.5906,49.083156,16.478217,104.2,3.5,smooth
anonymous,1777118811339,-1.532,-2.945,-4.595,4.1411,49.083156,16.478217,104.2,3.5,smooth
anonymous,1777118811355,-1.593,-4.307,-9.136,0.4154,49.083156,16.478217,104.2,3.5,smooth
anonymous,1777118811373,2.185,-2.017,-14.405,4.8985,49.083156,16.478217,104.2,3.5,smooth
anonymous,1777118811388,0.810,-1.546,-8.738,0.8998,49.083156,16.478217,104.2,3.5,smooth
anonymous,1777118811406,-0.633,-2.672,-8.647,0.7374,49.083156,16.478217,104.2,3.5,smooth
anonymous,1777118811422,-1.818,-6.405,-11.098,3.1324,49.083156,16.478217,104.2,3.5,smooth
anonymous,1777118811439,-0.156,-4.584,-5.223,2.8592,49.083156,16.478217,104.2,3.5,smooth
anonymous,1777118811456,2.197,-5.090,-7.235,0.6951,49.083156,16.478217,104.2,3.5,smooth
anonymous,1777118811472,1.894,-2.941,-6.041,2.8297,49.083156,16.478217,104.2,3.5,smooth
anonymous,1777118811489,-0.913,-4.991,-7.998,0.3383,49.083156,16.478217,104.2,3.5,smooth
anonymous,1777118811505,-0.630,-2.952,-12.387,2.9395,49.083156,16.478217,104.2,3.5,smooth
anonymous,1777118811522,0.363,-0.362,-12.366,2.5667,49.083156,16.478217,104.2,3.5,smooth
anonymous,1777118811538,1.720,-1.914,-5.870,3.4013,49.083156,16.478217,104.2,3.5,smooth
anonymous,1777118811556,2.295,-1.295,-10.503,1.0185,49.083156,16.478217,104.2,3.5,smooth
anonymous,1777118811573,-2.053,-5.727,-12.682,4.2558,49.083156,16.478217,104.2,3.5,smooth
anonymous,1777118811589,0.301,-4.085,-10.169,1.1529,49.083156,16.478217,104.2,3.5,smooth
anonymous,1777118811606,2.724,-3.665,-18.119,8.8761,49.083156,16.478217,104.2,3.5,smooth
anonymous,1777118811625,0.245,-1.795,-4.125,5.3047,49.083156,16.478217,104.2,3.5,smooth
anonymous,1777118811639,-0.790,-3.418,-5.140,3.5870,49.083156,16.478217,104.2,3.5,smooth
anonymous,1777118811655,-0.991,-4.851,-5.651,2.2964,49.083156,16.478217,104.2,3.5,smooth
anonymous,1777118811672,2.107,-5.434,-8.987,0.9013,49.083156,16.478217,104.2,3.5,smooth
anonymous,1777118811689,3.023,-2.906,-12.030,2.9294,49.083156,16.478217,104.2,3.5,smooth
anonymous,1777118811707,-0.069,-4.322,-12.289,3.2174,49.083156,16.478217,104.2,3.5,smooth
anonymous,1777118811727,-2.005,-1.598,-19.179,9.5394,49.083156,16.478217,104.2,3.5,smooth
anonymous,1777118811739,-0.168,-0.846,-1.733,7.8738,49.083156,16.478217,104.2,3.5,smooth
anonymous,1777118811755,-0.642,-7.580,-4.502,0.9707,49.083156,16.478217,104.2,3.5,smooth
anonymous,1777118811773,3.429,-6.715,-8.798,1.7769,49.083156,16.478217,104.2,3.5,smooth
anonymous,1777118811791,0.395,-3.661,-10.650,1.4582,49.083156,16.478217,104.2,3.5,smooth
anonymous,1777118811805,2.490,-2.028,-15.036,5.5646,49.083156,16.478217,104.2,3.5,smooth
anonymous,1777118811822,-1.529,0.648,-8.173,1.4699,49.083156,16.478217,104.2,3.5,smooth
anonymous,1777118811839,-1.882,1.066,-6.758,2.7145,49.083156,16.478217,104.2,3.5,smooth
anonymous,1777118811856,-0.674,-4.184,-8.452,0.3551,49.083156,16.478217,104.2,3.5,smooth
anonymous,1777118811872,0.196,-7.243,16.407,8.1258,49.083156,16.478217,104.2,3.5,smooth
anonymous,1777118811889,5.187,-6.018,-18.143,9.9963,49.083156,16.478217,104.2,3.5,smooth
anonymous,1777118811906,0.595,-1.865,-6.932,2.6068,49.083156,16.478217,104.2,3.5,smooth
anonymous,1777118811922,-2.179,-3.313,-11.081,1.9588,49.083156,16.478217,104.2,3.5,smooth
anonymous,1777118811939,-0.664,-1.601,-6.161,3.4097,49.083156,16.478217,104.2,3.5,smooth
anonymous,1777118811955,-2.456,-4.240,-9.070,0.4988,49.083156,16.478217,104.2,3.5,smooth
anonymous,1777118811972,3.210,-4.110,-12.612,3.8378,49.083156,16.478217,104.2,3.5,smooth
anonymous,1777118811989,2.276,-3.617,-6.916,1.6803,49.083156,16.478217,104.2,3.5,smooth
anonymous,1777118812005,-1.150,-3.667,-3.291,4.7499,49.083156,16.478217,104.2,3.5,smooth
anonymous,1777118812022,-0.079,-7.166,-2.788,2.1209,49.083156,16.478217,104.2,3.5,smooth
anonymous,1777118812039,3.398,-3.943,-4.027,3.2294,49.083156,16.478217,104.2,3.5,smooth
anonymous,1777118812056,0.220,-4.907,-9.984,1.3169,49.083172,16.477892,94.6,2.4,smooth
anonymous,1777118812072,0.126,-1.898,-15.900,6.2032,49.083172,16.477892,94.6,2.4,smooth
anonymous,1777118812089,-1.700,-4.899,-9.304,0.8418,49.083172,16.477892,94.6,2.4,smooth
anonymous,1777118812106,-2.833,-5.755,-10.584,2.5658,49.083172,16.477892,94.6,2.4,smooth
anonymous,1777118812125,0.114,-5.296,-4.336,2.9642,49.083172,16.477892,94.6,2.4,smooth
anonymous,1777118812139,1.141,-5.921,-6.257,1.1197,49.083172,16.477892,94.6,2.4,smooth
anonymous,1777118812158,0.262,-4.835,-8.785,0.2210,49.083172,16.477892,94.6,2.4,smooth
anonymous,1777118812172,1.210,-3.830,-11.500,2.3714,49.083172,16.477892,94.6,2.4,smooth
anonymous,1777118812188,-0.387,-3.881,-14.048,4.7696,49.083172,16.477892,94.6,2.4,smooth
anonymous,1777118812206,-1.514,-3.195,-12.092,2.7886,49.083172,16.477892,94.6,2.4,smooth
anonymous,1777118812222,-0.927,-6.216,-7.575,0.0322,49.083172,16.477892,94.6,2.4,smooth
anonymous,1777118812239,0.974,-10.302,1.638,0.6668,49.083172,16.477892,94.6,2.4,smooth
anonymous,1777118812256,2.195,-7.652,-1.689,1.6725,49.083172,16.477892,94.6,2.4,smooth
anonymous,1777118812272,0.493,-7.159,-10.354,2.7871,49.083172,16.477892,94.6,2.4,smooth
anonymous,1777118812288,-0.863,-3.573,-7.659,1.3147,49.083172,16.477892,94.6,2.4,smooth
anonymous,1777118812305,-1.619,-2.800,-13.797,4.3612,49.083172,16.477892,94.6,2.4,smooth
anonymous,1777118812322,-1.402,-2.422,-6.548,2.6888,49.083172,16.477892,94.6,2.4,smooth
anonymous,1777118812339,0.371,-4.086,-12.792,3.6239,49.083172,16.477892,94.6,2.4,smooth
anonymous,1777118812356,-1.363,-8.301,-8.185,1.9273,49.083172,16.477892,94.6,2.4,smooth
anonymous,1777118812373,2.903,-8.433,-12.870,5.8483,49.083172,16.477892,94.6,2.4,smooth
anonymous,1777118812388,3.848,-6.889,-10.105,3.0105,49.083172,16.477892,94.6,2.4,smooth
anonymous,1777118812406,-0.932,-4.673,-8.000,0.4982,49.083172,16.477892,94.6,2.4,smooth
anonymous,1777118812422,-1.829,-7.095,-7.683,0.8067,49.083172,16.477892,94.6,2.4,smooth
anonymous,1777118812439,-3.370,-7.501,-2.826,1.1151,49.083172,16.477892,94.6,2.4,smooth
anonymous,1777118812456,-0.091,-5.622,-8.195,0.1286,49.083172,16.477892,94.6,2.4,smooth
anonymous,1777118812472,2.563,-5.108,-10.129,1.8198,49.083172,16.477892,94.6,2.4,smooth
anonymous,1777118812489,-0.941,-6.846,-12.544,4.5112,49.083172,16.477892,94.6,2.4,smooth
anonymous,1777118812506,-1.117,-7.109,-3.886,1.6319,49.083172,16.477892,94.6,2.4,smooth
anonymous,1777118812522,-1.854,-6.991,-11.495,3.7705,49.083172,16.477892,94.6,2.4,smooth
anonymous,1777118812539,-1.456,-11.794,-8.020,4.5268,49.083172,16.477892,94.6,2.4,smooth
anonymous,1777118812559,4.208,-8.849,-14.565,7.7445,49.083172,16.477892,94.6,2.4,smooth
anonymous,1777118812572,-3.157,-6.096,-7.437,0.3114,49.083172,16.477892,94.6,2.4,smooth
anonymous,1777118812589,-0.772,-7.132,-10.941,3.2731,49.083172,16.477892,94.6,2.4,smooth
anonymous,1777118812605,-0.070,-5.531,-4.388,2.7494,49.083172,16.477892,94.6,2.4,smooth
anonymous,1777118812622,3.557,-1.861,-13.878,4.6366,49.083172,16.477892,94.6,2.4,smooth
anonymous,1777118812639,0.539,-8.702,-7.699,1.8212,49.083172,16.477892,94.6,2.4,smooth
anonymous,1777118812656,-1.256,-9.714,-2.928,0.4131,49.083172,16.477892,94.6,2.4,smooth
anonymous,1777118812672,-3.687,-10.229,-5.782,2.5049,49.083172,16.477892,94.6,2.4,smooth
anonymous,1777118812689,5.058,-4.078,-8.680,1.0326,49.083172,16.477892,94.6,2.4,smooth
anonymous,1777118812706,-3.006,-4.955,-5.819,1.5976,49.083172,16.477892,94.6,2.4,smooth
anonymous,1777118812722,-2.595,-8.890,-6.519,1.5159,49.083172,16.477892,94.6,2.4,smooth
anonymous,1777118812739,-0.406,-6.697,-9.202,1.5778,49.083172,16.477892,94.6,2.4,smooth
anonymous,1777118812756,-0.203,-5.997,-9.574,1.4883,49.083172,16.477892,94.6,2.4,smooth
anonymous,1777118812772,0.559,-7.028,-10.200,2.5891,49.083172,16.477892,94.6,2.4,smooth
anonymous,1777118812789,-1.242,-8.127,-12.361,5.0353,49.083172,16.477892,94.6,2.4,smooth
anonymous,1777118812806,-1.798,-6.668,-9.821,2.1958,49.083172,16.477892,94.6,2.4,smooth
anonymous,1777118812822,-0.621,-7.026,-8.278,1.0656,49.083172,16.477892,94.6,2.4,smooth
anonymous,1777118812839,-2.597,-6.994,-9.171,2.0118,49.083172,16.477892,94.6,2.4,smooth
anonymous,1777118812856,-2.826,-8.573,-6.209,1.1465,49.083172,16.477892,94.6,2.4,smooth
anonymous,1777118812872,-0.906,-8.762,-6.196,0.9594,49.083172,16.477892,94.6,2.4,smooth
anonymous,1777118812889,-1.789,-6.879,-6.539,0.1516,49.083172,16.477892,94.6,2.4,smooth
anonymous,1777118812906,-1.819,-9.679,-15.011,8.1434,49.083172,16.477892,94.6,2.4,smooth
anonymous,1777118812922,-2.302,-10.068,-0.905,0.5577,49.083172,16.477892,94.6,2.4,smooth
anonymous,1777118812939,-4.005,-7.638,-11.768,4.7797,49.083172,16.477892,94.6,2.4,smooth
anonymous,1777118812957,0.084,-7.512,-13.727,5.8386,49.083172,16.477892,94.6,2.4,smooth
anonymous,1777118812974,0.476,-7.347,-6.338,0.0954,49.083172,16.477892,94.6,2.4,smooth
anonymous,1777118812989,-3.004,-14.529,-0.525,5.0354,49.083172,16.477892,94.6,2.4,smooth
anonymous,1777118813006,-1.791,-9.094,-5.498,0.9671,49.083172,16.477892,94.6,2.4,smooth
anonymous,1777118813022,0.253,-8.162,-13.133,5.6547,49.083172,16.477892,94.6,2.4,smooth
anonymous,1777118813040,-1.503,-8.395,-11.699,4.6680,49.083172,16.477892,94.6,2.4,smooth
anonymous,1777118813055,1.232,-8.257,-9.631,2.9351,49.083165,16.477599,85.7,2.9,smooth
anonymous,1777118813072,-3.944,-10.468,-10.400,5.4641,49.083165,16.477599,85.7,2.9,smooth
anonymous,1777118813089,-1.558,-9.406,-12.620,6.0063,49.083165,16.477599,85.7,2.9,smooth
anonymous,1777118813105,1.165,-7.456,-10.870,3.4230,49.083165,16.477599,85.7,2.9,smooth
anonymous,1777118813121,-2.371,-10.218,-11.216,5.5467,49.083165,16.477599,85.7,2.9,smooth
anonymous,1777118813139,1.277,-8.982,-8.771,2.8085,49.083165,16.477599,85.7,2.9,smooth
anonymous,1777118813156,-3.962,-9.112,0.780,0.1564,49.083165,16.477599,85.7,2.9,smooth
anonymous,1777118813172,-0.691,-6.849,-15.389,7.0488,49.083165,16.477599,85.7,2.9,smooth
anonymous,1777118813189,0.725,-6.077,-3.551,2.7348,49.083165,16.477599,85.7,2.9,smooth
anonymous,1777118813206,-3.200,-10.049,-9.713,4.5273,49.083165,16.477599,85.7,2.9,smooth
anonymous,1777118813222,-0.071,-6.128,-6.314,1.0109,49.083165,16.477599,85.7,2.9,smooth
anonymous,1777118813239,0.546,-3.847,-6.900,1.8909,49.083165,16.477599,85.7,2.9,smooth
anonymous,1777120469679,-0.590,-5.376,-8.315,0.1095,49.083165,16.477599,85.7,2.9,smooth
anonymous,1777120469695,0.649,-5.602,-8.392,0.3004,49.083165,16.477599,85.7,2.9,smooth
anonymous,1777120469714,-0.604,-6.048,-7.610,0.0701,49.083165,16.477599,85.7,2.9,smooth
anonymous,1777120469729,-1.215,-5.640,-7.334,0.4789,49.083165,16.477599,85.7,2.9,smooth
anonymous,1777120469746,-0.093,-5.496,-8.701,0.4819,49.286608,16.227403,0.3,3.8,smooth
anonymous,1777120469762,-0.441,-5.075,-8.871,0.4191,49.286608,16.227403,0.3,3.8,smooth
anonymous,1777120469779,-0.662,-5.363,-8.490,0.2540,49.286608,16.227403,0.3,3.8,smooth
anonymous,1777120469795,0.415,-5.524,-8.475,0.3145,49.286608,16.227403,0.3,3.8,smooth
anonymous,1777120469811,0.790,-5.877,-8.244,0.3454,49.286608,16.227403,0.3,3.8,smooth
anonymous,1777120469829,-1.134,-5.864,-7.363,0.3289,49.286608,16.227403,0.3,3.8,smooth
anonymous,1777120469845,0.019,-5.507,-8.324,0.1708,49.286608,16.227403,0.3,3.8,smooth
anonymous,1777120469862,-0.079,-5.481,-8.508,0.3108,49.286608,16.227403,0.3,3.8,smooth
anonymous,1777120469879,-0.647,-5.286,-8.707,0.3965,49.286608,16.227403,0.3,3.8,smooth
anonymous,1777120469895,-0.048,-5.327,-8.008,0.1917,49.286608,16.227403,0.3,3.8,smooth
anonymous,1777120469912,1.307,-5.921,-7.487,0.1754,49.286608,16.227403,0.3,3.8,smooth
anonymous,1777120469929,-0.680,-6.069,-7.779,0.0800,49.286608,16.227403,0.3,3.8,smooth
anonymous,1777120469945,-0.586,-5.388,-7.938,0.1984,49.286608,16.227403,0.3,3.8,smooth
anonymous,1777120469962,-0.271,-5.380,-8.259,0.0504,49.286608,16.227403,0.3,3.8,smooth
anonymous,1777120469979,-0.534,-5.010,-9.027,0.5276,49.286608,16.227403,0.3,3.8,smooth
anonymous,1777120469995,0.111,-5.152,-8.202,0.1238,49.286608,16.227403,0.3,3.8,smooth
anonymous,1777120470012,1.002,-5.817,-8.194,0.2886,49.286608,16.227403,0.3,3.8,smooth
anonymous,1777120470029,-0.051,-5.814,-7.074,0.6533,49.286608,16.227403,0.3,3.8,smooth
anonymous,1777120470045,-0.881,-5.932,-7.645,0.0939,49.286608,16.227403,0.2,3.7,smooth
anonymous,1777120470061,-0.302,-5.441,-8.307,0.1246,49.286608,16.227403,0.2,3.7,smooth
anonymous,1777120470079,-0.003,-5.006,-8.747,0.2679,49.286608,16.227403,0.2,3.7,smooth
anonymous,1777120470095,-0.334,-5.304,-8.253,0.0062,49.286608,16.227403,0.2,3.7,smooth
anonymous,1777120470111,0.878,-5.580,-8.555,0.4415,49.286608,16.227403,0.2,3.7,smooth
anonymous,1777120470129,1.028,-5.965,-7.416,0.2378,49.286608,16.227403,0.2,3.7,smooth
anonymous,1777120470145,-1.190,-5.719,-7.248,0.5012,49.286608,16.227403,0.2,3.7,smooth
anonymous,1777120470162,-0.028,-5.541,-8.731,0.5305,49.286608,16.227403,0.2,3.7,smooth
anonymous,1777120470179,0.110,-5.355,-8.466,0.2077,49.286608,16.227403,0.2,3.7,smooth
anonymous,1777120470195,-0.556,-5.287,-8.360,0.0975,49.286608,16.227403,0.2,3.7,smooth
anonymous,1777120470212,0.810,-5.539,-8.572,0.4279,49.286608,16.227403,0.2,3.7,smooth
anonymous,1777120470229,1.180,-5.984,-7.969,0.2248,49.286608,16.227403,0.2,3.7,smooth
anonymous,1777120470245,-1.044,-5.722,-7.236,0.5258,49.286608,16.227403,0.2,3.7,smooth
anonymous,1777120470262,-0.629,-5.562,-7.824,0.1897,49.286608,16.227403,0.2,3.7,smooth
anonymous,1777120470279,-0.102,-5.417,-8.509,0.2774,49.286608,16.227403,0.2,3.7,smooth
anonymous,1777120470295,-0.545,-5.322,-8.596,0.3143,49.286608,16.227403,0.2,3.7,smooth
anonymous,1777120470312,-0.074,-5.229,-8.220,0.0676,49.286608,16.227403,0.2,3.7,smooth
anonymous,1777120470329,1.131,-5.733,-8.341,0.3741,49.286608,16.227403,0.2,3.7,smooth
anonymous,1777120470345,-1.307,-6.022,-7.663,0.0234,49.286608,16.227403,0.2,3.7,smooth
anonymous,1777120470364,-1.110,-5.968,-7.426,0.2187,49.286608,16.227403,0.2,3.7,smooth
anonymous,1777120470379,-0.238,-5.548,-8.264,0.1463,49.286608,16.227403,0.2,3.7,smooth
anonymous,1777120470395,-0.208,-5.086,-8.954,0.4896,49.286608,16.227403,0.2,3.7,smooth
anonymous,1777120470412,-0.309,-5.309,-8.383,0.1177,49.286608,16.227403,0.2,3.7,smooth
anonymous,1777120470435,0.460,-5.846,-7.445,0.3329,49.286608,16.227403,0.2,3.7,smooth
anonymous,1777120470445,-0.865,-6.194,-7.331,0.1735,49.286608,16.227403,0.2,3.7,smooth
anonymous,1777120470462,-1.038,-6.034,-7.743,0.0610,49.286608,16.227403,0.2,3.7,smooth
anonymous,1777120470479,-0.030,-5.350,-8.551,0.2771,49.286608,16.227403,0.2,3.7,smooth
anonymous,1777120470495,-0.600,-5.138,-8.806,0.4024,49.286608,16.227403,0.2,3.7,smooth
anonymous,1777120470512,-0.692,-5.455,-8.246,0.1017,49.286608,16.227403,0.2,3.7,smooth
anonymous,1777120470529,0.761,-5.656,-8.607,0.5176,49.286608,16.227403,0.2,3.7,smooth
anonymous,1777120470545,-0.239,-5.766,-7.386,0.4372,49.286608,16.227403,0.2,3.7,smooth
anonymous,1777120470562,-1.346,-5.737,-7.475,0.2919,49.286608,16.227403,0.2,3.7,smooth
anonymous,1777120470579,-0.265,-5.467,-8.477,0.2805,49.286608,16.227403,0.2,3.7,smooth
anonymous,1777120470595,-0.329,-5.032,-9.099,0.5929,49.286608,16.227403,0.2,3.7,smooth
anonymous,1777120470612,-0.034,-5.038,-8.782,0.3141,49.286608,16.227403,0.2,3.7,smooth
anonymous,1777120470629,0.437,-5.412,-8.544,0.3135,49.286608,16.227403,0.2,3.7,smooth
anonymous,1777120470645,0.019,-5.876,-7.022,0.6540,49.286608,16.227403,0.2,3.7,smooth
anonymous,1777120470662,-0.999,-6.064,-7.166,0.3694,49.286608,16.227403,0.2,3.7,smooth
anonymous,1777120470679,-0.225,-5.493,-8.345,0.1827,49.286608,16.227403,0.2,3.7,smooth
anonymous,1777120470696,0.528,-4.806,-8.848,0.2725,49.286608,16.227403,0.2,3.7,smooth
anonymous,1777120470712,-0.226,-5.192,-8.828,0.4338,49.286608,16.227403,0.2,3.7,smooth
anonymous,1777120470729,-0.404,-5.278,-7.942,0.2652,49.286608,16.227403,0.2,3.7,smooth
anonymous,1777120470745,1.127,-6.022,-7.657,0.0041,49.286608,16.227403,0.2,3.7,smooth
anonymous,1777120470762,-0.571,-5.918,-7.767,0.0288,49.286608,16.227403,0.2,3.7,smooth
anonymous,1777120470779,-0.493,-5.285,-8.522,0.2294,49.286608,16.227403,0.2,3.7,smooth
anonymous,1777120470795,-0.287,-5.484,-8.189,0.0498,49.286608,16.227403,0.2,3.7,smooth
anonymous,1777120470812,-0.289,-5.599,-8.216,0.1365,49.286608,16.227403,0.2,3.7,smooth
anonymous,1777120470828,0.274,-5.624,-7.553,0.3897,49.286608,16.227403,0.2,3.7,smooth
anonymous,1777120470845,0.933,-5.514,-8.233,0.1430,49.286608,16.227403,0.2,3.7,smooth
anonymous,1777120470861,-0.308,-5.611,-8.093,0.0428,49.286608,16.227403,0.2,3.7,smooth
anonymous,1777120470879,-1.369,-5.434,-7.960,0.0755,49.286608,16.227403,0.2,3.7,smooth
anonymous,1777120470895,-0.415,-5.441,-8.589,0.3656,49.286608,16.227403,0.2,3.7,smooth
anonymous,1777120470912,0.618,-5.369,-8.027,0.1336,49.286608,16.227403,0.2,3.7,smooth
anonymous,1777120470928,-0.521,-5.578,-7.745,0.2507,49.286608,16.227403,0.2,3.7,smooth
anonymous,1777120470945,0.078,-5.467,-8.036,0.0904,49.286608,16.227403,0.2,3.7,smooth
anonymous,1777120470962,0.657,-5.590,-8.179,0.1182,49.286608,16.227403,0.2,3.7,smooth
anonymous,1777120470978,-1.818,-5.842,-8.012,0.2707,49.286608,16.227403,0.2,3.7,smooth
anonymous,1777120470995,-0.196,-5.234,-8.457,0.1378,49.286608,16.227403,0.2,3.7,smooth
anonymous,1777120471012,0.490,-5.754,-8.113,0.1485,49.286608,16.227403,0.2,3.7,smooth
anonymous,1777120471031,0.181,-5.763,-7.489,0.3589,49.286608,16.227403,0.2,3.7,smooth
anonymous,1777120471045,-0.200,-5.315,-8.329,0.0722,49.286608,16.227403,0.2,3.7,smooth
anonymous,1777120471062,0.249,-5.380,-8.506,0.2578,49.286608,16.227403,0.1,3.7,smooth
anonymous,1777120471079,-0.913,-5.720,-7.913,0.0039,49.286608,16.227403,0.1,3.7,smooth
anonymous,1777120471094,-0.819,-5.661,-7.759,0.1705,49.286608,16.227403,0.1,3.7,smooth
anonymous,1777120471112,0.725,-5.463,-8.406,0.2409,49.286608,16.227403,0.1,3.7,smooth
anonymous,1777120471129,-0.438,-5.559,-8.119,0.0394,49.286608,16.227403,0.1,3.7,smooth
anonymous,1777120471146,-0.830,-5.469,-8.000,0.0838,49.286608,16.227403,0.1,3.7,smooth
anonymous,1777120471162,2.006,-5.772,-8.391,0.5706,49.286608,16.227403,0.1,3.7,smooth
anonymous,1777120471179,-2.424,-5.741,-7.662,0.0662,49.286608,16.227403,0.1,3.7,smooth
anonymous,1777120471196,-1.817,-5.686,-8.318,0.4279,49.286608,16.227403,0.1,3.7,smooth
anonymous,1777120471213,0.713,-5.444,-8.944,0.6850,49.286608,16.227403,0.1,3.7,smooth
anonymous,1777120471229,-0.548,-5.882,-7.432,0.3164,49.286608,16.227403,0.1,3.7,smooth
anonymous,1777120471246,-1.351,-6.121,-7.369,0.1357,49.286608,16.227403,0.1,3.7,smooth
anonymous,1777120471262,0.976,-5.293,-9.134,0.7912,49.286608,16.227403,0.1,3.7,smooth
anonymous,1777120471279,-0.740,-5.586,-7.961,0.0565,49.286608,16.227403,0.1,3.7,smooth
anonymous,1777120471296,-1.610,-5.719,-7.775,0.0249,49.286608,16.227403,0.1,3.7,smooth
anonymous,1777120471312,-0.156,-5.631,-8.030,0.0011,49.286608,16.227403,0.1,3.7,smooth
anonymous,1777120471329,-0.506,-5.177,-8.454,0.1162,49.286608,16.227403,0.1,3.7,smooth
anonymous,1777120471345,-0.752,-5.510,-8.204,0.1010,49.286608,16.227403,0.1,3.7,smooth
anonymous,1777120471362,0.645,-5.519,-8.594,0.4238,49.286608,16.227403,0.1,3.7,smooth
anonymous,1777120471379,1.566,-5.677,-8.417,0.4628,49.286608,16.227403,0.1,3.7,smooth
anonymous,1777120471395,-1.602,-5.801,-7.781,0.0273,49.286608,16.227403,0.1,3.7,smooth
anonymous,1777120471412,-0.453,-5.441,-8.296,0.1214,49.286608,16.227403,0.1,3.7,smooth
anonymous,1777120471429,-0.561,-5.584,-7.902,0.1184,49.286608,16.227403,0.1,3.7,smooth
anonymous,1777120471445,-0.176,-5.124,-9.012,0.5580,49.286608,16.227403,0.1,3.7,smooth
anonymous,1777120471462,0.562,-5.193,-8.595,0.2473,49.286608,16.227403,0.1,3.7,smooth
anonymous,1777120471479,0.956,-5.524,-8.395,0.2846,49.286608,16.227403,0.1,3.7,smooth
anonymous,1777120471496,-1.202,-6.196,-7.247,0.2000,49.286608,16.227403,0.1,3.7,smooth
anonymous,1777120471512,-0.318,-5.511,-8.081,0.0237,49.286608,16.227403,0.1,3.7,smooth
anonymous,1777120471529,-0.249,-5.375,-8.479,0.2326,49.286608,16.227403,0.1,3.7,smooth
anonymous,1777120471545,-0.112,-5.157,-8.897,0.4744,49.286608,16.227403,0.1,3.7,smooth
anonymous,1777120471562,-0.222,-5.238,-8.019,0.2293,49.286608,16.227403,0.1,3.7,smooth
anonymous,1777120471578,0.596,-5.614,-8.372,0.2875,49.286608,16.227403,0.1,3.7,smooth
anonymous,1777120471597,-0.846,-6.002,-7.624,0.0701,49.286608,16.227403,0.1,3.7,smooth
anonymous,1777120471612,-0.642,-5.480,-7.927,0.1519,49.286608,16.227403,0.1,3.7,smooth
anonymous,1777120471629,-0.073,-5.449,-8.618,0.3866,49.286608,16.227403,0.1,3.7,smooth
anonymous,1777120471646,-0.318,-4.985,-8.965,0.4531,49.286608,16.227403,0.1,3.7,smooth
anonymous,1777120471662,-0.129,-5.174,-8.051,0.2387,49.286608,16.227403,0.1,3.7,smooth
anonymous,1777120471679,0.661,-5.515,-8.544,0.3809,49.286608,16.227403,0.1,3.7,smooth
anonymous,1777120471695,-0.172,-5.923,-7.187,0.4950,49.286608,16.227403,0.1,3.7,smooth
anonymous,1777120471711,-0.728,-5.650,-7.832,0.1253,49.286608,16.227403,0.1,3.7,smooth
anonymous,1777120471729,0.062,-5.538,-8.538,0.3672,49.286608,16.227403,0.1,3.7,smooth
anonymous,1777120471745,-0.243,-4.920,-8.522,0.0334,49.286608,16.227403,0.1,3.7,smooth
anonymous,1777120471762,-0.266,-5.321,-8.173,0.0544,49.286608,16.227403,0.1,3.7,smooth
anonymous,1777120471779,0.335,-5.398,-8.291,0.0887,49.286608,16.227403,0.1,3.7,smooth
anonymous,1777120471796,0.902,-5.837,-7.239,0.4677,49.286608,16.227403,0.1,3.7,smooth
anonymous,1777120471812,-1.231,-5.939,-7.434,0.2162,49.286608,16.227403,0.1,3.7,smooth
anonymous,1777120471828,-0.380,-5.348,-8.216,0.0011,49.286608,16.227403,0.1,3.7,smooth
anonymous,1777120471846,-0.290,-5.225,-8.613,0.2676,49.286608,16.227403,0.1,3.7,smooth
anonymous,1777120471862,-0.134,-5.271,-8.362,0.0755,49.286608,16.227403,0.1,3.7,smooth
anonymous,1777120471879,0.312,-5.038,-8.358,0.0459,49.286608,16.227403,0.1,3.7,smooth
anonymous,1777120471896,0.679,-6.060,-7.494,0.1479,49.286608,16.227403,0.1,3.7,smooth
anonymous,1777120471912,-1.269,-5.894,-7.323,0.3248,49.286608,16.227403,0.1,3.7,smooth
anonymous,1777120471928,-0.616,-5.426,-7.776,0.3084,49.286608,16.227403,0.1,3.7,smooth
anonymous,1777120471946,0.322,-5.349,-8.938,0.6111,49.286608,16.227403,0.1,3.7,smooth
anonymous,1777120471962,-0.605,-5.300,-8.327,0.0791,49.286608,16.227403,0.1,3.7,smooth
anonymous,1777120471979,-0.153,-5.496,-7.676,0.3683,49.286608,16.227403,0.1,3.7,smooth
anonymous,1777120471995,0.804,-5.839,-7.459,0.3036,49.286608,16.227403,0.1,3.7,smooth
anonymous,1777120472012,-0.412,-5.654,-8.240,0.1915,49.286608,16.227403,0.1,3.7,smooth
anonymous,1777120472028,-1.308,-5.701,-7.992,0.0940,49.286608,16.227403,0.1,3.7,smooth
anonymous,1777120472045,0.566,-5.429,-8.682,0.4452,49.286608,16.227403,0.3,3.7,smooth
anonymous,1777120472062,0.416,-5.174,-8.545,0.1883,49.286608,16.227403,0.3,3.7,smooth
anonymous,1777120472079,-0.898,-5.622,-7.865,0.1003,49.286608,16.227403,0.3,3.7,smooth
anonymous,1777120472095,1.491,-5.732,-8.354,0.4304,49.286608,16.227403,0.3,3.7,smooth
anonymous,1777120472112,0.804,-5.900,-7.580,0.1707,49.286608,16.227403,0.3,3.7,smooth
anonymous,1777120472186,-1.411,-5.571,-7.692,0.2081,49.286608,16.227403,0.3,3.7,smooth
anonymous,1777120472186,0.041,-5.473,-8.779,0.5357,49.286608,16.227403,0.3,3.7,smooth
anonymous,1777120472186,0.047,-5.301,-8.440,0.1565,49.286608,16.227403,0.3,3.7,smooth
anonymous,1777120472186,-0.634,-5.415,-8.247,0.0759,49.286608,16.227403,0.3,3.7,smooth
anonymous,1777120472195,0.753,-5.565,-8.383,0.2798,49.286608,16.227403,0.3,3.7,smooth
anonymous,1777120472212,1.082,-6.036,-7.834,0.1385,49.286608,16.227403,0.3,3.7,smooth
anonymous,1777120472229,-1.172,-5.653,-7.345,0.4673,49.286608,16.227403,0.3,3.7,smooth
anonymous,1777120472245,0.006,-5.412,-8.629,0.3753,49.286608,16.227403,0.3,3.7,smooth
anonymous,1777120472262,-0.046,-5.471,-8.588,0.3725,49.286608,16.227403,0.3,3.7,smooth
anonymous,1777120472279,-0.754,-5.354,-8.593,0.3425,49.286608,16.227403,0.3,3.7,smooth
anonymous,1777120472295,0.319,-5.421,-8.293,0.1032,49.286608,16.227403,0.3,3.7,smooth
anonymous,1777120472312,1.172,-5.724,-8.385,0.4099,49.286608,16.227403,0.3,3.7,smooth
anonymous,1777120472329,-1.138,-6.004,-7.669,0.0039,49.286608,16.227403,0.3,3.7,smooth
anonymous,1777120472346,-0.181,-5.346,-8.296,0.0607,49.286608,16.227403,0.3,3.7,smooth
anonymous,1777120472362,-0.187,-5.487,-8.434,0.2535,49.286608,16.227403,0.3,3.7,smooth
anonymous,1777120472378,-0.641,-5.148,-8.962,0.5449,49.286608,16.227403,0.3,3.7,smooth
anonymous,1777120472395,0.141,-5.170,-8.263,0.0619,49.286608,16.227403,0.3,3.7,smooth
anonymous,1777120472412,1.079,-5.418,-8.724,0.5158,49.286608,16.227403,0.3,3.7,smooth
anonymous,1777120472429,-0.902,-6.162,-7.453,0.0972,49.286608,16.227403,0.3,3.7,smooth
anonymous,1777120472445,-0.345,-5.423,-7.825,0.2834,49.286608,16.227403,0.3,3.7,smooth
anonymous,1777120472462,-0.089,-5.456,-8.467,0.2627,49.286608,16.227403,0.3,3.7,smooth
anonymous,1777120472479,-0.598,-5.057,-8.795,0.3524,49.286608,16.227403,0.3,3.7,smooth
anonymous,1777120472495,0.055,-5.131,-8.164,0.1671,49.286608,16.227403,0.3,3.7,smooth
anonymous,1777120472512,0.767,-5.483,-8.696,0.4990,49.286608,16.227403,0.3,3.7,smooth
anonymous,1777120472529,-0.264,-5.820,-7.165,0.5754,49.286608,16.227403,0.3,3.7,smooth
anonymous,1777120472546,-0.764,-5.843,-7.746,0.0772,49.286608,16.227403,0.3,3.7,smooth
anonymous,1777120472564,-0.165,-5.441,-8.483,0.2697,49.286608,16.227403,0.3,3.7,smooth
anonymous,1777120472579,-0.360,-5.029,-8.742,0.2821,49.286608,16.227403,0.3,3.7,smooth
anonymous,1777120472595,-0.471,-5.270,-8.845,0.4965,49.286608,16.227403,0.3,3.7,smooth
anonymous,1777120472612,0.271,-5.259,-8.285,0.0074,49.286608,16.227403,0.3,3.7,smooth
anonymous,1777120472629,0.758,-5.898,-7.164,0.4997,49.286608,16.227403,0.3,3.7,smooth
anonymous,1777120472646,-1.307,-6.197,-7.784,0.2248,49.286608,16.227403,0.3,3.7,smooth
anonymous,1777120472697,-0.431,-5.369,-7.951,0.2065,49.286608,16.227403,0.3,3.7,smooth
anonymous,1777128756437,-4.291,-3.283,-8.278,0.0749,49.130827,16.809414,0.0,12.5,smooth
anonymous,1777128756453,-4.323,-3.288,-8.273,0.0864,49.130891,16.809540,0.0,4.6,smooth
anonymous,1777128756469,-4.310,-3.278,-8.282,0.0845,49.130891,16.809540,0.0,4.6,smooth
anonymous,1777128756486,-4.281,-3.330,-8.219,0.0375,49.130891,16.809540,0.0,4.6,smooth
anonymous,1777128756502,-4.293,-3.345,-8.190,0.0228,49.130891,16.809540,0.0,4.6,smooth
anonymous,1777128756519,-4.335,-3.302,-8.251,0.0782,49.130891,16.809540,0.0,4.6,smooth
anonymous,1777128756545,-4.299,-3.308,-8.244,0.0586,49.130891,16.809540,0.0,4.6,smooth
anonymous,1777128756552,-4.299,-3.308,-8.244,0.0586,49.130891,16.809540,0.0,4.6,smooth
anonymous,1777128756569,-4.298,-3.303,-8.257,0.0669,49.130891,16.809540,0.0,4.6,smooth
anonymous,1777128756586,-4.329,-3.301,-8.252,0.0760,49.130891,16.809540,0.0,4.6,smooth
anonymous,1777128756602,-4.303,-3.314,-8.235,0.0549,49.130891,16.809540,0.0,4.6,smooth
anonymous,1777128756619,-4.309,-3.321,-8.239,0.0628,49.130891,16.809540,0.0,4.6,smooth
anonymous,1777128756635,-4.246,-3.331,-8.225,0.0279,49.130891,16.809540,0.0,4.6,smooth
anonymous,1777128756652,-4.279,-3.325,-8.255,0.0643,49.130891,16.809540,0.0,4.6,smooth
anonymous,1777128756670,-4.298,-3.317,-8.249,0.0653,49.130891,16.809540,0.0,4.6,smooth
anonymous,1777128756686,-4.282,-3.325,-8.225,0.0406,49.130891,16.809540,0.0,4.6,smooth
anonymous,1777128756703,-4.282,-3.297,-8.257,0.0587,49.130891,16.809540,0.0,4.6,smooth
anonymous,1777128756720,-4.294,-3.348,-8.251,0.0755,49.130891,16.809540,0.0,4.6,smooth
anonymous,1777128756736,-4.294,-3.352,-8.226,0.0562,49.130891,16.809540,0.0,4.6,smooth
anonymous,1777128756753,-4.298,-3.324,-8.233,0.0542,49.130891,16.809540,0.0,4.6,smooth
anonymous,1777128756769,-4.277,-3.320,-8.238,0.0484,49.130891,16.809540,0.0,4.6,smooth
anonymous,1777128756786,-4.331,-3.314,-8.247,0.0771,49.130891,16.809540,0.0,4.6,smooth
anonymous,1777128756812,-4.308,-3.317,-8.257,0.0761,49.130891,16.809540,0.0,4.6,smooth
anonymous,1777128756821,-4.265,-3.334,-8.222,0.0342,49.130891,16.809540,0.0,4.6,smooth
anonymous,1777128756836,-4.361,-3.316,-8.244,0.0881,49.130891,16.809540,0.0,4.6,smooth
anonymous,1777128756853,-4.313,-3.332,-8.249,0.0772,49.130891,16.809540,0.0,4.6,smooth
anonymous,1777128756870,-4.247,-3.319,-8.240,0.0364,49.130891,16.809540,0.0,4.6,smooth
anonymous,1777128756887,-4.340,-3.314,-8.247,0.0808,49.130891,16.809540,0.0,4.6,smooth
anonymous,1777128756903,-4.316,-3.352,-8.219,0.0604,49.130891,16.809540,0.0,4.6,smooth
anonymous,1777128756920,-4.280,-3.335,-8.239,0.0551,49.130891,16.809540,0.0,4.6,smooth
anonymous,1777128756937,-4.302,-3.327,-8.252,0.0732,49.130891,16.809540,0.0,4.6,smooth
anonymous,1777128756953,-4.262,-3.324,-8.231,0.0366,49.130891,16.809540,0.0,4.6,smooth
anonymous,1777128756970,-4.307,-3.345,-8.220,0.0541,49.130891,16.809540,0.0,4.6,smooth
anonymous,1777128756986,-4.275,-3.325,-8.236,0.0469,49.130891,16.809540,0.0,4.6,smooth
anonymous,1777128757003,-4.274,-3.324,-8.247,0.0553,49.130891,16.809540,0.0,4.6,smooth
anonymous,1777128757020,-4.290,-3.323,-8.231,0.0492,49.130891,16.809540,0.0,4.6,smooth
anonymous,1777128757037,-4.303,-3.321,-8.233,0.0552,49.130891,16.809540,0.0,4.6,smooth
anonymous,1777128757053,-4.333,-3.301,-8.278,0.0991,49.130891,16.809540,0.0,4.6,smooth
anonymous,1777128757070,-4.274,-3.305,-8.259,0.0593,49.130891,16.809540,0.0,4.6,smooth
anonymous,1777128757087,-4.311,-3.311,-8.239,0.0602,49.130891,16.809540,0.0,4.6,smooth
anonymous,1777128757103,-4.309,-3.325,-8.235,0.0613,49.130891,16.809540,0.0,4.6,smooth
anonymous,1777128757120,-4.284,-3.317,-8.233,0.0452,49.130891,16.809540,0.0,4.6,smooth
anonymous,1777128757137,-4.298,-3.308,-8.241,0.0558,49.130891,16.809540,0.0,4.6,smooth
anonymous,1777128757153,-4.297,-3.335,-8.210,0.0384,49.130891,16.809540,0.0,4.6,smooth
anonymous,1777128757170,-4.303,-3.309,-8.241,0.0586,49.130891,16.809540,0.0,4.6,smooth
anonymous,1777128757187,-4.269,-3.304,-8.250,0.0493,49.130891,16.809540,0.0,4.6,smooth
anonymous,1777128757203,-4.261,-3.327,-8.218,0.0269,49.130891,16.809540,0.0,4.6,smooth
anonymous,1777128757220,-4.314,-3.332,-8.238,0.0682,49.130891,16.809540,0.0,4.6,smooth
anonymous,1777128757237,-4.287,-3.327,-8.246,0.0614,49.130891,16.809540,0.0,4.6,smooth
anonymous,1777128757253,-4.301,-3.295,-8.264,0.0719,49.130891,16.809540,0.0,4.6,smooth
anonymous,1777128757270,-4.332,-3.327,-8.237,0.0734,49.130891,16.809540,0.0,4.6,smooth
anonymous,1777128757286,-4.274,-3.345,-8.210,0.0320,49.130891,16.809540,0.0,4.6,smooth
anonymous,1777128757303,-4.288,-3.310,-8.241,0.0516,49.130891,16.809540,0.0,4.6,smooth
anonymous,1777128757320,-4.296,-3.316,-8.245,0.0609,49.130891,16.809540,0.0,4.6,smooth
anonymous,1777128757336,-4.283,-3.330,-8.220,0.0392,49.130891,16.809540,0.0,4.6,smooth
anonymous,1777128757353,-4.324,-3.303,-8.245,0.0690,49.130891,16.809540,0.0,4.6,smooth
anonymous,1777128757370,-4.262,-3.312,-8.223,0.0262,49.130891,16.809540,0.0,4.6,smooth
anonymous,1777128757387,-4.326,-3.310,-8.258,0.0823,49.130891,16.809540,0.0,4.6,smooth
anonymous,1777128757402,-4.267,-3.325,-8.219,0.0298,49.130891,16.809540,0.0,4.6,smooth
anonymous,1777128757420,-4.325,-3.326,-8.247,0.0789,49.130891,16.809540,0.0,4.6,smooth
anonymous,1777128757436,-4.305,-3.288,-8.273,0.0792,49.130891,16.809540,0.0,4.6,smooth
anonymous,1777128757453,-4.289,-3.319,-8.241,0.0555,49.130891,16.809540,0.0,4.6,smooth
anonymous,1777128757470,-4.276,-3.361,-8.183,0.0154,49.130891,16.809540,0.0,4.6,smooth
anonymous,1777128757486,-4.323,-3.343,-8.222,0.0623,49.130891,16.809540,0.0,4.6,smooth
anonymous,1777128757503,-4.249,-3.301,-8.271,0.0576,49.130891,16.809540,0.0,4.6,smooth
anonymous,1777128757520,-4.291,-3.324,-8.234,0.0524,49.130891,16.809540,0.0,4.6,smooth
anonymous,1777128757536,-4.298,-3.329,-8.233,0.0559,49.130891,16.809540,0.0,4.6,smooth
anonymous,1777128757553,-4.302,-3.312,-8.249,0.0656,49.130891,16.809540,0.0,4.6,smooth
anonymous,1777128757570,-4.268,-3.301,-8.242,0.0414,49.130891,16.809540,0.0,4.6,smooth
anonymous,1777128757587,-4.358,-3.369,-8.190,0.0598,49.130891,16.809540,0.0,4.6,smooth
anonymous,1777128757603,-4.305,-3.322,-8.247,0.0679,49.130877,16.809562,0.0,14.0,smooth
anonymous,1777128757620,-4.237,-3.307,-8.236,0.0243,49.130877,16.809562,0.0,14.0,smooth
anonymous,1777128757636,-4.311,-3.339,-8.222,0.0565,49.130877,16.809562,0.0,14.0,smooth
anonymous,1777128757656,-4.327,-3.326,-8.248,0.0798,49.130877,16.809562,0.0,14.0,smooth
anonymous,1777128757669,-4.261,-3.320,-8.233,0.0370,49.130877,16.809562,0.0,14.0,smooth
anonymous,1777128757686,-4.307,-3.325,-8.262,0.0827,49.130877,16.809562,0.0,14.0,smooth
anonymous,1777128757703,-4.315,-3.310,-8.260,0.0791,49.130877,16.809562,0.0,14.0,smooth
anonymous,1777128757720,-4.254,-3.307,-8.272,0.0618,49.130877,16.809562,0.0,14.0,smooth
anonymous,1777128757736,-4.314,-3.366,-8.149,0.0053,49.130877,16.809562,0.0,14.0,smooth
anonymous,1777128757753,-4.235,-3.282,-8.259,0.0349,49.130877,16.809562,0.0,14.0,smooth
anonymous,1777128757775,-4.330,-3.305,-8.277,0.0987,49.130877,16.809562,0.0,14.0,smooth
anonymous,1777128757795,-4.324,-3.334,-8.217,0.0555,49.130877,16.809562,0.0,14.0,smooth
anonymous,1777128757803,-4.278,-3.316,-8.240,0.0493,49.130877,16.809562,0.0,14.0,smooth
anonymous,1777128757820,-4.272,-3.325,-8.214,0.0276,49.130877,16.809562,0.0,14.0,smooth
anonymous,1777128757836,-4.318,-3.311,-8.250,0.0732,49.130877,16.809562,0.0,14.0,smooth
anonymous,1777128757853,-4.290,-3.327,-8.234,0.0524,49.130877,16.809562,0.0,14.0,smooth
anonymous,1777128757878,-4.275,-3.310,-8.235,0.0416,49.130877,16.809562,0.0,14.0,smooth
anonymous,1777128757886,-4.323,-3.327,-8.241,0.0725,49.130877,16.809562,0.0,14.0,smooth
anonymous,1777128757908,-4.286,-3.306,-8.255,0.0612,49.130877,16.809562,0.0,14.0,smooth
anonymous,1777128757932,-4.302,-3.306,-8.266,0.0777,49.130877,16.809562,0.0,14.0,smooth
anonymous,1777128757936,-4.296,-3.315,-8.263,0.0751,49.130877,16.809562,0.0,14.0,smooth
anonymous,1777128757953,-4.298,-3.337,-8.207,0.0367,49.130877,16.809562,0.0,14.0,smooth
anonymous,1777128757970,-4.314,-3.321,-8.223,0.0516,49.130877,16.809562,0.0,14.0,smooth
anonymous,1777128757986,-4.294,-3.315,-8.251,0.0644,49.130877,16.809562,0.0,14.0,smooth
anonymous,1777128758003,-4.287,-3.320,-8.230,0.0462,49.130877,16.809562,0.0,14.0,smooth
anonymous,1777128758021,-4.316,-3.329,-8.226,0.0574,49.130877,16.809562,0.0,14.0,smooth
anonymous,1777128758035,-4.281,-3.344,-8.208,0.0331,49.130877,16.809562,0.0,14.0,smooth
anonymous,1777128758053,-4.313,-3.294,-8.279,0.0895,49.130877,16.809562,0.0,14.0,smooth
anonymous,1777128758069,-4.324,-3.312,-8.263,0.0868,49.130877,16.809562,0.0,14.0,smooth
anonymous,1777128758086,-4.295,-3.327,-8.218,0.0419,49.130877,16.809562,0.0,14.0,smooth
anonymous,1777128758103,-4.311,-3.305,-8.267,0.0818,49.130877,16.809562,0.0,14.0,smooth
anonymous,1777128758120,-4.299,-3.307,-8.243,0.0577,49.130877,16.809562,0.0,14.0,smooth
anonymous,1777128758137,-4.279,-3.322,-8.241,0.0519,49.130877,16.809562,0.0,14.0,smooth
anonymous,1777128758153,-4.334,-3.297,-8.244,0.0699,49.130877,16.809562,0.0,14.0,smooth
anonymous,1777128758170,-4.286,-3.291,-8.266,0.0652,49.130877,16.809562,0.0,14.0,smooth
anonymous,1777128758186,-4.356,-3.368,-8.293,0.1443,49.130877,16.809562,0.0,14.0,smooth
anonymous,1777128758203,-4.140,-3.402,-8.095,0.1023,49.130877,16.809562,0.0,14.0,smooth
anonymous,1777128758220,-4.526,-3.400,-8.176,0.1348,49.130877,16.809562,0.0,14.0,smooth
anonymous,1777128758236,-4.286,-3.252,-8.332,0.1082,49.130877,16.809562,0.0,14.0,smooth
anonymous,1777128758253,-4.163,-3.299,-8.233,0.0120,49.130877,16.809562,0.0,14.0,smooth
anonymous,1777128758270,-4.358,-3.398,-8.199,0.0776,49.130877,16.809562,0.0,14.0,smooth
anonymous,1777128758286,-4.290,-3.336,-8.218,0.0423,49.130877,16.809562,0.0,14.0,smooth
anonymous,1777128758302,-4.246,-3.327,-8.261,0.0556,49.130877,16.809562,0.0,14.0,smooth
anonymous,1777128758320,-4.282,-3.294,-8.263,0.0626,49.130877,16.809562,0.0,14.0,smooth
anonymous,1777128758336,-4.333,-3.329,-8.250,0.0848,49.130877,16.809562,0.0,14.0,smooth
anonymous,1777128758353,-4.292,-3.299,-8.288,0.0891,49.130877,16.809562,0.0,14.0,smooth
anonymous,1777128758370,-4.279,-3.268,-8.322,0.1019,49.130877,16.809562,0.0,14.0,smooth
anonymous,1777128758387,-4.329,-3.359,-8.154,0.0142,49.130877,16.809562,0.0,14.0,smooth
anonymous,1777128758403,-4.293,-3.385,-8.177,0.0264,49.130877,16.809562,0.0,14.0,smooth
anonymous,1777128758420,-4.233,-3.326,-8.245,0.0373,49.130877,16.809562,0.0,14.0,smooth
anonymous,1777128758436,-4.297,-3.288,-8.314,0.1091,49.130877,16.809562,0.0,14.0,smooth
anonymous,1777128758453,-4.304,-3.358,-8.196,0.0377,49.130877,16.809562,0.0,14.0,smooth
anonymous,1777128758470,-4.290,-3.356,-8.198,0.0326,49.130877,16.809562,0.0,14.0,smooth
anonymous,1777128758487,-4.261,-3.305,-8.289,0.0782,49.130877,16.809562,0.0,14.0,smooth
anonymous,1777128758503,-4.203,-3.330,-8.251,0.0305,49.130877,16.809562,0.0,14.0,smooth
anonymous,1777128758520,-4.322,-3.353,-8.228,0.0705,49.130877,16.809562,0.0,14.0,smooth
anonymous,1777128758536,-4.167,-3.317,-8.290,0.0436,49.130877,16.809562,0.0,14.0,smooth
anonymous,1777128758553,-4.280,-3.319,-8.296,0.0978,49.130877,16.809562,0.0,14.0,smooth
anonymous,1777128758570,-4.356,-3.310,-8.233,0.0751,49.130877,16.809562,0.0,14.0,smooth
anonymous,1777128758586,-4.195,-3.326,-8.240,0.0160,49.130877,16.809562,0.0,14.0,smooth
anonymous,1777128758603,-4.219,-3.304,-8.272,0.0460,49.130877,16.809562,0.0,14.0,smooth
anonymous,1777128758620,-4.334,-3.345,-8.218,0.0644,49.130877,16.809562,0.0,14.0,smooth
anonymous,1777128758636,-4.254,-3.325,-8.232,0.0347,49.130877,16.809562,0.0,14.0,smooth
anonymous,1777128758652,-4.284,-3.310,-8.259,0.0649,49.130877,16.809562,0.0,14.0,smooth
anonymous,1777128758670,-4.351,-3.330,-8.237,0.0828,49.130877,16.809562,0.0,14.0,smooth
anonymous,1777128758686,-4.299,-3.330,-8.208,0.0356,49.130877,16.809562,0.0,14.0,smooth
anonymous,1777128758703,-4.317,-3.326,-8.237,0.0662,49.130877,16.809562,0.0,14.0,smooth
anonymous,1777128758720,-4.290,-3.326,-8.231,0.0491,49.130877,16.809562,0.0,14.0,smooth
anonymous,1777128758736,-4.296,-3.324,-8.235,0.0558,49.130877,16.809562,0.0,14.0,smooth
anonymous,1777128758752,-4.329,-3.322,-8.235,0.0686,49.130877,16.809562,0.0,14.0,smooth
anonymous,1777128758770,-4.277,-3.339,-8.221,0.0405,49.130877,16.809562,0.0,14.0,smooth
anonymous,1777128758786,-4.316,-3.324,-8.237,0.0649,49.130877,16.809562,0.0,14.0,smooth
anonymous,1777128758803,-4.328,-3.340,-8.234,0.0739,49.130877,16.809562,0.0,14.0,smooth
anonymous,1777128758821,-4.306,-3.339,-8.223,0.0549,49.130877,16.809562,0.0,14.0,smooth
anonymous,1777128758836,-4.313,-3.337,-8.234,0.0665,49.130877,16.809562,0.0,14.0,smooth
anonymous,1777128758853,-4.295,-3.334,-8.235,0.0580,49.130877,16.809562,0.0,14.0,smooth
anonymous,1777128758870,-4.322,-3.332,-8.235,0.0688,49.130877,16.809562,0.0,14.0,smooth
anonymous,1777128758886,-4.301,-3.330,-8.234,0.0583,49.130877,16.809562,0.0,14.0,smooth
anonymous,1777128758903,-4.325,-3.334,-8.224,0.0619,49.130877,16.809562,0.0,14.0,smooth
anonymous,1777128758920,-4.316,-3.336,-8.229,0.0632,49.130877,16.809562,0.0,14.0,smooth
anonymous,1777128758937,-4.296,-3.331,-8.225,0.0489,49.130877,16.809562,0.0,14.0,smooth
anonymous,1777128758953,-4.332,-3.318,-8.233,0.0669,49.130877,16.809562,0.0,14.0,smooth
anonymous,1777128758969,-4.252,-3.317,-8.190,0.0039,49.130877,16.809562,0.0,14.0,smooth
anonymous,1777128758987,-4.332,-3.324,-8.260,0.0910,49.130877,16.809562,0.0,14.0,smooth
anonymous,1777128759003,-4.278,-3.350,-8.213,0.0378,49.130877,16.809562,0.0,14.0,smooth
anonymous,1777128759020,-4.332,-3.320,-8.269,0.0975,49.130877,16.809562,0.0,14.0,smooth
anonymous,1777128759036,-4.288,-3.339,-8.203,0.0304,49.130877,16.809562,0.0,14.0,smooth
anonymous,1777128759053,-4.322,-3.320,-8.257,0.0835,49.130877,16.809562,0.0,3.5,smooth
anonymous,1777128759069,-4.329,-3.347,-8.210,0.0562,49.130877,16.809562,0.0,3.5,smooth
anonymous,1777128759086,-4.309,-3.330,-8.254,0.0788,49.130877,16.809562,0.0,3.5,smooth
anonymous,1777128759103,-4.291,-3.344,-8.207,0.0365,49.130877,16.809562,0.0,3.5,smooth
anonymous,1777128759120,-4.313,-3.337,-8.250,0.0797,49.130877,16.809562,0.0,3.5,smooth
anonymous,1777128759136,-4.296,-3.330,-8.234,0.0568,49.130877,16.809562,0.0,3.5,smooth
anonymous,1777128759153,-4.258,-3.326,-8.234,0.0386,49.130877,16.809562,0.0,3.5,smooth
anonymous,1777128759170,-4.340,-3.341,-8.211,0.0601,49.130877,16.809562,0.0,3.5,smooth
anonymous,1777128759186,-4.295,-3.320,-8.254,0.0692,49.130877,16.809562,0.0,3.5,smooth
anonymous,1777128759202,-4.322,-3.339,-8.208,0.0495,49.130877,16.809562,0.0,3.5,smooth
anonymous,1777128759220,-4.283,-3.334,-8.215,0.0364,49.130877,16.809562,0.0,3.5,smooth
anonymous,1777128759236,-4.314,-3.346,-8.209,0.0485,49.130877,16.809562,0.0,3.5,smooth
anonymous,1777128759253,-4.305,-3.333,-8.237,0.0638,49.130877,16.809562,0.0,3.5,smooth
anonymous,1777128759269,-4.327,-3.333,-8.236,0.0723,49.130877,16.809562,0.0,3.5,smooth
anonymous,1777128759286,-4.311,-3.335,-8.236,0.0657,49.130877,16.809562,0.0,3.5,smooth
anonymous,1777128759303,-4.293,-3.335,-8.224,0.0482,49.130877,16.809562,0.0,3.5,smooth
anonymous,1777128759319,-4.309,-3.335,-8.223,0.0546,49.130877,16.809562,0.0,3.5,smooth
anonymous,1777128759337,-4.278,-3.336,-8.227,0.0451,49.130877,16.809562,0.0,3.5,smooth
anonymous,1777128759352,-4.308,-3.331,-8.224,0.0535,49.130877,16.809562,0.0,3.5,smooth
anonymous,1777128759370,-4.306,-3.332,-8.229,0.0570,49.130877,16.809562,0.0,3.5,smooth
anonymous,1777128759386,-4.317,-3.334,-8.221,0.0559,49.130877,16.809562,0.0,3.5,smooth
anonymous,1777128759436,-3.993,-3.032,-8.565,0.1148,49.130877,16.809562,0.0,3.5,smooth
anonymous,1777128759452,-4.672,-3.542,-7.974,0.0878,49.130877,16.809562,0.0,3.5,smooth
anonymous,1777128759469,-4.480,-3.447,-8.009,0.0070,49.130877,16.809562,0.0,3.5,smooth
anonymous,1777128759485,-4.225,-3.277,-8.261,0.0309,49.130877,16.809562,0.0,3.5,smooth
